"parliament_id","snapshot_day","pers_id","parliament_size"
"NO_NT_1916",1916-01-11,"NO_Nygaardsvold_Johan_1879",123
"NO_NT_1919",1919-01-11,"NO_Djupvik_Anton-Olai-Normann-Ingebrigtsen_1881",126
"NO_NT_1919",1919-01-11,"NO_Hambro_Carl-Joachim_1885",126
"NO_NT_1919",1919-01-11,"NO_Nygaardsvold_Johan_1879",126
"NO_NT_1922",1922-01-11,"NO_Alvestad_Anton-Ludvik_1883",150
"NO_NT_1922",1922-01-11,"NO_Hambro_Carl-Joachim_1885",150
"NO_NT_1922",1922-01-11,"NO_Ingebrigtsen_Aldor_1888",150
"NO_NT_1922",1922-01-11,"NO_Kirkeby-Garstad_Ivar-Larsen_1877",150
"NO_NT_1922",1922-01-11,"NO_Monsen_Fredrik_1878",150
"NO_NT_1922",1922-01-11,"NO_Moseid_Gabriel-Endresen_1882",150
"NO_NT_1922",1922-01-11,"NO_Nygaardsvold_Johan_1879",150
"NO_NT_1922",1922-01-11,"NO_Stoestad_Sverre-Kornelius-Eilertsen_1887",150
"NO_NT_1925",1925-01-11,"NO_Alvestad_Anton-Ludvik_1883",150
"NO_NT_1925",1925-01-11,"NO_Djupvik_Anton-Olai-Normann-Ingebrigtsen_1881",150
"NO_NT_1925",1925-01-11,"NO_Hambro_Carl-Joachim_1885",150
"NO_NT_1925",1925-01-11,"NO_Ingebrigtsen_Aldor_1888",150
"NO_NT_1925",1925-01-11,"NO_Kirkeby-Garstad_Ivar-Larsen_1877",150
"NO_NT_1925",1925-01-11,"NO_Lothe_Jakob-Mathias-Antonson_1881",150
"NO_NT_1925",1925-01-11,"NO_Monsen_Fredrik_1878",150
"NO_NT_1925",1925-01-11,"NO_Moseid_Gabriel-Endresen_1882",150
"NO_NT_1925",1925-01-11,"NO_Nygaardsvold_Johan_1879",150
"NO_NT_1925",1925-01-11,"NO_Petershagen_Eivind_1888",150
"NO_NT_1925",1925-01-11,"NO_Skogen_Ketil_1884",150
"NO_NT_1925",1925-01-11,"NO_Stoestad_Sverre-Kornelius-Eilertsen_1887",150
"NO_NT_1928",1928-01-11,"NO_Alvestad_Anton-Ludvik_1883",150
"NO_NT_1928",1928-01-11,"NO_Djupvik_Anton-Olai-Normann-Ingebrigtsen_1881",150
"NO_NT_1928",1928-01-11,"NO_Hambro_Carl-Joachim_1885",150
"NO_NT_1928",1928-01-11,"NO_Ingebrigtsen_Aldor_1888",150
"NO_NT_1928",1928-01-11,"NO_Kirkeby-Garstad_Ivar-Larsen_1877",150
"NO_NT_1928",1928-01-11,"NO_Mannsaaker_Jon-Joerundson_1880",150
"NO_NT_1928",1928-01-11,"NO_Moen_Lars-Magnus_1885",150
"NO_NT_1928",1928-01-11,"NO_Monsen_Fredrik_1878",150
"NO_NT_1928",1928-01-11,"NO_Moseid_Gabriel-Endresen_1882",150
"NO_NT_1928",1928-01-11,"NO_Nygaardsvold_Johan_1879",150
"NO_NT_1928",1928-01-11,"NO_Oksvik_Olav-Berntsen_1887",150
"NO_NT_1928",1928-01-11,"NO_Romundstad_Lars-Sverkeson_1885",150
"NO_NT_1928",1928-01-11,"NO_Stoestad_Sverre-Kornelius-Eilertsen_1887",150
"NO_NT_1928",1928-01-11,"NO_Versto_Olav-Aslakson_1892",150
"NO_NT_1928",1928-01-11,"NO_Wiik_Johan_1885",150
"NO_NT_1931",1931-01-11,"NO_Alvestad_Anton-Ludvik_1883",150
"NO_NT_1931",1931-01-11,"NO_Andraa_Jon_1888",150
"NO_NT_1931",1931-01-11,"NO_Djupvik_Anton-Olai-Normann-Ingebrigtsen_1881",150
"NO_NT_1931",1931-01-11,"NO_Haavardstad_Torvald_1893",150
"NO_NT_1931",1931-01-11,"NO_Hambro_Carl-Joachim_1885",150
"NO_NT_1931",1931-01-11,"NO_Ingebrigtsen_Aldor_1888",150
"NO_NT_1931",1931-01-11,"NO_Kirkeby-Garstad_Ivar-Larsen_1877",150
"NO_NT_1931",1931-01-11,"NO_Lothe_Jakob-Mathias-Antonson_1881",150
"NO_NT_1931",1931-01-11,"NO_Mannsaaker_Jon-Joerundson_1880",150
"NO_NT_1931",1931-01-11,"NO_Moen_Lars-Magnus_1885",150
"NO_NT_1931",1931-01-11,"NO_Monsen_Fredrik_1878",150
"NO_NT_1931",1931-01-11,"NO_Moseid_Gabriel-Endresen_1882",150
"NO_NT_1931",1931-01-11,"NO_Nygaardsvold_Johan_1879",150
"NO_NT_1931",1931-01-11,"NO_Oksvik_Olav-Berntsen_1887",150
"NO_NT_1931",1931-01-11,"NO_Romundstad_Lars-Sverkeson_1885",150
"NO_NT_1931",1931-01-11,"NO_Stoestad_Sverre-Kornelius-Eilertsen_1887",150
"NO_NT_1931",1931-01-11,"NO_Versto_Olav-Aslakson_1892",150
"NO_NT_1931",1931-01-11,"NO_Vinje_Torkell_1879",150
"NO_NT_1931",1931-01-11,"NO_Wiik_Johan_1885",150
"NO_NT_1934",1934-01-11,"NO_Alvestad_Anton-Ludvik_1883",150
"NO_NT_1934",1934-01-11,"NO_Andraa_Jon_1888",150
"NO_NT_1934",1934-01-11,"NO_Haavardstad_Torvald_1893",150
"NO_NT_1934",1934-01-11,"NO_Hambro_Carl-Joachim_1885",150
"NO_NT_1934",1934-01-11,"NO_Hognestad_Ivar-Kristiansen_1888",150
"NO_NT_1934",1934-01-11,"NO_Ingebrigtsen_Aldor_1888",150
"NO_NT_1934",1934-01-11,"NO_Kirkeby-Garstad_Ivar-Larsen_1877",150
"NO_NT_1934",1934-01-11,"NO_Korslund_Bernt_1889",150
"NO_NT_1934",1934-01-11,"NO_Lavik_Nils-Andresson_1884",150
"NO_NT_1934",1934-01-11,"NO_Lothe_Jakob-Mathias-Antonson_1881",150
"NO_NT_1934",1934-01-11,"NO_Moen_Lars-Magnus_1885",150
"NO_NT_1934",1934-01-11,"NO_Monsen_Fredrik_1878",150
"NO_NT_1934",1934-01-11,"NO_Moseid_Gabriel-Endresen_1882",150
"NO_NT_1934",1934-01-11,"NO_Nielsen_Sven_1883",150
"NO_NT_1934",1934-01-11,"NO_Nygaardsvold_Johan_1879",150
"NO_NT_1934",1934-01-11,"NO_Oksvik_Olav-Berntsen_1887",150
"NO_NT_1934",1934-01-11,"NO_Olsen_Ulrik_1885",150
"NO_NT_1934",1934-01-11,"NO_Romundstad_Lars-Sverkeson_1885",150
"NO_NT_1934",1934-01-11,"NO_Skarholt_Amund-Rasmussen_1892",150
"NO_NT_1934",1934-01-11,"NO_Smeby_Martin_1891",150
"NO_NT_1934",1934-01-11,"NO_Steffensen_Jens-Olai_1891",150
"NO_NT_1934",1934-01-11,"NO_Stoestad_Sverre-Kornelius-Eilertsen_1887",150
"NO_NT_1934",1934-01-11,"NO_Traedal_Nils_1879",150
"NO_NT_1934",1934-01-11,"NO_Versto_Olav-Aslakson_1892",150
"NO_NT_1934",1934-01-11,"NO_Vinje_Torkell_1879",150
"NO_NT_1934",1934-01-11,"NO_Wiik_Johan_1885",150
"NO_NT_1937",1937-01-11,"NO_Alsvik_Peder_1882",150
"NO_NT_1937",1937-01-11,"NO_Andraa_Jon_1888",150
"NO_NT_1937",1937-01-11,"NO_Groenland_Laurits_1887",150
"NO_NT_1937",1937-01-11,"NO_Haavardstad_Torvald_1893",150
"NO_NT_1937",1937-01-11,"NO_Hambro_Carl-Joachim_1885",150
"NO_NT_1937",1937-01-11,"NO_Hognestad_Ivar-Kristiansen_1888",150
"NO_NT_1937",1937-01-11,"NO_Ingebrigtsen_Aldor_1888",150
"NO_NT_1937",1937-01-11,"NO_Johansen_Magnus_1886",150
"NO_NT_1937",1937-01-11,"NO_Kirkeby-Garstad_Ivar-Larsen_1877",150
"NO_NT_1937",1937-01-11,"NO_Kjoes_Alv_1894",150
"NO_NT_1937",1937-01-11,"NO_Knudsen_Konrad-Gustav_1890",150
"NO_NT_1937",1937-01-11,"NO_Korslund_Bernt_1889",150
"NO_NT_1937",1937-01-11,"NO_Kulien_Aasmund_1893",150
"NO_NT_1937",1937-01-11,"NO_Lavik_Nils-Andresson_1884",150
"NO_NT_1937",1937-01-11,"NO_Lie_Trygve_1896",150
"NO_NT_1937",1937-01-11,"NO_Lothe_Jakob-Mathias-Antonson_1881",150
"NO_NT_1937",1937-01-11,"NO_Meisdalshagen_Olav_1903",150
"NO_NT_1937",1937-01-11,"NO_Moen_Lars-Magnus_1885",150
"NO_NT_1937",1937-01-11,"NO_Monsen_Fredrik_1878",150
"NO_NT_1937",1937-01-11,"NO_Moseid_Gabriel-Endresen_1882",150
"NO_NT_1937",1937-01-11,"NO_Natvig-Pedersen_Gustav_1893",150
"NO_NT_1937",1937-01-11,"NO_Nielsen_Sven_1883",150
"NO_NT_1937",1937-01-11,"NO_Nilsen_Alfred-Sigurd_1891",150
"NO_NT_1937",1937-01-11,"NO_Nygaardsvold_Johan_1879",150
"NO_NT_1937",1937-01-11,"NO_Oeraker_Svein-Olsen_1886",150
"NO_NT_1937",1937-01-11,"NO_Oksvik_Olav-Berntsen_1887",150
"NO_NT_1937",1937-01-11,"NO_Olsen_Ulrik_1885",150
"NO_NT_1937",1937-01-11,"NO_Romundstad_Lars-Sverkeson_1885",150
"NO_NT_1937",1937-01-11,"NO_Skarholt_Amund-Rasmussen_1892",150
"NO_NT_1937",1937-01-11,"NO_Smeby_Martin_1891",150
"NO_NT_1937",1937-01-11,"NO_Solberg_John-August_1881",150
"NO_NT_1937",1937-01-11,"NO_Steffensen_Jens-Olai_1891",150
"NO_NT_1937",1937-01-11,"NO_Stoestad_Sverre-Kornelius-Eilertsen_1887",150
"NO_NT_1937",1937-01-11,"NO_Strand_Knut-Olaf-Andreasson_1887",150
"NO_NT_1937",1937-01-11,"NO_Svarstad_Hans_1883",150
"NO_NT_1937",1937-01-11,"NO_Sverdrup_Cato-Andreas_1896",150
"NO_NT_1937",1937-01-11,"NO_Torp_Harald-Houge_1890",150
"NO_NT_1937",1937-01-11,"NO_Torp_Oscar-Fredrik_1893",150
"NO_NT_1937",1937-01-11,"NO_Versto_Olav-Aslakson_1892",150
"NO_NT_1937",1937-01-11,"NO_Vinje_Torkell_1879",150
"NO_NT_1937",1937-01-11,"NO_Wiik_Johan_1885",150
"NO_NT_1937",1937-01-11,"NO_Wika_Haakon-Olsen_1899",150
"NO_NT_1937",1937-01-11,"NO_Wright_Carl-August-Petersen_1893",150
"NO_NT_1945",1945-12-04,"NO_Alsvik_Peder_1882",150
"NO_NT_1945",1945-12-04,"NO_Andersen_Johan_1902",150
"NO_NT_1945",1945-12-04,"NO_Andraa_Jon_1888",150
"NO_NT_1945",1945-12-04,"NO_Arntzen_Arthur_1906",150
"NO_NT_1945",1945-12-04,"NO_Bae_Ivar_1897",150
"NO_NT_1945",1945-12-04,"NO_Benum_Olav_1897",150
"NO_NT_1945",1945-12-04,"NO_Berg_Kittill-Kristoffersen_1903",150
"NO_NT_1945",1945-12-04,"NO_Berntsen_Parelius-Hjalmar-Bang_1910",150
"NO_NT_1945",1945-12-04,"NO_Berthelsen_Bernhard_1897",150
"NO_NT_1945",1945-12-04,"NO_Bettum_Frithjof_1900",150
"NO_NT_1945",1945-12-04,"NO_Boeyum_Anders-Johanneson_1890",150
"NO_NT_1945",1945-12-04,"NO_Bredal_Wilhelm-Engel_1907",150
"NO_NT_1945",1945-12-04,"NO_Breie_Lars_1907",150
"NO_NT_1945",1945-12-04,"NO_Breivoll_Haakon-Martin_1886",150
"NO_NT_1945",1945-12-04,"NO_Broch_Theodor_1904",150
"NO_NT_1945",1945-12-04,"NO_Burull_Leif-Bjorholt_1895",150
"NO_NT_1945",1945-12-04,"NO_Dahl_Joachim_1892",150
"NO_NT_1945",1945-12-04,"NO_Dahloe_Paul-Martin_1885",150
"NO_NT_1945",1945-12-04,"NO_Dalland_Randulf_1900",150
"NO_NT_1945",1945-12-04,"NO_Djupvik_Anton-Olai-Normann-Ingebrigtsen_1881",150
"NO_NT_1945",1945-12-04,"NO_Eidnes_Hans_1887",150
"NO_NT_1945",1945-12-04,"NO_Engelstad_Gunvald_1900",150
"NO_NT_1945",1945-12-04,"NO_Eriksen_Eivind-Kristoffer_1893",150
"NO_NT_1945",1945-12-04,"NO_Evensen_Tidemann-Flaata_1905",150
"NO_NT_1945",1945-12-04,"NO_Firing_Joergen-Leonard_1894",150
"NO_NT_1945",1945-12-04,"NO_Fjermeros_Karl-Johan_1885",150
"NO_NT_1945",1945-12-04,"NO_Flataboe_Isak-Larsson_1896",150
"NO_NT_1945",1945-12-04,"NO_Fredriksfryd_Erling_1905",150
"NO_NT_1945",1945-12-04,"NO_Friis_Jakob-Johan-Sigfrid_1883",150
"NO_NT_1945",1945-12-04,"NO_Frogner_Einar_1893",150
"NO_NT_1945",1945-12-04,"NO_Granli_Leif_1909",150
"NO_NT_1945",1945-12-04,"NO_Groener_Leif_1884",150
"NO_NT_1945",1945-12-04,"NO_Groenland_Laurits_1887",150
"NO_NT_1945",1945-12-04,"NO_Haldorsen_Haldor-Andreas_1883",150
"NO_NT_1945",1945-12-04,"NO_Hambro_Carl-Joachim_1885",150
"NO_NT_1945",1945-12-04,"NO_Hammerstedt_Karl-Eugen_1903",150
"NO_NT_1945",1945-12-04,"NO_Hansen_Haarek-Ludvig_1901",150
"NO_NT_1945",1945-12-04,"NO_Hansteen_Kirsten_1903",150
"NO_NT_1945",1945-12-04,"NO_Hareide_Einar_1899",150
"NO_NT_1945",1945-12-04,"NO_Haugen_Ingvald_1894",150
"NO_NT_1945",1945-12-04,"NO_Henry_Carl_1905",150
"NO_NT_1945",1945-12-04,"NO_Hoensvald_Nils_1899",150
"NO_NT_1945",1945-12-04,"NO_Hognestad_Ivar-Kristiansen_1888",150
"NO_NT_1945",1945-12-04,"NO_Hope_Sverre_1902",150
"NO_NT_1945",1945-12-04,"NO_Hove_Anders_1885",150
"NO_NT_1945",1945-12-04,"NO_Ingebrigtsen_Aldor_1888",150
"NO_NT_1945",1945-12-04,"NO_Ingvaldsen_Bernt_1902",150
"NO_NT_1945",1945-12-04,"NO_Jacobsen_Henry_1898",150
"NO_NT_1945",1945-12-04,"NO_Jacobsen_Nils-Kristen_1908",150
"NO_NT_1945",1945-12-04,"NO_Jenssen_Jens-Martin-Arctander_1885",150
"NO_NT_1945",1945-12-04,"NO_Johansen_Arvid_1910",150
"NO_NT_1945",1945-12-04,"NO_Johansen_Magnus_1886",150
"NO_NT_1945",1945-12-04,"NO_Johnsen_Haakon_1914",150
"NO_NT_1945",1945-12-04,"NO_Kjoes_Alv_1894",150
"NO_NT_1945",1945-12-04,"NO_Knudsen_Konrad-Gustav_1890",150
"NO_NT_1945",1945-12-04,"NO_Kulien_Aasmund_1893",150
"NO_NT_1945",1945-12-04,"NO_Lavik_Nils-Andresson_1884",150
"NO_NT_1945",1945-12-04,"NO_Leirfall_Jon_1899",150
"NO_NT_1945",1945-12-04,"NO_Lersbryggen_Sigurd_1901",150
"NO_NT_1945",1945-12-04,"NO_Lid_Mons_1896",150
"NO_NT_1945",1945-12-04,"NO_Lindebraekke_Sjur_1909",150
"NO_NT_1945",1945-12-04,"NO_Loebak_Harald-Johan_1904",150
"NO_NT_1945",1945-12-04,"NO_Loeberg_Sverre-Offenberg_1905",150
"NO_NT_1945",1945-12-04,"NO_Loevlien_Emil_1899",150
"NO_NT_1945",1945-12-04,"NO_Lothe_Jakob-Mathias-Antonson_1881",150
"NO_NT_1945",1945-12-04,"NO_Lunde_Jens_1884",150
"NO_NT_1945",1945-12-04,"NO_Lyng_John_1905",150
"NO_NT_1945",1945-12-04,"NO_Lyngstad_Ola-Torstensen_1894",150
"NO_NT_1945",1945-12-04,"NO_Markussen_Toralv-Kollin_1895",150
"NO_NT_1945",1945-12-04,"NO_Meisdalshagen_Olav_1903",150
"NO_NT_1945",1945-12-04,"NO_Moen_Lars-Magnus_1885",150
"NO_NT_1945",1945-12-04,"NO_Moen_Soeren-Berg-Soerensen_1899",150
"NO_NT_1945",1945-12-04,"NO_Moljord_Kristian-Magnus-Falsen-Johansen_1882",150
"NO_NT_1945",1945-12-04,"NO_Monsen_Fredrik_1878",150
"NO_NT_1945",1945-12-04,"NO_Moseid_Gabriel-Endresen_1882",150
"NO_NT_1945",1945-12-04,"NO_Natvig-Pedersen_Gustav_1893",150
"NO_NT_1945",1945-12-04,"NO_Nielsen_Sven_1883",150
"NO_NT_1945",1945-12-04,"NO_Noddeland_Anders-Tjoestolvsen_1885",150
"NO_NT_1945",1945-12-04,"NO_Norevik_Ivar-Jacobsen_1900",150
"NO_NT_1945",1945-12-04,"NO_Nygaardsvold_Johan_1879",150
"NO_NT_1945",1945-12-04,"NO_Nylund_Olav-Kjetilson_1903",150
"NO_NT_1945",1945-12-04,"NO_Oeraker_Svein-Olsen_1886",150
"NO_NT_1945",1945-12-04,"NO_Oftedal_Christian-Stephansen_1907",150
"NO_NT_1945",1945-12-04,"NO_Oksvik_Olav-Berntsen_1887",150
"NO_NT_1945",1945-12-04,"NO_Olsen_Claudia_1896",150
"NO_NT_1945",1945-12-04,"NO_Olsen_Johannes-Olai_1895",150
"NO_NT_1945",1945-12-04,"NO_Olsen_Oscar_1908",150
"NO_NT_1945",1945-12-04,"NO_Olsen_Ulrik_1885",150
"NO_NT_1945",1945-12-04,"NO_Pedersen_Johanne-Samueline_1887",150
"NO_NT_1945",1945-12-04,"NO_Pettersen_Jakob-Martin_1899",150
"NO_NT_1945",1945-12-04,"NO_Ramndal_Lars_1893",150
"NO_NT_1945",1945-12-04,"NO_Ratvik_Hans-Ingvald-Hansen_1883",150
"NO_NT_1945",1945-12-04,"NO_Reiten_Sverre_1891",150
"NO_NT_1945",1945-12-04,"NO_Remseth_Jakob-Martinus_1897",150
"NO_NT_1945",1945-12-04,"NO_Robberstad_Henrik-Friis_1901",150
"NO_NT_1945",1945-12-04,"NO_Roeiseland_Bent_1902",150
"NO_NT_1945",1945-12-04,"NO_Romundstad_Lars-Sverkeson_1885",150
"NO_NT_1945",1945-12-04,"NO_Rong-dy_Ole-Jensen_1885",150
"NO_NT_1945",1945-12-04,"NO_Rostad_Arne_1894",150
"NO_NT_1945",1945-12-04,"NO_Ryen_Anton_1894",150
"NO_NT_1945",1945-12-04,"NO_Rysstad_Aani-Aanisson_1894",150
"NO_NT_1945",1945-12-04,"NO_Schioett_Margit_1889",150
"NO_NT_1945",1945-12-04,"NO_Selaas_Harald_1908",150
"NO_NT_1945",1945-12-04,"NO_Seweriin_Rakel_1906",150
"NO_NT_1945",1945-12-04,"NO_Skare_Astrid_1891",150
"NO_NT_1945",1945-12-04,"NO_Skarholt_Amund-Rasmussen_1892",150
"NO_NT_1945",1945-12-04,"NO_Skoglund_Klara-Amalie_1891",150
"NO_NT_1945",1945-12-04,"NO_Smeby_Martin_1891",150
"NO_NT_1945",1945-12-04,"NO_Smith-Soerensen_Soeren-Hans_1885",150
"NO_NT_1945",1945-12-04,"NO_Smitt-Ingebretsen_Herman_1891",150
"NO_NT_1945",1945-12-04,"NO_Soerensen_Olaf_1892",150
"NO_NT_1945",1945-12-04,"NO_Solberg_Asbjoern_1893",150
"NO_NT_1945",1945-12-04,"NO_Stavang_Einar-Magnus_1898",150
"NO_NT_1945",1945-12-04,"NO_Steffensen_Jens-Olai_1891",150
"NO_NT_1945",1945-12-04,"NO_Stoestad_Sverre-Kornelius-Eilertsen_1887",150
"NO_NT_1945",1945-12-04,"NO_Strand-Johansen_Johan_1903",150
"NO_NT_1945",1945-12-04,"NO_Stranger_Rolf_1891",150
"NO_NT_1945",1945-12-04,"NO_Stroem_Arne-Torolf_1901",150
"NO_NT_1945",1945-12-04,"NO_Sunde_Paul-Tjoestolsen_1896",150
"NO_NT_1945",1945-12-04,"NO_Sundt_Arthur_1899",150
"NO_NT_1945",1945-12-04,"NO_Svalastog_Olav_1896",150
"NO_NT_1945",1945-12-04,"NO_Svarstad_Hans_1883",150
"NO_NT_1945",1945-12-04,"NO_Svendsen_Hartvig_1902",150
"NO_NT_1945",1945-12-04,"NO_Sverdrup_Cato-Andreas_1896",150
"NO_NT_1945",1945-12-04,"NO_Svinsaas-Lo_Ingvald_1897",150
"NO_NT_1945",1945-12-04,"NO_Tandberg_Gudbrand-Bernhardsen_1903",150
"NO_NT_1945",1945-12-04,"NO_Tellander_Kjell_1899",150
"NO_NT_1945",1945-12-04,"NO_Toendel_Ingvald_1887",150
"NO_NT_1945",1945-12-04,"NO_Traedal_Nils_1879",150
"NO_NT_1945",1945-12-04,"NO_Tveit_Nils_1876",150
"NO_NT_1945",1945-12-04,"NO_Utheim_Trygve_1884",150
"NO_NT_1945",1945-12-04,"NO_Vaagnes_Alfred-Leonard-Kristian_1880",150
"NO_NT_1945",1945-12-04,"NO_Vatnaland_Lars-Elisaeus_1892",150
"NO_NT_1945",1945-12-04,"NO_Versto_Olav-Aslakson_1892",150
"NO_NT_1945",1945-12-04,"NO_Vinje_Torkell_1879",150
"NO_NT_1945",1945-12-04,"NO_Vogt_Joergen-Herman_1900",150
"NO_NT_1945",1945-12-04,"NO_Watnebryn_Olaf-Fredrik_1908",150
"NO_NT_1945",1945-12-04,"NO_Westerlund_Carl-Julius-Alvin_1885",150
"NO_NT_1945",1945-12-04,"NO_Wiik_Johan_1885",150
"NO_NT_1945",1945-12-04,"NO_Wika_Haakon-Olsen_1899",150
"NO_NT_1945",1945-12-04,"NO_Wikborg_Erling_1894",150
"NO_NT_1945",1945-12-04,"NO_Wold_Terje_1899",150
"NO_NT_1945",1945-12-04,"NO_Wright_Carl-August-Petersen_1893",150
"NO_NT_1950",1950-01-11,"NO_Aamo_Reidar-Magnus_1898",150
"NO_NT_1950",1950-01-11,"NO_Almaas_Per_1898",150
"NO_NT_1950",1950-01-11,"NO_Alsvik_Peder_1882",150
"NO_NT_1950",1950-01-11,"NO_Alvestad_Anton-Ludvik_1883",150
"NO_NT_1950",1950-01-11,"NO_Andersen_Johan_1902",150
"NO_NT_1950",1950-01-11,"NO_Arntzen_Arthur_1906",150
"NO_NT_1950",1950-01-11,"NO_Benum_Olav_1897",150
"NO_NT_1950",1950-01-11,"NO_Berge_Anton_1892",150
"NO_NT_1950",1950-01-11,"NO_Berge_Torgeir-Andreas_1897",150
"NO_NT_1950",1950-01-11,"NO_Berntsen_Parelius-Hjalmar-Bang_1910",150
"NO_NT_1950",1950-01-11,"NO_Berthelsen_Bernhard_1897",150
"NO_NT_1950",1950-01-11,"NO_Bjerkeseth_Haldor_1883",150
"NO_NT_1950",1950-01-11,"NO_Boeyum_Anders-Johanneson_1890",150
"NO_NT_1950",1950-01-11,"NO_Bondevik_Kjell_1901",150
"NO_NT_1950",1950-01-11,"NO_Borgen_Hans_1908",150
"NO_NT_1950",1950-01-11,"NO_Borten_Per_1913",150
"NO_NT_1950",1950-01-11,"NO_Bratteli_Trygve_1910",150
"NO_NT_1950",1950-01-11,"NO_Bredal_Wilhelm-Engel_1907",150
"NO_NT_1950",1950-01-11,"NO_Breie_Lars_1907",150
"NO_NT_1950",1950-01-11,"NO_Breivoll_Haakon-Martin_1886",150
"NO_NT_1950",1950-01-11,"NO_Bunkholt_Halvor_1903",150
"NO_NT_1950",1950-01-11,"NO_Christie_Hartvig-Caspar_1893",150
"NO_NT_1950",1950-01-11,"NO_Dahl_Joachim_1892",150
"NO_NT_1950",1950-01-11,"NO_Dahloe_Paul-Martin_1885",150
"NO_NT_1950",1950-01-11,"NO_Edvardsen_Karl-Johan_1883",150
"NO_NT_1950",1950-01-11,"NO_Enge_Jonas_1908",150
"NO_NT_1950",1950-01-11,"NO_Engelstad_Gunvald_1900",150
"NO_NT_1950",1950-01-11,"NO_Evensen_Tidemann-Flaata_1905",150
"NO_NT_1950",1950-01-11,"NO_Evju_Hans-Oskar_1886",150
"NO_NT_1950",1950-01-11,"NO_Flataboe_Isak-Larsson_1896",150
"NO_NT_1950",1950-01-11,"NO_Fredriksfryd_Erling_1905",150
"NO_NT_1950",1950-01-11,"NO_Friis_Jakob-Johan-Sigfrid_1883",150
"NO_NT_1950",1950-01-11,"NO_Frogner_Einar_1893",150
"NO_NT_1950",1950-01-11,"NO_Gjoerwad_Sverre_1885",150
"NO_NT_1950",1950-01-11,"NO_Granli_Leif_1909",150
"NO_NT_1950",1950-01-11,"NO_Granum_Guttorm_1904",150
"NO_NT_1950",1950-01-11,"NO_Grytnes_Kristoffer-Skaane_1887",150
"NO_NT_1950",1950-01-11,"NO_Gundersen_Ragnvald-Marensius_1907",150
"NO_NT_1950",1950-01-11,"NO_Haavardstad_Torvald_1893",150
"NO_NT_1950",1950-01-11,"NO_Hagelia_Magnhild_1904",150
"NO_NT_1950",1950-01-11,"NO_Haldorsen_Haldor-Andreas_1883",150
"NO_NT_1950",1950-01-11,"NO_Hambro_Carl-Joachim_1885",150
"NO_NT_1950",1950-01-11,"NO_Hareide_Einar_1899",150
"NO_NT_1950",1950-01-11,"NO_Hegna_Trond_1898",150
"NO_NT_1950",1950-01-11,"NO_Hognestad_Ivar-Kristiansen_1888",150
"NO_NT_1950",1950-01-11,"NO_Holm_Chr-L_1892",150
"NO_NT_1950",1950-01-11,"NO_Hope_Sverre_1902",150
"NO_NT_1950",1950-01-11,"NO_Hove_Anders_1885",150
"NO_NT_1950",1950-01-11,"NO_Ingebretsen_Paul_1904",150
"NO_NT_1950",1950-01-11,"NO_Ingebrigtsen_Aldor_1888",150
"NO_NT_1950",1950-01-11,"NO_Ingvaldsen_Bernt_1902",150
"NO_NT_1950",1950-01-11,"NO_Iveland_Einar_1892",150
"NO_NT_1950",1950-01-11,"NO_Jacobsen_Henry_1898",150
"NO_NT_1950",1950-01-11,"NO_Jacobsen_Nils-Kristen_1908",150
"NO_NT_1950",1950-01-11,"NO_Jacobsen_Peder-Nikolai-Leier_1888",150
"NO_NT_1950",1950-01-11,"NO_Jaklin_Ingvald-Johannes_1896",150
"NO_NT_1950",1950-01-11,"NO_Johansen_Arnold-Carl_1898",150
"NO_NT_1950",1950-01-11,"NO_Johnsen_Haakon_1914",150
"NO_NT_1950",1950-01-11,"NO_Kalrasten_Gunnar_1905",150
"NO_NT_1950",1950-01-11,"NO_Kandahl_Torolv_1899",150
"NO_NT_1950",1950-01-11,"NO_Karlstroem_Cornelius_1897",150
"NO_NT_1950",1950-01-11,"NO_Kjoes_Alv_1894",150
"NO_NT_1950",1950-01-11,"NO_Klippenvaag_Harry-Johan-Olai_1913",150
"NO_NT_1950",1950-01-11,"NO_Knudsen_Konrad-Gustav_1890",150
"NO_NT_1950",1950-01-11,"NO_Kobbe_Ole-Mikal_1881",150
"NO_NT_1950",1950-01-11,"NO_Kulien_Aasmund_1893",150
"NO_NT_1950",1950-01-11,"NO_Lange_Carl-Viggo-Manthey_1904",150
"NO_NT_1950",1950-01-11,"NO_Langlo_Kristian_1894",150
"NO_NT_1950",1950-01-11,"NO_Lavik_Nils-Andresson_1884",150
"NO_NT_1950",1950-01-11,"NO_Leirfall_Jon_1899",150
"NO_NT_1950",1950-01-11,"NO_Lersbryggen_Sigurd_1901",150
"NO_NT_1950",1950-01-11,"NO_Lindberget_Paul-Oskar_1895",150
"NO_NT_1950",1950-01-11,"NO_Lindebraekke_Sjur_1909",150
"NO_NT_1950",1950-01-11,"NO_Loebak_Harald-Johan_1904",150
"NO_NT_1950",1950-01-11,"NO_Loeberg_Sverre-Offenberg_1905",150
"NO_NT_1950",1950-01-11,"NO_Loekke_Johannes-Pettersen_1895",150
"NO_NT_1950",1950-01-11,"NO_Loevset_Mons-Arntsen_1891",150
"NO_NT_1950",1950-01-11,"NO_Lothe_Jakob-Mathias-Antonson_1881",150
"NO_NT_1950",1950-01-11,"NO_Lunde_Jens_1884",150
"NO_NT_1950",1950-01-11,"NO_Lyng_John_1905",150
"NO_NT_1950",1950-01-11,"NO_Lyseth_Reidar-Andreas_1904",150
"NO_NT_1950",1950-01-11,"NO_Messel_Syvert-Tobiassen_1897",150
"NO_NT_1950",1950-01-11,"NO_Moe_Finn_1902",150
"NO_NT_1950",1950-01-11,"NO_Moseid_Gabriel-Endresen_1882",150
"NO_NT_1950",1950-01-11,"NO_Natvig-Pedersen_Gustav_1893",150
"NO_NT_1950",1950-01-11,"NO_Nielsen_Sven_1883",150
"NO_NT_1950",1950-01-11,"NO_Nilsen_Alfred-Sigurd_1891",150
"NO_NT_1950",1950-01-11,"NO_Nilsen_Alfred_1892",150
"NO_NT_1950",1950-01-11,"NO_Nilsen_Nils-Emaus_1886",150
"NO_NT_1950",1950-01-11,"NO_Norevik_Ivar-Jacobsen_1900",150
"NO_NT_1950",1950-01-11,"NO_Norvik_Erling-Johannes_1899",150
"NO_NT_1950",1950-01-11,"NO_Nylund_Olav-Kjetilson_1903",150
"NO_NT_1950",1950-01-11,"NO_Oeen_Finn_1902",150
"NO_NT_1950",1950-01-11,"NO_Oksvik_Olav-Berntsen_1887",150
"NO_NT_1950",1950-01-11,"NO_Olsen_Claudia_1896",150
"NO_NT_1950",1950-01-11,"NO_Olsen_Johannes-Olai_1895",150
"NO_NT_1950",1950-01-11,"NO_Osland_Einar_1886",150
"NO_NT_1950",1950-01-11,"NO_Pedersen_Johanne-Samueline_1887",150
"NO_NT_1950",1950-01-11,"NO_Pedersen_Sigurd_1893",150
"NO_NT_1950",1950-01-11,"NO_Pettersen_Jakob-Martin_1899",150
"NO_NT_1950",1950-01-11,"NO_Ramndal_Lars_1893",150
"NO_NT_1950",1950-01-11,"NO_Remseth_Jakob-Martinus_1897",150
"NO_NT_1950",1950-01-11,"NO_Roeiseland_Bent_1902",150
"NO_NT_1950",1950-01-11,"NO_Rong-dy_Ole-Jensen_1885",150
"NO_NT_1950",1950-01-11,"NO_Ryen_Anton_1894",150
"NO_NT_1950",1950-01-11,"NO_Selaas_Harald_1908",150
"NO_NT_1950",1950-01-11,"NO_Selvik_Torstein_1900",150
"NO_NT_1950",1950-01-11,"NO_Seweriin_Rakel_1906",150
"NO_NT_1950",1950-01-11,"NO_Skare_Astrid_1891",150
"NO_NT_1950",1950-01-11,"NO_Skarholt_Amund-Rasmussen_1892",150
"NO_NT_1950",1950-01-11,"NO_Skoglund_Klara-Amalie_1891",150
"NO_NT_1950",1950-01-11,"NO_Smeby_Martin_1891",150
"NO_NT_1950",1950-01-11,"NO_Smitt-Ingebretsen_Herman_1891",150
"NO_NT_1950",1950-01-11,"NO_Soerensen_Olaf_1892",150
"NO_NT_1950",1950-01-11,"NO_Solberg_Asbjoern_1893",150
"NO_NT_1950",1950-01-11,"NO_Stavang_Einar-Magnus_1898",150
"NO_NT_1950",1950-01-11,"NO_Stavrand_Hans-Nikolai_1894",150
"NO_NT_1950",1950-01-11,"NO_Steffensen_Jens-Olai_1891",150
"NO_NT_1950",1950-01-11,"NO_Stoetvig_Bjarne_1898",150
"NO_NT_1950",1950-01-11,"NO_Strand_Knut-Olaf-Andreasson_1887",150
"NO_NT_1950",1950-01-11,"NO_Stranger_Rolf_1891",150
"NO_NT_1950",1950-01-11,"NO_Stroem_Arne-Torolf_1901",150
"NO_NT_1950",1950-01-11,"NO_Stroemdahl_Reidar_1913",150
"NO_NT_1950",1950-01-11,"NO_Sunde_Paul-Tjoestolsen_1896",150
"NO_NT_1950",1950-01-11,"NO_Svarstad_Hans_1883",150
"NO_NT_1950",1950-01-11,"NO_Svendsen_Hartvig_1902",150
"NO_NT_1950",1950-01-11,"NO_Toendel_Ingvald_1887",150
"NO_NT_1950",1950-01-11,"NO_Tomter_Liv_1901",150
"NO_NT_1950",1950-01-11,"NO_Torp_Oscar-Fredrik_1893",150
"NO_NT_1950",1950-01-11,"NO_Toven_Knut_1897",150
"NO_NT_1950",1950-01-11,"NO_Utheim_Trygve_1884",150
"NO_NT_1950",1950-01-11,"NO_Varmann_Kolbjoern-Sigurd-Verner_1904",150
"NO_NT_1950",1950-01-11,"NO_Vatnaland_Lars-Elisaeus_1892",150
"NO_NT_1950",1950-01-11,"NO_Versto_Olav-Aslakson_1892",150
"NO_NT_1950",1950-01-11,"NO_Vindenes_Erling-Johan_1900",150
"NO_NT_1950",1950-01-11,"NO_Watnebryn_Olaf-Fredrik_1908",150
"NO_NT_1950",1950-01-11,"NO_Wiik_Johan_1885",150
"NO_NT_1950",1950-01-11,"NO_Wirstad_Trond-Halvorsen_1904",150
"NO_NT_1950",1950-01-11,"NO_Wright_Carl-August-Petersen_1893",150
"NO_NT_1950",1950-01-11,"NO_Ytre-Arne_Knut_1896",150
"NO_NT_1954",1954-01-11,"NO_Aabrek_Kjell-Gjoestein_1901",150
"NO_NT_1954",1954-01-11,"NO_Aamo_Reidar-Magnus_1898",150
"NO_NT_1954",1954-01-11,"NO_Alvestad_Anton-Ludvik_1883",150
"NO_NT_1954",1954-01-11,"NO_Andersen_Johan_1902",150
"NO_NT_1954",1954-01-11,"NO_Arntzen_Arthur_1906",150
"NO_NT_1954",1954-01-11,"NO_Asdahl_Kristian_1920",150
"NO_NT_1954",1954-01-11,"NO_Askildsen_Arne_1898",150
"NO_NT_1954",1954-01-11,"NO_Bartnes_Inge-Einarsen_1911",150
"NO_NT_1954",1954-01-11,"NO_Benum_Olav_1897",150
"NO_NT_1954",1954-01-11,"NO_Berg_Hans_1902",150
"NO_NT_1954",1954-01-11,"NO_Berge_Torgeir-Andreas_1897",150
"NO_NT_1954",1954-01-11,"NO_Bergesen_Ole_1916",150
"NO_NT_1954",1954-01-11,"NO_Berntsen_Parelius-Hjalmar-Bang_1910",150
"NO_NT_1954",1954-01-11,"NO_Boeyum_Anders-Johanneson_1890",150
"NO_NT_1954",1954-01-11,"NO_Bondevik_Kjell_1901",150
"NO_NT_1954",1954-01-11,"NO_Borgen_Hans_1908",150
"NO_NT_1954",1954-01-11,"NO_Borten_Per_1913",150
"NO_NT_1954",1954-01-11,"NO_Bredal_Wilhelm-Engel_1907",150
"NO_NT_1954",1954-01-11,"NO_Bruu_Reidar_1903",150
"NO_NT_1954",1954-01-11,"NO_Carlsen_Reidar_1908",150
"NO_NT_1954",1954-01-11,"NO_Christie_Hartvig-Caspar_1893",150
"NO_NT_1954",1954-01-11,"NO_Dahl_Otto_1914",150
"NO_NT_1954",1954-01-11,"NO_Dahloe_Paul-Martin_1885",150
"NO_NT_1954",1954-01-11,"NO_Eikrem_Ivar-Kornelius_1898",150
"NO_NT_1954",1954-01-11,"NO_Engan_Erling_1910",150
"NO_NT_1954",1954-01-11,"NO_Enge_Jonas_1908",150
"NO_NT_1954",1954-01-11,"NO_Engelstad_Gunvald_1900",150
"NO_NT_1954",1954-01-11,"NO_Evensen_Lars-Samuel-Myhrer_1896",150
"NO_NT_1954",1954-01-11,"NO_Evju_Hans-Oskar_1886",150
"NO_NT_1954",1954-01-11,"NO_Fjaertoft_Bjarne_1899",150
"NO_NT_1954",1954-01-11,"NO_Fjeld_Kristian_1887",150
"NO_NT_1954",1954-01-11,"NO_Flataboe_Isak-Larsson_1896",150
"NO_NT_1954",1954-01-11,"NO_Fredriksfryd_Erling_1905",150
"NO_NT_1954",1954-01-11,"NO_Frogner_Einar_1893",150
"NO_NT_1954",1954-01-11,"NO_Gerhardsen_Einar_1897",150
"NO_NT_1954",1954-01-11,"NO_Granli_Leif_1909",150
"NO_NT_1954",1954-01-11,"NO_Grave_Joergen_1909",150
"NO_NT_1954",1954-01-11,"NO_Hagelia_Magnhild_1904",150
"NO_NT_1954",1954-01-11,"NO_Hambro_Carl-Joachim_1885",150
"NO_NT_1954",1954-01-11,"NO_Hamran_Sigurd-Lund_1902",150
"NO_NT_1954",1954-01-11,"NO_Hareide_Einar_1899",150
"NO_NT_1954",1954-01-11,"NO_Haugland_Jens_1910",150
"NO_NT_1954",1954-01-11,"NO_Hegna_Trond_1898",150
"NO_NT_1954",1954-01-11,"NO_Henriksen_Bjarne-Henry_1904",150
"NO_NT_1954",1954-01-11,"NO_Hjermann_Per-Severin_1891",150
"NO_NT_1954",1954-01-11,"NO_Hoel_Oddmund_1910",150
"NO_NT_1954",1954-01-11,"NO_Hoelvold_Gotfred-Johan_1903",150
"NO_NT_1954",1954-01-11,"NO_Hoensvald_Nils_1899",150
"NO_NT_1954",1954-01-11,"NO_Hoeyland_Ola_1890",150
"NO_NT_1954",1954-01-11,"NO_Hognestad_Ivar-Kristiansen_1888",150
"NO_NT_1954",1954-01-11,"NO_Holm_Chr-L_1892",150
"NO_NT_1954",1954-01-11,"NO_Hordvik_Olav_1901",150
"NO_NT_1954",1954-01-11,"NO_Hove_Anders_1885",150
"NO_NT_1954",1954-01-11,"NO_Ingebretsen_Paul_1904",150
"NO_NT_1954",1954-01-11,"NO_Ingvaldsen_Bernt_1902",150
"NO_NT_1954",1954-01-11,"NO_Jacobsen_Henry_1898",150
"NO_NT_1954",1954-01-11,"NO_Jacobsen_Nils-Kristen_1908",150
"NO_NT_1954",1954-01-11,"NO_Jacobsen_Peder-Nikolai-Leier_1888",150
"NO_NT_1954",1954-01-11,"NO_Jaklin_Ingvald-Johannes_1896",150
"NO_NT_1954",1954-01-11,"NO_Joergensen_Ole_1897",150
"NO_NT_1954",1954-01-11,"NO_Johnsen_Haakon_1914",150
"NO_NT_1954",1954-01-11,"NO_Kalrasten_Gunnar_1905",150
"NO_NT_1954",1954-01-11,"NO_Karlsen_Johan-Sigurd_1894",150
"NO_NT_1954",1954-01-11,"NO_Karlsen_Karl-Henry_1893",150
"NO_NT_1954",1954-01-11,"NO_Kjoes_Alv_1894",150
"NO_NT_1954",1954-01-11,"NO_Klippenvaag_Harry-Johan-Olai_1913",150
"NO_NT_1954",1954-01-11,"NO_Knudsen_Konrad-Gustav_1890",150
"NO_NT_1954",1954-01-11,"NO_Knudson_Olaf_1915",150
"NO_NT_1954",1954-01-11,"NO_Kvamme_Torstein_1893",150
"NO_NT_1954",1954-01-11,"NO_Kyllingmark_Haakon_1915",150
"NO_NT_1954",1954-01-11,"NO_Langeland_Olav-Rasmussen_1904",150
"NO_NT_1954",1954-01-11,"NO_Leirfall_Jon_1899",150
"NO_NT_1954",1954-01-11,"NO_Lersbryggen_Sigurd_1901",150
"NO_NT_1954",1954-01-11,"NO_Liane_Eigil-Olaf_1916",150
"NO_NT_1954",1954-01-11,"NO_Lindberget_Paul-Oskar_1895",150
"NO_NT_1954",1954-01-11,"NO_Loebak_Harald-Johan_1904",150
"NO_NT_1954",1954-01-11,"NO_Loeberg_Sverre-Offenberg_1905",150
"NO_NT_1954",1954-01-11,"NO_Loevlien_Emil_1899",150
"NO_NT_1954",1954-01-11,"NO_Loevset_Mons-Arntsen_1891",150
"NO_NT_1954",1954-01-11,"NO_Lyseth_Reidar-Andreas_1904",150
"NO_NT_1954",1954-01-11,"NO_Meisdalshagen_Olav_1903",150
"NO_NT_1954",1954-01-11,"NO_Moe_Finn_1902",150
"NO_NT_1954",1954-01-11,"NO_Moen_Lars-Magnus_1885",150
"NO_NT_1954",1954-01-11,"NO_Moerland_Arnt-Jacobsen_1888",150
"NO_NT_1954",1954-01-11,"NO_Molaug_Peter-Torleivson_1902",150
"NO_NT_1954",1954-01-11,"NO_Nilsen_Alfred-Sigurd_1891",150
"NO_NT_1954",1954-01-11,"NO_Nilsen_Arne-Leonhard_1893",150
"NO_NT_1954",1954-01-11,"NO_Norevik_Ivar-Jacobsen_1900",150
"NO_NT_1954",1954-01-11,"NO_Norvik_Erling-Johannes_1899",150
"NO_NT_1954",1954-01-11,"NO_Nyboe_Sverre-Bernhard_1903",150
"NO_NT_1954",1954-01-11,"NO_Olsen_Claudia_1896",150
"NO_NT_1954",1954-01-11,"NO_Olsen_Johannes-Olai_1895",150
"NO_NT_1954",1954-01-11,"NO_Olsen_Ola_1891",150
"NO_NT_1954",1954-01-11,"NO_Ommedal_Hans-Karolus_1901",150
"NO_NT_1954",1954-01-11,"NO_Petersen_Erling_1906",150
"NO_NT_1954",1954-01-11,"NO_Ramndal_Lars_1893",150
"NO_NT_1954",1954-01-11,"NO_Remseth_Jakob-Martinus_1897",150
"NO_NT_1954",1954-01-11,"NO_Riise_Lauritz-Johan_1910",150
"NO_NT_1954",1954-01-11,"NO_Roeiseland_Bent_1902",150
"NO_NT_1954",1954-01-11,"NO_Rognerud_Berte_1907",150
"NO_NT_1954",1954-01-11,"NO_Rostoft_Sverre-Walter_1912",150
"NO_NT_1954",1954-01-11,"NO_Ryen_Anton_1894",150
"NO_NT_1954",1954-01-11,"NO_Saeter_Lars_1895",150
"NO_NT_1954",1954-01-11,"NO_Saeteroey_Anders_1901",150
"NO_NT_1954",1954-01-11,"NO_Seip_Helge_1919",150
"NO_NT_1954",1954-01-11,"NO_Selaas_Harald_1908",150
"NO_NT_1954",1954-01-11,"NO_Selvik_Torstein_1900",150
"NO_NT_1954",1954-01-11,"NO_Skare_Astrid_1891",150
"NO_NT_1954",1954-01-11,"NO_Skarholt_Amund-Rasmussen_1892",150
"NO_NT_1954",1954-01-11,"NO_Skoglund_Klara-Amalie_1891",150
"NO_NT_1954",1954-01-11,"NO_Smeby_Martin_1891",150
"NO_NT_1954",1954-01-11,"NO_Smitt-Ingebretsen_Herman_1891",150
"NO_NT_1954",1954-01-11,"NO_Soerensen_Olaf_1892",150
"NO_NT_1954",1954-01-11,"NO_Solberg_Asbjoern_1893",150
"NO_NT_1954",1954-01-11,"NO_Solli_Bjarne-Daniel_1910",150
"NO_NT_1954",1954-01-11,"NO_Stavang_Einar-Magnus_1898",150
"NO_NT_1954",1954-01-11,"NO_Stavrand_Hans-Nikolai_1894",150
"NO_NT_1954",1954-01-11,"NO_Steffensen_Jens-Olai_1891",150
"NO_NT_1954",1954-01-11,"NO_Storeide_Hjalmar-Olai_1901",150
"NO_NT_1954",1954-01-11,"NO_Strand-Johansen_Johan_1903",150
"NO_NT_1954",1954-01-11,"NO_Strand_Knut-Olaf-Andreasson_1887",150
"NO_NT_1954",1954-01-11,"NO_Stroem_Arne-Torolf_1901",150
"NO_NT_1954",1954-01-11,"NO_Stroemdahl_Reidar_1913",150
"NO_NT_1954",1954-01-11,"NO_Sundt_Arthur_1899",150
"NO_NT_1954",1954-01-11,"NO_Svendsen_Hartvig_1902",150
"NO_NT_1954",1954-01-11,"NO_Svensen_Henrik_1904",150
"NO_NT_1954",1954-01-11,"NO_Tande_Torkell_1901",150
"NO_NT_1954",1954-01-11,"NO_Tomter_Liv_1901",150
"NO_NT_1954",1954-01-11,"NO_Torp_Harald-Houge_1890",150
"NO_NT_1954",1954-01-11,"NO_Toven_Knut_1897",150
"NO_NT_1954",1954-01-11,"NO_Varmann_Kolbjoern-Sigurd-Verner_1904",150
"NO_NT_1954",1954-01-11,"NO_Vatnaland_Lars-Elisaeus_1892",150
"NO_NT_1954",1954-01-11,"NO_Versto_Olav-Aslakson_1892",150
"NO_NT_1954",1954-01-11,"NO_Vestvik_Endre-Kristian_1894",150
"NO_NT_1954",1954-01-11,"NO_Vik_Frithjov-Meier_1902",150
"NO_NT_1954",1954-01-11,"NO_Vik_Knut-Severin-Jakobsen_1892",150
"NO_NT_1954",1954-01-11,"NO_Vindenes_Erling-Johan_1900",150
"NO_NT_1954",1954-01-11,"NO_Warmedal_Johan-Moeller_1914",150
"NO_NT_1954",1954-01-11,"NO_Watnebryn_Olaf-Fredrik_1908",150
"NO_NT_1954",1954-01-11,"NO_Wiik_Johan_1885",150
"NO_NT_1954",1954-01-11,"NO_Wikborg_Erling_1894",150
"NO_NT_1954",1954-01-11,"NO_Wirstad_Trond-Halvorsen_1904",150
"NO_NT_1954",1954-01-11,"NO_Ytre-Arne_Knut_1896",150
"NO_NT_1958",1958-01-11,"NO_Aamo_Reidar-Magnus_1898",150
"NO_NT_1958",1958-01-11,"NO_Andersen_Johan_1902",150
"NO_NT_1958",1958-01-11,"NO_Andersen_Ragnvald-Mikal_1899",150
"NO_NT_1958",1958-01-11,"NO_Bakken_Ingvar_1920",150
"NO_NT_1958",1958-01-11,"NO_Bartnes_Inge-Einarsen_1911",150
"NO_NT_1958",1958-01-11,"NO_Benum_Olav_1897",150
"NO_NT_1958",1958-01-11,"NO_Berg_Hans_1902",150
"NO_NT_1958",1958-01-11,"NO_Berge_Torgeir-Andreas_1897",150
"NO_NT_1958",1958-01-11,"NO_Bergesen_Ole_1916",150
"NO_NT_1958",1958-01-11,"NO_Berntsen_Parelius-Hjalmar-Bang_1910",150
"NO_NT_1958",1958-01-11,"NO_Boeyum_Anders-Johanneson_1890",150
"NO_NT_1958",1958-01-11,"NO_Bondevik_Kjell_1901",150
"NO_NT_1958",1958-01-11,"NO_Borgen_Hans_1908",150
"NO_NT_1958",1958-01-11,"NO_Borten_Per_1913",150
"NO_NT_1958",1958-01-11,"NO_Braatalien_Botolv_1892",150
"NO_NT_1958",1958-01-11,"NO_Breivik_Birger_1912",150
"NO_NT_1958",1958-01-11,"NO_Brommeland_Karl-J_1913",150
"NO_NT_1958",1958-01-11,"NO_Bruu_Reidar_1903",150
"NO_NT_1958",1958-01-11,"NO_Bunkholt_Halvor_1903",150
"NO_NT_1958",1958-01-11,"NO_Carlsen_Reidar_1908",150
"NO_NT_1958",1958-01-11,"NO_Christiansen_Ragnar-Karl-Viktor_1922",150
"NO_NT_1958",1958-01-11,"NO_Christie_Hartvig-Caspar_1893",150
"NO_NT_1958",1958-01-11,"NO_Dahl_Otto_1914",150
"NO_NT_1958",1958-01-11,"NO_Eikrem_Ivar-Kornelius_1898",150
"NO_NT_1958",1958-01-11,"NO_Engan_Erling_1910",150
"NO_NT_1958",1958-01-11,"NO_Enge_Jonas_1908",150
"NO_NT_1958",1958-01-11,"NO_Engelstad_Gunvald_1900",150
"NO_NT_1958",1958-01-11,"NO_Fjaertoft_Bjarne_1899",150
"NO_NT_1958",1958-01-11,"NO_Fjeld_Kristian_1887",150
"NO_NT_1958",1958-01-11,"NO_Flataboe_Isak-Larsson_1896",150
"NO_NT_1958",1958-01-11,"NO_Fredriksfryd_Erling_1905",150
"NO_NT_1958",1958-01-11,"NO_Garbo_Gunnar_1924",150
"NO_NT_1958",1958-01-11,"NO_Granli_Leif_1909",150
"NO_NT_1958",1958-01-11,"NO_Granum_Guttorm_1904",150
"NO_NT_1958",1958-01-11,"NO_Groos_Kaare-Steel_1917",150
"NO_NT_1958",1958-01-11,"NO_Hagelia_Magnhild_1904",150
"NO_NT_1958",1958-01-11,"NO_Hamran_Sigurd-Lund_1902",150
"NO_NT_1958",1958-01-11,"NO_Hareide_Einar_1899",150
"NO_NT_1958",1958-01-11,"NO_Haugeland_Trygve_1914",150
"NO_NT_1958",1958-01-11,"NO_Hegna_Trond_1898",150
"NO_NT_1958",1958-01-11,"NO_Henriksen_Bjarne-Henry_1904",150
"NO_NT_1958",1958-01-11,"NO_Hjermann_Per-Severin_1891",150
"NO_NT_1958",1958-01-11,"NO_Hoel_Oddmund_1910",150
"NO_NT_1958",1958-01-11,"NO_Hoensvald_Nils_1899",150
"NO_NT_1958",1958-01-11,"NO_Holm_Chr-L_1892",150
"NO_NT_1958",1958-01-11,"NO_Hordvik_Olav_1901",150
"NO_NT_1958",1958-01-11,"NO_Hovdhaugen_Einar_1908",150
"NO_NT_1958",1958-01-11,"NO_Ingebretsen_Paul_1904",150
"NO_NT_1958",1958-01-11,"NO_Ingvaldsen_Bernt_1902",150
"NO_NT_1958",1958-01-11,"NO_Jacobsen_Henry_1898",150
"NO_NT_1958",1958-01-11,"NO_Jacobsen_Nils-Kristen_1908",150
"NO_NT_1958",1958-01-11,"NO_Jacobsen_Peder-Nikolai-Leier_1888",150
"NO_NT_1958",1958-01-11,"NO_Jaklin_Ingvald-Johannes_1896",150
"NO_NT_1958",1958-01-11,"NO_Joergensen_Ole_1897",150
"NO_NT_1958",1958-01-11,"NO_Johannessen_Guri_1911",150
"NO_NT_1958",1958-01-11,"NO_Johannessen_Martha-Frederikke_1907",150
"NO_NT_1958",1958-01-11,"NO_Johanson_Arvid_1929",150
"NO_NT_1958",1958-01-11,"NO_Johnsen_Haakon_1914",150
"NO_NT_1958",1958-01-11,"NO_Kalrasten_Gunnar_1905",150
"NO_NT_1958",1958-01-11,"NO_Karlsen_Johan-Sigurd_1894",150
"NO_NT_1958",1958-01-11,"NO_Kjoes_Alv_1894",150
"NO_NT_1958",1958-01-11,"NO_Klippenvaag_Harry-Johan-Olai_1913",150
"NO_NT_1958",1958-01-11,"NO_Knudson_Olaf_1915",150
"NO_NT_1958",1958-01-11,"NO_Kvamme_Torstein_1893",150
"NO_NT_1958",1958-01-11,"NO_Kyllingmark_Haakon_1915",150
"NO_NT_1958",1958-01-11,"NO_Langeland_Olav-Rasmussen_1904",150
"NO_NT_1958",1958-01-11,"NO_Langhelle_Nils_1907",150
"NO_NT_1958",1958-01-11,"NO_Leirfall_Jon_1899",150
"NO_NT_1958",1958-01-11,"NO_Leiro_Lars_1914",150
"NO_NT_1958",1958-01-11,"NO_Liane_Eigil-Olaf_1916",150
"NO_NT_1958",1958-01-11,"NO_Lindberget_Paul-Oskar_1895",150
"NO_NT_1958",1958-01-11,"NO_Lionaes_Aase_1907",150
"NO_NT_1958",1958-01-11,"NO_Loeberg_Sverre-Offenberg_1905",150
"NO_NT_1958",1958-01-11,"NO_Loenning_Per_1928",150
"NO_NT_1958",1958-01-11,"NO_Loevlien_Emil_1899",150
"NO_NT_1958",1958-01-11,"NO_Loevset_Mons-Arntsen_1891",150
"NO_NT_1958",1958-01-11,"NO_Lyng_John_1905",150
"NO_NT_1958",1958-01-11,"NO_Lyng_Otto_1926",150
"NO_NT_1958",1958-01-11,"NO_Meisdalshagen_Olav_1903",150
"NO_NT_1958",1958-01-11,"NO_Moe_Finn_1902",150
"NO_NT_1958",1958-01-11,"NO_Moe_Peter-Kjeldseth_1909",150
"NO_NT_1958",1958-01-11,"NO_Moeller_Sunniva-Hakestad_1907",150
"NO_NT_1958",1958-01-11,"NO_Molaug_Peter-Torleivson_1902",150
"NO_NT_1958",1958-01-11,"NO_Munkebye_Margith-Johanne_1911",150
"NO_NT_1958",1958-01-11,"NO_Mykstu_Gunnar_1909",150
"NO_NT_1958",1958-01-11,"NO_Nordahl_Konrad-Mathias_1897",150
"NO_NT_1958",1958-01-11,"NO_Norvik_Erling-Johannes_1899",150
"NO_NT_1958",1958-01-11,"NO_Nyboe_Sverre-Bernhard_1903",150
"NO_NT_1958",1958-01-11,"NO_Offerdal_Hans_1909",150
"NO_NT_1958",1958-01-11,"NO_Olsen_Claudia_1896",150
"NO_NT_1958",1958-01-11,"NO_Olsen_Johannes-Olai_1895",150
"NO_NT_1958",1958-01-11,"NO_Olsen_Ola_1891",150
"NO_NT_1958",1958-01-11,"NO_Ommedal_Hans-Karolus_1901",150
"NO_NT_1958",1958-01-11,"NO_Petersen_Erling_1906",150
"NO_NT_1958",1958-01-11,"NO_Pettersen_Jakob-Martin_1899",150
"NO_NT_1958",1958-01-11,"NO_Ramndal_Lars_1893",150
"NO_NT_1958",1958-01-11,"NO_Reinsnes_Peter-Ovald_1904",150
"NO_NT_1958",1958-01-11,"NO_Remseth_Jakob-Martinus_1897",150
"NO_NT_1958",1958-01-11,"NO_Roeiseland_Bent_1902",150
"NO_NT_1958",1958-01-11,"NO_Rognerud_Berte_1907",150
"NO_NT_1958",1958-01-11,"NO_Saeter_Lars_1895",150
"NO_NT_1958",1958-01-11,"NO_Saeteroey_Anders_1901",150
"NO_NT_1958",1958-01-11,"NO_Samuelsberg_Harald-Nicolai_1911",150
"NO_NT_1958",1958-01-11,"NO_Sandberg_Ole-Roemer-Aagaard_1900",150
"NO_NT_1958",1958-01-11,"NO_Seip_Helge_1919",150
"NO_NT_1958",1958-01-11,"NO_Selaas_Harald_1908",150
"NO_NT_1958",1958-01-11,"NO_Selvik_Torstein_1900",150
"NO_NT_1958",1958-01-11,"NO_Seweriin_Rakel_1906",150
"NO_NT_1958",1958-01-11,"NO_Skogly_Oskar_1908",150
"NO_NT_1958",1958-01-11,"NO_Solberg_Asbjoern_1893",150
"NO_NT_1958",1958-01-11,"NO_Solli_Bjarne-Daniel_1910",150
"NO_NT_1958",1958-01-11,"NO_Stavang_Einar-Magnus_1898",150
"NO_NT_1958",1958-01-11,"NO_Stavrand_Hans-Nikolai_1894",150
"NO_NT_1958",1958-01-11,"NO_Stoetvig_Bjarne_1898",150
"NO_NT_1958",1958-01-11,"NO_Storeide_Hjalmar-Olai_1901",150
"NO_NT_1958",1958-01-11,"NO_Stray_Svenn-Thorkild_1922",150
"NO_NT_1958",1958-01-11,"NO_Stroem_Arne-Torolf_1901",150
"NO_NT_1958",1958-01-11,"NO_Stroemdahl_Reidar_1913",150
"NO_NT_1958",1958-01-11,"NO_Svendsen_Hartvig_1902",150
"NO_NT_1958",1958-01-11,"NO_Svensen_Henrik_1904",150
"NO_NT_1958",1958-01-11,"NO_Tande_Torkell_1901",150
"NO_NT_1958",1958-01-11,"NO_Thommesen_Alfred_1914",150
"NO_NT_1958",1958-01-11,"NO_Todal_Sivert_1902",150
"NO_NT_1958",1958-01-11,"NO_Tomter_Liv_1901",150
"NO_NT_1958",1958-01-11,"NO_Torp_Oscar-Fredrik_1893",150
"NO_NT_1958",1958-01-11,"NO_Toven_Knut_1897",150
"NO_NT_1958",1958-01-11,"NO_Treholt_Thorstein_1911",150
"NO_NT_1958",1958-01-11,"NO_Unsgaard_Iver-Johan_1903",150
"NO_NT_1958",1958-01-11,"NO_Vatnaland_Lars-Elisaeus_1892",150
"NO_NT_1958",1958-01-11,"NO_Versto_Olav-Aslakson_1892",150
"NO_NT_1958",1958-01-11,"NO_Vik_Frithjov-Meier_1902",150
"NO_NT_1958",1958-01-11,"NO_Vik_Knut-Severin-Jakobsen_1892",150
"NO_NT_1958",1958-01-11,"NO_Vindenes_Erling-Johan_1900",150
"NO_NT_1958",1958-01-11,"NO_Warholm_Harald_1920",150
"NO_NT_1958",1958-01-11,"NO_Warmedal_Johan-Moeller_1914",150
"NO_NT_1958",1958-01-11,"NO_Watnebryn_Olaf-Fredrik_1908",150
"NO_NT_1958",1958-01-11,"NO_Wikborg_Erling_1894",150
"NO_NT_1958",1958-01-11,"NO_Willoch_Kaare_1928",150
"NO_NT_1958",1958-01-11,"NO_Wirstad_Trond-Halvorsen_1904",150
"NO_NT_1958",1958-01-11,"NO_Wormdahl_Andreas_1911",150
"NO_NT_1958",1958-01-11,"NO_Ytre-Arne_Knut_1896",150
"NO_NT_1961",1961-10-01,"NO_Aamo_Reidar-Magnus_1898",150
"NO_NT_1961",1961-10-01,"NO_Aarvik_Egil_1912",150
"NO_NT_1961",1961-10-01,"NO_Aasgard_Lars-Amandus_1907",150
"NO_NT_1961",1961-10-01,"NO_Andersen_Johan_1902",150
"NO_NT_1961",1961-10-01,"NO_Asdahl_Kristian_1920",150
"NO_NT_1961",1961-10-01,"NO_Austrheim_John_1912",150
"NO_NT_1961",1961-10-01,"NO_Bakken_Ingvar_1920",150
"NO_NT_1961",1961-10-01,"NO_Bartnes_Inge-Einarsen_1911",150
"NO_NT_1961",1961-10-01,"NO_Berg_Hans_1902",150
"NO_NT_1961",1961-10-01,"NO_Bergesen_Ole_1916",150
"NO_NT_1961",1961-10-01,"NO_Berntsen_Parelius-Hjalmar-Bang_1910",150
"NO_NT_1961",1961-10-01,"NO_Bondevik_Kjell_1901",150
"NO_NT_1961",1961-10-01,"NO_Borgen_Hans_1908",150
"NO_NT_1961",1961-10-01,"NO_Borten_Per_1913",150
"NO_NT_1961",1961-10-01,"NO_Botnen_Ludvig-Olai_1910",150
"NO_NT_1961",1961-10-01,"NO_Braadland_Erik_1910",150
"NO_NT_1961",1961-10-01,"NO_Braatalien_Botolv_1892",150
"NO_NT_1961",1961-10-01,"NO_Brommeland_Karl-J_1913",150
"NO_NT_1961",1961-10-01,"NO_Bruu_Reidar_1903",150
"NO_NT_1961",1961-10-01,"NO_Christiansen_Ragnar-Karl-Viktor_1922",150
"NO_NT_1961",1961-10-01,"NO_Dahl-Goli_Oliver_1897",150
"NO_NT_1961",1961-10-01,"NO_Dahl_Otto_1914",150
"NO_NT_1961",1961-10-01,"NO_Eikeland_Olai-Ingemar_1915",150
"NO_NT_1961",1961-10-01,"NO_Eikrem_Ivar-Kornelius_1898",150
"NO_NT_1961",1961-10-01,"NO_Eker_Gunvor-Katharina_1906",150
"NO_NT_1961",1961-10-01,"NO_Engan_Erling_1910",150
"NO_NT_1961",1961-10-01,"NO_Enge_Jonas_1908",150
"NO_NT_1961",1961-10-01,"NO_Engelstad_Gunvald_1900",150
"NO_NT_1961",1961-10-01,"NO_Fjaervoll_Edmund_1910",150
"NO_NT_1961",1961-10-01,"NO_Flaaten_Sveinung-O_1898",150
"NO_NT_1961",1961-10-01,"NO_Flataboe_Isak-Larsson_1896",150
"NO_NT_1961",1961-10-01,"NO_Fossum_Thor_1916",150
"NO_NT_1961",1961-10-01,"NO_Fredriksfryd_Erling_1905",150
"NO_NT_1961",1961-10-01,"NO_Garbo_Gunnar_1924",150
"NO_NT_1961",1961-10-01,"NO_Granli_Leif_1909",150
"NO_NT_1961",1961-10-01,"NO_Granum_Guttorm_1904",150
"NO_NT_1961",1961-10-01,"NO_Grave_Joergen_1909",150
"NO_NT_1961",1961-10-01,"NO_Groenn-Hagen_Karen_1903",150
"NO_NT_1961",1961-10-01,"NO_Gustavsen_Finn_1926",150
"NO_NT_1961",1961-10-01,"NO_Hagelia_Magnhild_1904",150
"NO_NT_1961",1961-10-01,"NO_Hambro_Edvard-Isak_1911",150
"NO_NT_1961",1961-10-01,"NO_Hamran_Sigurd-Lund_1902",150
"NO_NT_1961",1961-10-01,"NO_Hansen_Guttorm_1920",150
"NO_NT_1961",1961-10-01,"NO_Hansen_Kaare-Martin_1913",150
"NO_NT_1961",1961-10-01,"NO_Hareide_Einar_1899",150
"NO_NT_1961",1961-10-01,"NO_Hegna_Trond_1898",150
"NO_NT_1961",1961-10-01,"NO_Helland_Ingolv_1906",150
"NO_NT_1961",1961-10-01,"NO_Hellesen_Gunnar-Fredrik_1913",150
"NO_NT_1961",1961-10-01,"NO_Henningsen_Alfred-Meyer_1918",150
"NO_NT_1961",1961-10-01,"NO_Henriksen_Bjarne-Henry_1904",150
"NO_NT_1961",1961-10-01,"NO_Hoel_Oddmund_1910",150
"NO_NT_1961",1961-10-01,"NO_Hoensvald_Nils_1899",150
"NO_NT_1961",1961-10-01,"NO_Holm_Asbjoern-Antoni_1921",150
"NO_NT_1961",1961-10-01,"NO_Holm_Chr-L_1892",150
"NO_NT_1961",1961-10-01,"NO_Hordvik_Olav_1901",150
"NO_NT_1961",1961-10-01,"NO_Hovdhaugen_Einar_1908",150
"NO_NT_1961",1961-10-01,"NO_Hovi_Torger_1905",150
"NO_NT_1961",1961-10-01,"NO_Ingvaldsen_Bernt_1902",150
"NO_NT_1961",1961-10-01,"NO_Jacobsen_Henry_1898",150
"NO_NT_1961",1961-10-01,"NO_Jacobsen_Nils-Kristen_1908",150
"NO_NT_1961",1961-10-01,"NO_Jakobsen_Helge_1901",150
"NO_NT_1961",1961-10-01,"NO_Joergensen_Ole_1897",150
"NO_NT_1961",1961-10-01,"NO_Johannessen_Guri_1911",150
"NO_NT_1961",1961-10-01,"NO_Johannessen_Martha-Frederikke_1907",150
"NO_NT_1961",1961-10-01,"NO_Johnsen_Haakon_1914",150
"NO_NT_1961",1961-10-01,"NO_Kalrasten_Gunnar_1905",150
"NO_NT_1961",1961-10-01,"NO_Karlsen_Johan-Sigurd_1894",150
"NO_NT_1961",1961-10-01,"NO_Kjoes_Alv_1894",150
"NO_NT_1961",1961-10-01,"NO_Klippenvaag_Harry-Johan-Olai_1913",150
"NO_NT_1961",1961-10-01,"NO_Knudson_Olaf_1915",150
"NO_NT_1961",1961-10-01,"NO_Korvald_Lars_1916",150
"NO_NT_1961",1961-10-01,"NO_Kringlebotn_Berge-Helle_1904",150
"NO_NT_1961",1961-10-01,"NO_Kvamme_Torstein_1893",150
"NO_NT_1961",1961-10-01,"NO_Kyllingmark_Haakon_1915",150
"NO_NT_1961",1961-10-01,"NO_Langeland_Olav-Rasmussen_1904",150
"NO_NT_1961",1961-10-01,"NO_Langhelle_Nils_1907",150
"NO_NT_1961",1961-10-01,"NO_Langlo_Kristian_1894",150
"NO_NT_1961",1961-10-01,"NO_Leirfall_Jon_1899",150
"NO_NT_1961",1961-10-01,"NO_Leiro_Lars_1914",150
"NO_NT_1961",1961-10-01,"NO_Liane_Eigil-Olaf_1916",150
"NO_NT_1961",1961-10-01,"NO_Lillaas_Asbjoern_1919",150
"NO_NT_1961",1961-10-01,"NO_Lionaes_Aase_1907",150
"NO_NT_1961",1961-10-01,"NO_Loebak_Harald-Johan_1904",150
"NO_NT_1961",1961-10-01,"NO_Loeberg_Sverre-Offenberg_1905",150
"NO_NT_1961",1961-10-01,"NO_Loenning_Per_1928",150
"NO_NT_1961",1961-10-01,"NO_Lyng_John_1905",150
"NO_NT_1961",1961-10-01,"NO_Lyng_Otto_1926",150
"NO_NT_1961",1961-10-01,"NO_Lyngstad_Bjarne_1901",150
"NO_NT_1961",1961-10-01,"NO_Moe_Finn_1902",150
"NO_NT_1961",1961-10-01,"NO_Moe_Peter-Kjeldseth_1909",150
"NO_NT_1961",1961-10-01,"NO_Moeller_Sunniva-Hakestad_1907",150
"NO_NT_1961",1961-10-01,"NO_Munkebye_Margith-Johanne_1911",150
"NO_NT_1961",1961-10-01,"NO_Mykstu_Gunnar_1909",150
"NO_NT_1961",1961-10-01,"NO_Neergaard_Claus-Marius_1911",150
"NO_NT_1961",1961-10-01,"NO_Nordahl_Konrad-Mathias_1897",150
"NO_NT_1961",1961-10-01,"NO_Nordli_Odvar_1927",150
"NO_NT_1961",1961-10-01,"NO_Norvik_Erling_1928",150
"NO_NT_1961",1961-10-01,"NO_Nyboe_Sverre-Bernhard_1903",150
"NO_NT_1961",1961-10-01,"NO_Offerdal_Hans_1909",150
"NO_NT_1961",1961-10-01,"NO_Olsen_Johannes-Olai_1895",150
"NO_NT_1961",1961-10-01,"NO_Ommedal_Hans-Karolus_1901",150
"NO_NT_1961",1961-10-01,"NO_Petersen_Erling_1906",150
"NO_NT_1961",1961-10-01,"NO_Pettersen_Jakob-Martin_1899",150
"NO_NT_1961",1961-10-01,"NO_Ramndal_Lars_1893",150
"NO_NT_1961",1961-10-01,"NO_Rein_Kristoffer_1912",150
"NO_NT_1961",1961-10-01,"NO_Reinsnes_Peter-Ovald_1904",150
"NO_NT_1961",1961-10-01,"NO_Remseth_Jakob-Martinus_1897",150
"NO_NT_1961",1961-10-01,"NO_Roeiseland_Bent_1902",150
"NO_NT_1961",1961-10-01,"NO_Rognerud_Berte_1907",150
"NO_NT_1961",1961-10-01,"NO_Saeteroey_Anders_1901",150
"NO_NT_1961",1961-10-01,"NO_Samuelsberg_Harald-Nicolai_1911",150
"NO_NT_1961",1961-10-01,"NO_Sandberg_Ole-Roemer-Aagaard_1900",150
"NO_NT_1961",1961-10-01,"NO_Schjerven_Rolf_1918",150
"NO_NT_1961",1961-10-01,"NO_Selaas_Harald_1908",150
"NO_NT_1961",1961-10-01,"NO_Selvik_Torstein_1900",150
"NO_NT_1961",1961-10-01,"NO_Seweriin_Rakel_1906",150
"NO_NT_1961",1961-10-01,"NO_Skaaren_Martin_1905",150
"NO_NT_1961",1961-10-01,"NO_Skogly_Oskar_1908",150
"NO_NT_1961",1961-10-01,"NO_Sloegedal_Haakon_1901",150
"NO_NT_1961",1961-10-01,"NO_Stavang_Einar-Magnus_1898",150
"NO_NT_1961",1961-10-01,"NO_Stoetvig_Bjarne_1898",150
"NO_NT_1961",1961-10-01,"NO_Storeide_Hjalmar-Olai_1901",150
"NO_NT_1961",1961-10-01,"NO_Stray_Svenn-Thorkild_1922",150
"NO_NT_1961",1961-10-01,"NO_Stroemdahl_Reidar_1913",150
"NO_NT_1961",1961-10-01,"NO_Svendsen_Hartvig_1902",150
"NO_NT_1961",1961-10-01,"NO_Tande_Torkell_1901",150
"NO_NT_1961",1961-10-01,"NO_Thommesen_Alfred_1914",150
"NO_NT_1961",1961-10-01,"NO_Tjernsberg_Haldis_1903",150
"NO_NT_1961",1961-10-01,"NO_Todal_Sivert_1902",150
"NO_NT_1961",1961-10-01,"NO_Toesdal_Margit_1918",150
"NO_NT_1961",1961-10-01,"NO_Tomter_Liv_1901",150
"NO_NT_1961",1961-10-01,"NO_Toven_Knut_1897",150
"NO_NT_1961",1961-10-01,"NO_Treholt_Thorstein_1911",150
"NO_NT_1961",1961-10-01,"NO_Undheim_Bjarne_1905",150
"NO_NT_1961",1961-10-01,"NO_Unsgaard_Iver-Johan_1903",150
"NO_NT_1961",1961-10-01,"NO_Varmann_Kolbjoern-Sigurd-Verner_1904",150
"NO_NT_1961",1961-10-01,"NO_Vik_Frithjov-Meier_1902",150
"NO_NT_1961",1961-10-01,"NO_Warholm_Harald_1920",150
"NO_NT_1961",1961-10-01,"NO_Warmedal_Johan-Moeller_1914",150
"NO_NT_1961",1961-10-01,"NO_Watnebryn_Olaf-Fredrik_1908",150
"NO_NT_1961",1961-10-01,"NO_Willoch_Kaare_1928",150
"NO_NT_1961",1961-10-01,"NO_Wirstad_Trond-Halvorsen_1904",150
"NO_NT_1961",1961-10-01,"NO_Wormdahl_Andreas_1911",150
"NO_NT_1961",1961-10-01,"NO_Ytre-Arne_Knut_1896",150
"NO_NT_1965",1965-10-01,"NO_Aano_Jakob_1920",150
"NO_NT_1965",1965-10-01,"NO_Aasgard_Lars-Amandus_1907",150
"NO_NT_1965",1965-10-01,"NO_Andersen_Johan_1902",150
"NO_NT_1965",1965-10-01,"NO_Andresen_Sverre-Oddvar_1924",150
"NO_NT_1965",1965-10-01,"NO_Asdahl_Kristian_1920",150
"NO_NT_1965",1965-10-01,"NO_Austrheim_John_1912",150
"NO_NT_1965",1965-10-01,"NO_Bakken_Ingvar_1920",150
"NO_NT_1965",1965-10-01,"NO_Bartnes_Inge-Einarsen_1911",150
"NO_NT_1965",1965-10-01,"NO_Benkow_Jo_1924",150
"NO_NT_1965",1965-10-01,"NO_Berg_Hans_1902",150
"NO_NT_1965",1965-10-01,"NO_Bjellaanes_Halvor_1925",150
"NO_NT_1965",1965-10-01,"NO_Bjorvatn_Oeyvind_1931",150
"NO_NT_1965",1965-10-01,"NO_Borgen_Hans_1908",150
"NO_NT_1965",1965-10-01,"NO_Borten_Per_1913",150
"NO_NT_1965",1965-10-01,"NO_Botnen_Ludvig-Olai_1910",150
"NO_NT_1965",1965-10-01,"NO_Braadland_Erik_1910",150
"NO_NT_1965",1965-10-01,"NO_Bratteli_Trygve_1910",150
"NO_NT_1965",1965-10-01,"NO_Brommeland_Karl-J_1913",150
"NO_NT_1965",1965-10-01,"NO_Bruu_Reidar_1903",150
"NO_NT_1965",1965-10-01,"NO_Buvik_Martin_1923",150
"NO_NT_1965",1965-10-01,"NO_Christiansen_Ragnar-Karl-Viktor_1922",150
"NO_NT_1965",1965-10-01,"NO_Dahl_Otto_1914",150
"NO_NT_1965",1965-10-01,"NO_Dyring_Theodor_1916",150
"NO_NT_1965",1965-10-01,"NO_Edvardsen_Edvard-Magnus_1910",150
"NO_NT_1965",1965-10-01,"NO_Eker_Gunvor-Katharina_1906",150
"NO_NT_1965",1965-10-01,"NO_Endresen_Egil_1920",150
"NO_NT_1965",1965-10-01,"NO_Engan_Erling_1910",150
"NO_NT_1965",1965-10-01,"NO_Enge_Jonas_1908",150
"NO_NT_1965",1965-10-01,"NO_Faremo_Osmund_1921",150
"NO_NT_1965",1965-10-01,"NO_Fjeldvaer_Rolf_1926",150
"NO_NT_1965",1965-10-01,"NO_Flem_Bjarne_1914",150
"NO_NT_1965",1965-10-01,"NO_Fossum_Thor_1916",150
"NO_NT_1965",1965-10-01,"NO_Gabrielsen_Valter_1921",150
"NO_NT_1965",1965-10-01,"NO_Garbo_Gunnar_1924",150
"NO_NT_1965",1965-10-01,"NO_Gilleberg_Johannes_1915",150
"NO_NT_1965",1965-10-01,"NO_Gjengedal_Ola-Johan_1900",150
"NO_NT_1965",1965-10-01,"NO_Gustavsen_Finn_1926",150
"NO_NT_1965",1965-10-01,"NO_Haga_Borghild-Bondevik_1906",150
"NO_NT_1965",1965-10-01,"NO_Hagen_Arnt-Gudleik_1928",150
"NO_NT_1965",1965-10-01,"NO_Hambro_Edvard-Isak_1911",150
"NO_NT_1965",1965-10-01,"NO_Hamran_Sigurd-Lund_1902",150
"NO_NT_1965",1965-10-01,"NO_Hansen_Guttorm_1920",150
"NO_NT_1965",1965-10-01,"NO_Hansen_Kaare-Martin_1913",150
"NO_NT_1965",1965-10-01,"NO_Hegtun_Halfdan_1918",150
"NO_NT_1965",1965-10-01,"NO_Helland_Ingolv_1906",150
"NO_NT_1965",1965-10-01,"NO_Hellem_Rolf_1923",150
"NO_NT_1965",1965-10-01,"NO_Hellesen_Gunnar-Fredrik_1913",150
"NO_NT_1965",1965-10-01,"NO_Henningsen_Alfred-Meyer_1918",150
"NO_NT_1965",1965-10-01,"NO_Henriksen_Bjarne-Henry_1904",150
"NO_NT_1965",1965-10-01,"NO_Hoensvald_Nils_1899",150
"NO_NT_1965",1965-10-01,"NO_Holen_Lars_1912",150
"NO_NT_1965",1965-10-01,"NO_Holm_Asbjoern-Antoni_1921",150
"NO_NT_1965",1965-10-01,"NO_Hordvik_Olav_1901",150
"NO_NT_1965",1965-10-01,"NO_Hovdhaugen_Einar_1908",150
"NO_NT_1965",1965-10-01,"NO_Hovi_Torger_1905",150
"NO_NT_1965",1965-10-01,"NO_Ingvaldsen_Bernt_1902",150
"NO_NT_1965",1965-10-01,"NO_Jacobsen_Nils-Kristen_1908",150
"NO_NT_1965",1965-10-01,"NO_Jakobsen_Helge_1901",150
"NO_NT_1965",1965-10-01,"NO_Johannessen_Guri_1911",150
"NO_NT_1965",1965-10-01,"NO_Johannessen_Martha-Frederikke_1907",150
"NO_NT_1965",1965-10-01,"NO_Johanson_Arvid_1929",150
"NO_NT_1965",1965-10-01,"NO_Johnsen_Haakon_1914",150
"NO_NT_1965",1965-10-01,"NO_Karstensen_Per_1915",150
"NO_NT_1965",1965-10-01,"NO_Klippenvaag_Harry-Johan-Olai_1913",150
"NO_NT_1965",1965-10-01,"NO_Knudson_Olaf_1915",150
"NO_NT_1965",1965-10-01,"NO_Korvald_Lars_1916",150
"NO_NT_1965",1965-10-01,"NO_Kyllingmark_Haakon_1915",150
"NO_NT_1965",1965-10-01,"NO_Langeland_Kjeld_1920",150
"NO_NT_1965",1965-10-01,"NO_Langeland_Olav-Rasmussen_1904",150
"NO_NT_1965",1965-10-01,"NO_Langhelle_Nils_1907",150
"NO_NT_1965",1965-10-01,"NO_Larsen_Gunnar-Alf_1919",150
"NO_NT_1965",1965-10-01,"NO_Leirfall_Jon_1899",150
"NO_NT_1965",1965-10-01,"NO_Leiro_Lars_1914",150
"NO_NT_1965",1965-10-01,"NO_Liane_Eigil-Olaf_1916",150
"NO_NT_1965",1965-10-01,"NO_Lillaas_Asbjoern_1919",150
"NO_NT_1965",1965-10-01,"NO_Lionaes_Aase_1907",150
"NO_NT_1965",1965-10-01,"NO_Loebak_Harald-Johan_1904",150
"NO_NT_1965",1965-10-01,"NO_Loeberg_Sverre-Offenberg_1905",150
"NO_NT_1965",1965-10-01,"NO_Ludvigsen_Sonja-Aase_1928",150
"NO_NT_1965",1965-10-01,"NO_Lyng_Otto_1926",150
"NO_NT_1965",1965-10-01,"NO_Lyngstad_Bjarne_1901",150
"NO_NT_1965",1965-10-01,"NO_Meland_Kaare_1915",150
"NO_NT_1965",1965-10-01,"NO_Mellesmo_Per_1919",150
"NO_NT_1965",1965-10-01,"NO_Mo_Sverre-L_1915",150
"NO_NT_1965",1965-10-01,"NO_Moe_Finn_1902",150
"NO_NT_1965",1965-10-01,"NO_Moe_Peter-Kjeldseth_1909",150
"NO_NT_1965",1965-10-01,"NO_Moeller_Sunniva-Hakestad_1907",150
"NO_NT_1965",1965-10-01,"NO_Molvik_Nikolai-Paul-Kornelius_1905",150
"NO_NT_1965",1965-10-01,"NO_Munkebye_Margith-Johanne_1911",150
"NO_NT_1965",1965-10-01,"NO_Myklebust_Thor_1908",150
"NO_NT_1965",1965-10-01,"NO_Myrstad_Knut_1913",150
"NO_NT_1965",1965-10-01,"NO_Naesheim_Peder-P_1925",150
"NO_NT_1965",1965-10-01,"NO_Nilsen_Arne_1924",150
"NO_NT_1965",1965-10-01,"NO_Nordli_Odvar_1927",150
"NO_NT_1965",1965-10-01,"NO_Norvik_Erling_1928",150
"NO_NT_1965",1965-10-01,"NO_Nyboe_Sverre-Bernhard_1903",150
"NO_NT_1965",1965-10-01,"NO_Oestby_Johan_1924",150
"NO_NT_1965",1965-10-01,"NO_Oesttveit_Johannes_1927",150
"NO_NT_1965",1965-10-01,"NO_Owren_Trygve_1912",150
"NO_NT_1965",1965-10-01,"NO_Petersen_Erling_1906",150
"NO_NT_1965",1965-10-01,"NO_Platou_Lars-T_1920",150
"NO_NT_1965",1965-10-01,"NO_Rein_Kristoffer_1912",150
"NO_NT_1965",1965-10-01,"NO_Roeiseland_Bent_1902",150
"NO_NT_1965",1965-10-01,"NO_Rognerud_Berte_1907",150
"NO_NT_1965",1965-10-01,"NO_Rossbach_Hans-Hammond_1931",150
"NO_NT_1965",1965-10-01,"NO_Rostoft_Sverre-Walter_1912",150
"NO_NT_1965",1965-10-01,"NO_Saeteroey_Anders_1901",150
"NO_NT_1965",1965-10-01,"NO_Salvesen_Salve-Andreas_1909",150
"NO_NT_1965",1965-10-01,"NO_Samuelsberg_Harald-Nicolai_1911",150
"NO_NT_1965",1965-10-01,"NO_Schjerven_Rolf_1918",150
"NO_NT_1965",1965-10-01,"NO_Seip_Helge_1919",150
"NO_NT_1965",1965-10-01,"NO_Selaas_Harald_1908",150
"NO_NT_1965",1965-10-01,"NO_Seland_Karstein_1912",150
"NO_NT_1965",1965-10-01,"NO_Selvik_Torstein_1900",150
"NO_NT_1965",1965-10-01,"NO_Seweriin_Rakel_1906",150
"NO_NT_1965",1965-10-01,"NO_Skaaren_Martin_1905",150
"NO_NT_1965",1965-10-01,"NO_Skogly_Oskar_1908",150
"NO_NT_1965",1965-10-01,"NO_Sloegedal_Haakon_1901",150
"NO_NT_1965",1965-10-01,"NO_Sonerud_Per_1915",150
"NO_NT_1965",1965-10-01,"NO_Stavang_Einar-Magnus_1898",150
"NO_NT_1965",1965-10-01,"NO_Steenberg_Erland_1919",150
"NO_NT_1965",1965-10-01,"NO_Stokkeland_Kaare_1918",150
"NO_NT_1965",1965-10-01,"NO_Stray_Svenn-Thorkild_1922",150
"NO_NT_1965",1965-10-01,"NO_Stroemdahl_Reidar_1913",150
"NO_NT_1965",1965-10-01,"NO_Svarstad_Paul_1917",150
"NO_NT_1965",1965-10-01,"NO_Tande_Torkell_1901",150
"NO_NT_1965",1965-10-01,"NO_Tangvik_Lars_1902",150
"NO_NT_1965",1965-10-01,"NO_Thommesen_Alfred_1914",150
"NO_NT_1965",1965-10-01,"NO_Thyness_Paul_1930",150
"NO_NT_1965",1965-10-01,"NO_Tjernsberg_Haldis_1903",150
"NO_NT_1965",1965-10-01,"NO_Toppe_Steffen-Ingebriktsen_1902",150
"NO_NT_1965",1965-10-01,"NO_Toven_Knut_1897",150
"NO_NT_1965",1965-10-01,"NO_Treholt_Thorstein_1911",150
"NO_NT_1965",1965-10-01,"NO_Tusvik_Inga-Lovise_1914",150
"NO_NT_1965",1965-10-01,"NO_Tynning_Torstein_1932",150
"NO_NT_1965",1965-10-01,"NO_Ulveseth_Ingvald-Johan_1924",150
"NO_NT_1965",1965-10-01,"NO_Undheim_Bjarne_1905",150
"NO_NT_1965",1965-10-01,"NO_Unsgaard_Iver-Johan_1903",150
"NO_NT_1965",1965-10-01,"NO_Warholm_Harald_1920",150
"NO_NT_1965",1965-10-01,"NO_Warmedal_Johan-Moeller_1914",150
"NO_NT_1965",1965-10-01,"NO_Willoch_Kaare_1928",150
"NO_NT_1965",1965-10-01,"NO_Wirstad_Trond-Halvorsen_1904",150
"NO_NT_1965",1965-10-01,"NO_Wormdahl_Andreas_1911",150
"NO_NT_1969",1969-10-01,"NO_Aakre_Bodil_1922",150
"NO_NT_1969",1969-10-01,"NO_Aano_Jakob_1920",150
"NO_NT_1969",1969-10-01,"NO_Aasen_Liv_1928",150
"NO_NT_1969",1969-10-01,"NO_Aasland_Karl_1918",150
"NO_NT_1969",1969-10-01,"NO_Andenaes_Toennes-Madsson_1923",150
"NO_NT_1969",1969-10-01,"NO_Andersen_Liv_1919",150
"NO_NT_1969",1969-10-01,"NO_Andersen_Magnus_1916",150
"NO_NT_1969",1969-10-01,"NO_Andersen_Torgeir_1916",150
"NO_NT_1969",1969-10-01,"NO_Aune_Anders-John_1923",150
"NO_NT_1969",1969-10-01,"NO_Austrheim_John_1912",150
"NO_NT_1969",1969-10-01,"NO_Bakken_Ingvar_1920",150
"NO_NT_1969",1969-10-01,"NO_Bartnes_Inge-Einarsen_1911",150
"NO_NT_1969",1969-10-01,"NO_Benkow_Jo_1924",150
"NO_NT_1969",1969-10-01,"NO_Berge_Gunnar_1940",150
"NO_NT_1969",1969-10-01,"NO_Bjorvatn_Oeyvind_1931",150
"NO_NT_1969",1969-10-01,"NO_Bratteli_Trygve_1910",150
"NO_NT_1969",1969-10-01,"NO_Brommeland_Karl-J_1913",150
"NO_NT_1969",1969-10-01,"NO_Buvik_Martin_1923",150
"NO_NT_1969",1969-10-01,"NO_Bye_Roald-Aasmund_1928",150
"NO_NT_1969",1969-10-01,"NO_Christiansen_Ragnar-Karl-Viktor_1922",150
"NO_NT_1969",1969-10-01,"NO_Dyring_Theodor_1916",150
"NO_NT_1969",1969-10-01,"NO_Edvardsen_Edvard-Magnus_1910",150
"NO_NT_1969",1969-10-01,"NO_Eian_Hermund_1927",150
"NO_NT_1969",1969-10-01,"NO_Eika_Hallvard_1920",150
"NO_NT_1969",1969-10-01,"NO_Endresen_Egil_1920",150
"NO_NT_1969",1969-10-01,"NO_Engan_Erling_1910",150
"NO_NT_1969",1969-10-01,"NO_Fagerheim_Oddleif_1911",150
"NO_NT_1969",1969-10-01,"NO_Faremo_Osmund_1921",150
"NO_NT_1969",1969-10-01,"NO_Fjaervoll_Edmund_1910",150
"NO_NT_1969",1969-10-01,"NO_Fjeldvaer_Rolf_1926",150
"NO_NT_1969",1969-10-01,"NO_Fjose_Bergfrid_1915",150
"NO_NT_1969",1969-10-01,"NO_Flem_Bjarne_1914",150
"NO_NT_1969",1969-10-01,"NO_Foerde_Einar_1943",150
"NO_NT_1969",1969-10-01,"NO_Fossen_Aksel_1919",150
"NO_NT_1969",1969-10-01,"NO_Fostervoll_Alv-Jakob_1932",150
"NO_NT_1969",1969-10-01,"NO_Fredheim_Kjell-Magne_1928",150
"NO_NT_1969",1969-10-01,"NO_Frydenlund_Knut_1927",150
"NO_NT_1969",1969-10-01,"NO_Furberg_Petter_1923",150
"NO_NT_1969",1969-10-01,"NO_Furuseth_Rolf_1915",150
"NO_NT_1969",1969-10-01,"NO_Gabrielsen_Valter_1921",150
"NO_NT_1969",1969-10-01,"NO_Garbo_Gunnar_1924",150
"NO_NT_1969",1969-10-01,"NO_Gilleberg_Johannes_1915",150
"NO_NT_1969",1969-10-01,"NO_Granheim_Asbjoern_1906",150
"NO_NT_1969",1969-10-01,"NO_Granli_Leif_1909",150
"NO_NT_1969",1969-10-01,"NO_Gystad_Thor_1919",150
"NO_NT_1969",1969-10-01,"NO_Hagen_Arnt-Gudleik_1928",150
"NO_NT_1969",1969-10-01,"NO_Hansen_Guttorm_1920",150
"NO_NT_1969",1969-10-01,"NO_Hansen_Harry_1919",150
"NO_NT_1969",1969-10-01,"NO_Haugland_Jens_1910",150
"NO_NT_1969",1969-10-01,"NO_Haugstvedt_Asbjoern_1926",150
"NO_NT_1969",1969-10-01,"NO_Hegtun_Halfdan_1918",150
"NO_NT_1969",1969-10-01,"NO_Helland_Sverre_1924",150
"NO_NT_1969",1969-10-01,"NO_Helle_Ingvar-Lars_1933",150
"NO_NT_1969",1969-10-01,"NO_Hellem_Rolf_1923",150
"NO_NT_1969",1969-10-01,"NO_Henningsen_Alfred-Meyer_1918",150
"NO_NT_1969",1969-10-01,"NO_Holen_Lars_1912",150
"NO_NT_1969",1969-10-01,"NO_Hovi_Torger_1905",150
"NO_NT_1969",1969-10-01,"NO_Hvashovd_Gunnar-Thorleif_1924",150
"NO_NT_1969",1969-10-01,"NO_Hysing-Dahl_Per_1920",150
"NO_NT_1969",1969-10-01,"NO_Ihle_Geirmund_1934",150
"NO_NT_1969",1969-10-01,"NO_Ingvaldsen_Bernt_1902",150
"NO_NT_1969",1969-10-01,"NO_Jacobsen_Nils-Kristen_1908",150
"NO_NT_1969",1969-10-01,"NO_Jakobsen_Helge_1901",150
"NO_NT_1969",1969-10-01,"NO_Jansson_Willy_1927",150
"NO_NT_1969",1969-10-01,"NO_Johannessen_Guri_1911",150
"NO_NT_1969",1969-10-01,"NO_Johannessen_Martha-Frederikke_1907",150
"NO_NT_1969",1969-10-01,"NO_Johanson_Arvid_1929",150
"NO_NT_1969",1969-10-01,"NO_Johnsen_Haakon_1914",150
"NO_NT_1969",1969-10-01,"NO_Juvik_Sverre-Johan_1922",150
"NO_NT_1969",1969-10-01,"NO_Karstensen_Per_1915",150
"NO_NT_1969",1969-10-01,"NO_Kielland_Arne_1939",150
"NO_NT_1969",1969-10-01,"NO_Kleppe_Johan_1928",150
"NO_NT_1969",1969-10-01,"NO_Knudson_Olaf_1915",150
"NO_NT_1969",1969-10-01,"NO_Korvald_Lars_1916",150
"NO_NT_1969",1969-10-01,"NO_Kristensen_Finn_1936",150
"NO_NT_1969",1969-10-01,"NO_Kultorp_Thorbjoern_1929",150
"NO_NT_1969",1969-10-01,"NO_Kveli_Ola-H_1921",150
"NO_NT_1969",1969-10-01,"NO_Langeland_Kjeld_1920",150
"NO_NT_1969",1969-10-01,"NO_Langslet_Lars-Roar_1936",150
"NO_NT_1969",1969-10-01,"NO_Larsen_Gunnar-Alf_1919",150
"NO_NT_1969",1969-10-01,"NO_Liane_Eigil-Olaf_1916",150
"NO_NT_1969",1969-10-01,"NO_Lillaas_Asbjoern_1919",150
"NO_NT_1969",1969-10-01,"NO_Lionaes_Aase_1907",150
"NO_NT_1969",1969-10-01,"NO_Lisaeth_Henrik-J_1933",150
"NO_NT_1969",1969-10-01,"NO_Loebak_Harald-Johan_1904",150
"NO_NT_1969",1969-10-01,"NO_Lorentzen_Annemarie_1921",150
"NO_NT_1969",1969-10-01,"NO_Ludvigsen_Sonja-Aase_1928",150
"NO_NT_1969",1969-10-01,"NO_Lund_Thor_1921",150
"NO_NT_1969",1969-10-01,"NO_Lyng_Otto_1926",150
"NO_NT_1969",1969-10-01,"NO_Maraas_Olav_1931",150
"NO_NT_1969",1969-10-01,"NO_Martinsen_Astrid-Murberg_1932",150
"NO_NT_1969",1969-10-01,"NO_Mellesmo_Per_1919",150
"NO_NT_1969",1969-10-01,"NO_Mo_Sverre-L_1915",150
"NO_NT_1969",1969-10-01,"NO_Moe_Peter-Kjeldseth_1909",150
"NO_NT_1969",1969-10-01,"NO_Moerk-Eidem_Bjarne_1936",150
"NO_NT_1969",1969-10-01,"NO_Munkebye_Margith-Johanne_1911",150
"NO_NT_1969",1969-10-01,"NO_Myklebust_Thor_1908",150
"NO_NT_1969",1969-10-01,"NO_Myrstad_Knut_1913",150
"NO_NT_1969",1969-10-01,"NO_Naesheim_Peder-P_1925",150
"NO_NT_1969",1969-10-01,"NO_Nilsen_Arne_1924",150
"NO_NT_1969",1969-10-01,"NO_Nordli_Odvar_1927",150
"NO_NT_1969",1969-10-01,"NO_Norvik_Erling_1928",150
"NO_NT_1969",1969-10-01,"NO_Nyboe_Sverre-Bernhard_1903",150
"NO_NT_1969",1969-10-01,"NO_Oestby_Johan_1924",150
"NO_NT_1969",1969-10-01,"NO_Oesttveit_Johannes_1927",150
"NO_NT_1969",1969-10-01,"NO_Oftedal_Tor_1925",150
"NO_NT_1969",1969-10-01,"NO_Petersen_Erling_1906",150
"NO_NT_1969",1969-10-01,"NO_Pihl_Tove_1924",150
"NO_NT_1969",1969-10-01,"NO_Platou_Lars-T_1920",150
"NO_NT_1969",1969-10-01,"NO_Presthus_Rolf_1936",150
"NO_NT_1969",1969-10-01,"NO_Rein_Kristoffer_1912",150
"NO_NT_1969",1969-10-01,"NO_Repaal_Else_1930",150
"NO_NT_1969",1969-10-01,"NO_Roeiseland_Bent_1902",150
"NO_NT_1969",1969-10-01,"NO_Roessum_Ola-O_1926",150
"NO_NT_1969",1969-10-01,"NO_Rognerud_Berte_1907",150
"NO_NT_1969",1969-10-01,"NO_Rossbach_Hans-Hammond_1931",150
"NO_NT_1969",1969-10-01,"NO_Saeter_Arne_1913",150
"NO_NT_1969",1969-10-01,"NO_Salvesen_Salve-Andreas_1909",150
"NO_NT_1969",1969-10-01,"NO_Seland_Karstein_1912",150
"NO_NT_1969",1969-10-01,"NO_Sirevaag_Lauritz-Bernhard_1926",150
"NO_NT_1969",1969-10-01,"NO_Sjoethun_Asbjoern_1927",150
"NO_NT_1969",1969-10-01,"NO_Skaug_Gunnar_1940",150
"NO_NT_1969",1969-10-01,"NO_Skulberg_Anton_1921",150
"NO_NT_1969",1969-10-01,"NO_Steenberg_Erland_1919",150
"NO_NT_1969",1969-10-01,"NO_Stokkeland_Kaare_1918",150
"NO_NT_1969",1969-10-01,"NO_Stordrange_Kolbjoern_1924",150
"NO_NT_1969",1969-10-01,"NO_Stray_Svenn-Thorkild_1922",150
"NO_NT_1969",1969-10-01,"NO_Svarstad_Paul_1917",150
"NO_NT_1969",1969-10-01,"NO_Thommesen_Alfred_1914",150
"NO_NT_1969",1969-10-01,"NO_Thyness_Paul_1930",150
"NO_NT_1969",1969-10-01,"NO_Tjoenndal_Walter-Kaare_1923",150
"NO_NT_1969",1969-10-01,"NO_Totland_Olav_1904",150
"NO_NT_1969",1969-10-01,"NO_Treholt_Thorstein_1911",150
"NO_NT_1969",1969-10-01,"NO_Tynning_Torstein_1932",150
"NO_NT_1969",1969-10-01,"NO_Ulveseth_Ingvald-Johan_1924",150
"NO_NT_1969",1969-10-01,"NO_Unneberg_Bjoern_1928",150
"NO_NT_1969",1969-10-01,"NO_Vattekar_Odd_1918",150
"NO_NT_1969",1969-10-01,"NO_Versto_Aslak_1924",150
"NO_NT_1969",1969-10-01,"NO_Vigestad_Odd_1915",150
"NO_NT_1969",1969-10-01,"NO_Vikan_Johan-A_1912",150
"NO_NT_1969",1969-10-01,"NO_Weiberg-Aurdal_Arnold_1925",150
"NO_NT_1969",1969-10-01,"NO_Westermoen_Toralf_1914",150
"NO_NT_1969",1969-10-01,"NO_Wold_Willy-Arne_1929",150
"NO_NT_1973",1973-10-01,"NO_Aano_Jakob_1920",155
"NO_NT_1973",1973-10-01,"NO_Aarvik_Egil_1912",155
"NO_NT_1973",1973-10-01,"NO_Aas_Berit_1928",155
"NO_NT_1973",1973-10-01,"NO_Aas_Per-Almar_1929",155
"NO_NT_1973",1973-10-01,"NO_Aasen_Liv_1928",155
"NO_NT_1973",1973-10-01,"NO_Aasland_Karl_1918",155
"NO_NT_1973",1973-10-01,"NO_Andenaes_Toennes-Madsson_1923",155
"NO_NT_1973",1973-10-01,"NO_Andersen_Liv_1919",155
"NO_NT_1973",1973-10-01,"NO_Andersen_Torgeir_1916",155
"NO_NT_1973",1973-10-01,"NO_Bakken_Ingvar_1920",155
"NO_NT_1973",1973-10-01,"NO_Benkow_Jo_1924",155
"NO_NT_1973",1973-10-01,"NO_Berg_Arve_1935",155
"NO_NT_1973",1973-10-01,"NO_Berge_Gunnar_1940",155
"NO_NT_1973",1973-10-01,"NO_Bjoernoe_Alf-Martin_1923",155
"NO_NT_1973",1973-10-01,"NO_Bolle_Eivind_1923",155
"NO_NT_1973",1973-10-01,"NO_Bondevik_Kjell-Magne_1947",155
"NO_NT_1973",1973-10-01,"NO_Borten_Per_1913",155
"NO_NT_1973",1973-10-01,"NO_Bratteli_Trygve_1910",155
"NO_NT_1973",1973-10-01,"NO_Brox_Ottar_1932",155
"NO_NT_1973",1973-10-01,"NO_Buvik_Martin_1923",155
"NO_NT_1973",1973-10-01,"NO_Bye_Roald-Aasmund_1928",155
"NO_NT_1973",1973-10-01,"NO_Christiansen_Ragnar-Karl-Viktor_1922",155
"NO_NT_1973",1973-10-01,"NO_Edvardsen_Edvard-Magnus_1910",155
"NO_NT_1973",1973-10-01,"NO_Eian_Hermund_1927",155
"NO_NT_1973",1973-10-01,"NO_Erland_Erling_1917",155
"NO_NT_1973",1973-10-01,"NO_Fadum_Aslaug_1925",155
"NO_NT_1973",1973-10-01,"NO_Fagerheim_Oddleif_1911",155
"NO_NT_1973",1973-10-01,"NO_Faremo_Osmund_1921",155
"NO_NT_1973",1973-10-01,"NO_Finsveen_Bodil_1934",155
"NO_NT_1973",1973-10-01,"NO_Fjeldvaer_Rolf_1926",155
"NO_NT_1973",1973-10-01,"NO_Flaa_Jens-P_1923",155
"NO_NT_1973",1973-10-01,"NO_Foerde_Einar_1943",155
"NO_NT_1973",1973-10-01,"NO_Fossen_Aksel_1919",155
"NO_NT_1973",1973-10-01,"NO_Fostervoll_Alv-Jakob_1932",155
"NO_NT_1973",1973-10-01,"NO_Fredheim_Kjell-Magne_1928",155
"NO_NT_1973",1973-10-01,"NO_Frydenlund_Knut_1927",155
"NO_NT_1973",1973-10-01,"NO_Furberg_Petter_1923",155
"NO_NT_1973",1973-10-01,"NO_Furre_Berge_1937",155
"NO_NT_1973",1973-10-01,"NO_Furuseth_Rolf_1915",155
"NO_NT_1973",1973-10-01,"NO_Gabrielsen_Valter_1921",155
"NO_NT_1973",1973-10-01,"NO_Gilleberg_Johannes_1915",155
"NO_NT_1973",1973-10-01,"NO_Gjems-Onstad_Erik_1922",155
"NO_NT_1973",1973-10-01,"NO_Gjertsen_Astrid_1928",155
"NO_NT_1973",1973-10-01,"NO_Gravaas_Ottar_1922",155
"NO_NT_1973",1973-10-01,"NO_Gustavsen_Finn_1926",155
"NO_NT_1973",1973-10-01,"NO_Gystad_Thor_1919",155
"NO_NT_1973",1973-10-01,"NO_Hafstad_Karin_1936",155
"NO_NT_1973",1973-10-01,"NO_Hagen_Arnt-Gudleik_1928",155
"NO_NT_1973",1973-10-01,"NO_Hansen_Guttorm_1920",155
"NO_NT_1973",1973-10-01,"NO_Hansen_Harry_1919",155
"NO_NT_1973",1973-10-01,"NO_Hansen_Kaare-Oeistein_1927",155
"NO_NT_1973",1973-10-01,"NO_Hansen_Odin_1918",155
"NO_NT_1973",1973-10-01,"NO_Hauglin_Otto_1942",155
"NO_NT_1973",1973-10-01,"NO_Haugstvedt_Asbjoern_1926",155
"NO_NT_1973",1973-10-01,"NO_Haus_Knut_1915",155
"NO_NT_1973",1973-10-01,"NO_Havroey_Haldis_1925",155
"NO_NT_1973",1973-10-01,"NO_Helland_Kjell-Edvard_1940",155
"NO_NT_1973",1973-10-01,"NO_Helland_Sverre_1924",155
"NO_NT_1973",1973-10-01,"NO_Hellem_Rolf_1923",155
"NO_NT_1973",1973-10-01,"NO_Henriksen_Arent-M_1946",155
"NO_NT_1973",1973-10-01,"NO_Henriksen_Tor_1933",155
"NO_NT_1973",1973-10-01,"NO_Holen_Lars_1912",155
"NO_NT_1973",1973-10-01,"NO_Hvashovd_Gunnar-Thorleif_1924",155
"NO_NT_1973",1973-10-01,"NO_Hysing-Dahl_Per_1920",155
"NO_NT_1973",1973-10-01,"NO_Ihle_Geirmund_1934",155
"NO_NT_1973",1973-10-01,"NO_Jacobsen_Georg-Johan_1929",155
"NO_NT_1973",1973-10-01,"NO_Jakobsen_Johan-J_1937",155
"NO_NT_1973",1973-10-01,"NO_Johanson_Arvid_1929",155
"NO_NT_1973",1973-10-01,"NO_Johnsen_Gunnar_1924",155
"NO_NT_1973",1973-10-01,"NO_Juvik_Sverre-Johan_1922",155
"NO_NT_1973",1973-10-01,"NO_Karstensen_Per_1915",155
"NO_NT_1973",1973-10-01,"NO_Kielland_Arne_1939",155
"NO_NT_1973",1973-10-01,"NO_Kirste_Gerd_1918",155
"NO_NT_1973",1973-10-01,"NO_Klevstad_Karl-Sverre_1926",155
"NO_NT_1973",1973-10-01,"NO_Knudson_Olaf_1915",155
"NO_NT_1973",1973-10-01,"NO_Kristensen_Finn_1936",155
"NO_NT_1973",1973-10-01,"NO_Kristiansen_Kaare_1920",155
"NO_NT_1973",1973-10-01,"NO_Kultorp_Thorbjoern_1929",155
"NO_NT_1973",1973-10-01,"NO_Kvaloe_Steiner-Arvid_1922",155
"NO_NT_1973",1973-10-01,"NO_Kvanmo_Hanna_1926",155
"NO_NT_1973",1973-10-01,"NO_Kyllingmark_Haakon_1915",155
"NO_NT_1973",1973-10-01,"NO_Landfald_Ottar_1919",155
"NO_NT_1973",1973-10-01,"NO_Lange_Anders_1904",155
"NO_NT_1973",1973-10-01,"NO_Langlo_Oddbjoern-Sverre_1935",155
"NO_NT_1973",1973-10-01,"NO_Langset_Ola_1920",155
"NO_NT_1973",1973-10-01,"NO_Langslet_Lars-Roar_1936",155
"NO_NT_1973",1973-10-01,"NO_Larsen_Gunnar-Alf_1919",155
"NO_NT_1973",1973-10-01,"NO_Larsen_Reidar-T_1923",155
"NO_NT_1973",1973-10-01,"NO_Lie_Engly_1919",155
"NO_NT_1973",1973-10-01,"NO_Lied_Harald-U_1927",155
"NO_NT_1973",1973-10-01,"NO_Lien_Odd_1915",155
"NO_NT_1973",1973-10-01,"NO_Lionaes_Aase_1907",155
"NO_NT_1973",1973-10-01,"NO_Listau_Thor_1938",155
"NO_NT_1973",1973-10-01,"NO_Loenningdal_Kristin-Kverneland_1923",155
"NO_NT_1973",1973-10-01,"NO_Lorentzen_Annemarie_1921",155
"NO_NT_1973",1973-10-01,"NO_Ludvigsen_Sonja-Aase_1928",155
"NO_NT_1973",1973-10-01,"NO_Lund_Thor_1921",155
"NO_NT_1973",1973-10-01,"NO_Lyng_Otto_1926",155
"NO_NT_1973",1973-10-01,"NO_Martinsen_Astrid-Murberg_1932",155
"NO_NT_1973",1973-10-01,"NO_Mellesmo_Per_1919",155
"NO_NT_1973",1973-10-01,"NO_Mo_Sverre-L_1915",155
"NO_NT_1973",1973-10-01,"NO_Moerk-Eidem_Bjarne_1936",155
"NO_NT_1973",1973-10-01,"NO_Myklevoll_Kirsten_1928",155
"NO_NT_1973",1973-10-01,"NO_Myrstad_Knut_1913",155
"NO_NT_1973",1973-10-01,"NO_Myrvoll_Ole_1911",155
"NO_NT_1973",1973-10-01,"NO_Nilsen_Arne_1924",155
"NO_NT_1973",1973-10-01,"NO_Nordli_Odvar_1927",155
"NO_NT_1973",1973-10-01,"NO_Nyheim_Einar_1929",155
"NO_NT_1973",1973-10-01,"NO_Oestby_Johan_1924",155
"NO_NT_1973",1973-10-01,"NO_Oeverland_Kai_1931",155
"NO_NT_1973",1973-10-01,"NO_Oftedal_Tor_1925",155
"NO_NT_1973",1973-10-01,"NO_Platou_Lars-T_1920",155
"NO_NT_1973",1973-10-01,"NO_Presthus_Rolf_1936",155
"NO_NT_1973",1973-10-01,"NO_Ramberg_Aage_1921",155
"NO_NT_1973",1973-10-01,"NO_Randal_Haakon_1930",155
"NO_NT_1973",1973-10-01,"NO_Repaal_Else_1930",155
"NO_NT_1973",1973-10-01,"NO_Roenning_Kaare_1929",155
"NO_NT_1973",1973-10-01,"NO_Roessum_Ola-O_1926",155
"NO_NT_1973",1973-10-01,"NO_Rossbach_Hans-Hammond_1931",155
"NO_NT_1973",1973-10-01,"NO_Saelthun_Ambjoerg_1922",155
"NO_NT_1973",1973-10-01,"NO_Sirevaag_Lauritz-Bernhard_1926",155
"NO_NT_1973",1973-10-01,"NO_Sjoethun_Asbjoern_1927",155
"NO_NT_1973",1973-10-01,"NO_Skard_Torild_1936",155
"NO_NT_1973",1973-10-01,"NO_Sletteboe_Harald-Bjarne_1922",155
"NO_NT_1973",1973-10-01,"NO_Soensteboe_Joergen_1922",155
"NO_NT_1973",1973-10-01,"NO_Steenberg_Erland_1919",155
"NO_NT_1973",1973-10-01,"NO_Steinbach_Anne-Lise_1935",155
"NO_NT_1973",1973-10-01,"NO_Stenberg_Johnny_1925",155
"NO_NT_1973",1973-10-01,"NO_Stokkeland_Kaare_1918",155
"NO_NT_1973",1973-10-01,"NO_Stordrange_Kolbjoern_1924",155
"NO_NT_1973",1973-10-01,"NO_Stray_Svenn-Thorkild_1922",155
"NO_NT_1973",1973-10-01,"NO_Stubberud_Liv_1930",155
"NO_NT_1973",1973-10-01,"NO_Syse_Jan-P_1930",155
"NO_NT_1973",1973-10-01,"NO_Thyness_Paul_1930",155
"NO_NT_1973",1973-10-01,"NO_Toesdal_Margit_1918",155
"NO_NT_1973",1973-10-01,"NO_Treholt_Thorstein_1911",155
"NO_NT_1973",1973-10-01,"NO_Tynning_Torstein_1932",155
"NO_NT_1973",1973-10-01,"NO_Udjus_Ragnar_1933",155
"NO_NT_1973",1973-10-01,"NO_Unneberg_Bjoern_1928",155
"NO_NT_1973",1973-10-01,"NO_Utkilen_Sigrid_1916",155
"NO_NT_1973",1973-10-01,"NO_Vaagsnes_Johannes_1923",155
"NO_NT_1973",1973-10-01,"NO_Vattekar_Odd_1918",155
"NO_NT_1973",1973-10-01,"NO_Versto_Aslak_1924",155
"NO_NT_1973",1973-10-01,"NO_Vigestad_Odd_1915",155
"NO_NT_1973",1973-10-01,"NO_Vikan_Johan-A_1912",155
"NO_NT_1973",1973-10-01,"NO_Weiberg-Aurdal_Arnold_1925",155
"NO_NT_1973",1973-10-01,"NO_Westermoen_Toralf_1914",155
"NO_NT_1973",1973-10-01,"NO_Willoch_Kaare_1928",155
"NO_NT_1973",1973-10-01,"NO_With_Odd_1921",155
"NO_NT_1973",1973-10-01,"NO_Wold_Willy-Arne_1929",155
"NO_NT_1977",1977-10-01,"NO_Aano_Jakob_1920",155
"NO_NT_1977",1977-10-01,"NO_Aas_Per-Almar_1929",155
"NO_NT_1977",1977-10-01,"NO_Aasen_Liv_1928",155
"NO_NT_1977",1977-10-01,"NO_Andersen_Liv_1919",155
"NO_NT_1977",1977-10-01,"NO_Apenes_Georg_1940",155
"NO_NT_1977",1977-10-01,"NO_Asdahl_Erland_1921",155
"NO_NT_1977",1977-10-01,"NO_Austad_Tore_1935",155
"NO_NT_1977",1977-10-01,"NO_Bakken_Anne-Lise_1952",155
"NO_NT_1977",1977-10-01,"NO_Bakken_Ingvar_1920",155
"NO_NT_1977",1977-10-01,"NO_Benkow_Jo_1924",155
"NO_NT_1977",1977-10-01,"NO_Berg_Arve_1935",155
"NO_NT_1977",1977-10-01,"NO_Berge_Gunnar_1940",155
"NO_NT_1977",1977-10-01,"NO_Bergsland_Egil_1924",155
"NO_NT_1977",1977-10-01,"NO_Berntsen_Jostein_1943",155
"NO_NT_1977",1977-10-01,"NO_Berntsen_Thorbjoern_1935",155
"NO_NT_1977",1977-10-01,"NO_Bjoernoe_Alf-Martin_1923",155
"NO_NT_1977",1977-10-01,"NO_Boesterud_Helen-Marie_1940",155
"NO_NT_1977",1977-10-01,"NO_Bohlin_Kjell_1928",155
"NO_NT_1977",1977-10-01,"NO_Bondevik_Kjell-Magne_1947",155
"NO_NT_1977",1977-10-01,"NO_Borgen_Kjell_1939",155
"NO_NT_1977",1977-10-01,"NO_Bratteli_Trygve_1910",155
"NO_NT_1977",1977-10-01,"NO_Bye_Roald-Aasmund_1928",155
"NO_NT_1977",1977-10-01,"NO_Djupvik_Olav_1931",155
"NO_NT_1977",1977-10-01,"NO_Doerum_Odd-Einar_1943",155
"NO_NT_1977",1977-10-01,"NO_Due_Reidar_1922",155
"NO_NT_1977",1977-10-01,"NO_Eian_Hermund_1927",155
"NO_NT_1977",1977-10-01,"NO_Eide_Mary_1924",155
"NO_NT_1977",1977-10-01,"NO_Erlandsen_Christian_1926",155
"NO_NT_1977",1977-10-01,"NO_Fagerheim_Oddleif_1911",155
"NO_NT_1977",1977-10-01,"NO_Faremo_Osmund_1921",155
"NO_NT_1977",1977-10-01,"NO_Feyling_Claus-Egil_1916",155
"NO_NT_1977",1977-10-01,"NO_Fjeldvaer_Rolf_1926",155
"NO_NT_1977",1977-10-01,"NO_Flaa_Jens-P_1923",155
"NO_NT_1977",1977-10-01,"NO_Foerde_Einar_1943",155
"NO_NT_1977",1977-10-01,"NO_Fossen_Aksel_1919",155
"NO_NT_1977",1977-10-01,"NO_Fredheim_Kjell-Magne_1928",155
"NO_NT_1977",1977-10-01,"NO_Fredriksen_Aslaug_1918",155
"NO_NT_1977",1977-10-01,"NO_Frette_Hans_1927",155
"NO_NT_1977",1977-10-01,"NO_Furberg_Petter_1923",155
"NO_NT_1977",1977-10-01,"NO_Furuseth_Rolf_1915",155
"NO_NT_1977",1977-10-01,"NO_Gabrielsen_Valter_1921",155
"NO_NT_1977",1977-10-01,"NO_Gjertsen_Astrid_1928",155
"NO_NT_1977",1977-10-01,"NO_Gjoerv_Inger-Lise_1938",155
"NO_NT_1977",1977-10-01,"NO_Groendahl_Kirsti-Kolle_1943",155
"NO_NT_1977",1977-10-01,"NO_Grytoeyr_Gudmund_1920",155
"NO_NT_1977",1977-10-01,"NO_Gystad_Thor_1919",155
"NO_NT_1977",1977-10-01,"NO_Hafstad_Karin_1936",155
"NO_NT_1977",1977-10-01,"NO_Hansen-Krone_Margit_1925",155
"NO_NT_1977",1977-10-01,"NO_Hansen_Guttorm_1920",155
"NO_NT_1977",1977-10-01,"NO_Hansen_Harry_1919",155
"NO_NT_1977",1977-10-01,"NO_Haugstvedt_Asbjoern_1926",155
"NO_NT_1977",1977-10-01,"NO_Haus_Knut_1915",155
"NO_NT_1977",1977-10-01,"NO_Havroey_Haldis_1925",155
"NO_NT_1977",1977-10-01,"NO_Helland_Kjell-Edvard_1940",155
"NO_NT_1977",1977-10-01,"NO_Helland_Sverre_1924",155
"NO_NT_1977",1977-10-01,"NO_Hellem_Rolf_1923",155
"NO_NT_1977",1977-10-01,"NO_Hovengen_Aage_1927",155
"NO_NT_1977",1977-10-01,"NO_Husaboe_Per-J_1928",155
"NO_NT_1977",1977-10-01,"NO_Hvashovd_Gunnar-Thorleif_1924",155
"NO_NT_1977",1977-10-01,"NO_Hysing-Dahl_Per_1920",155
"NO_NT_1977",1977-10-01,"NO_Ihle_Geirmund_1934",155
"NO_NT_1977",1977-10-01,"NO_Ingeborgrud_Anne-Olaug_1925",155
"NO_NT_1977",1977-10-01,"NO_Jacobsen_Georg-Johan_1929",155
"NO_NT_1977",1977-10-01,"NO_Jakobsen_Johan-J_1937",155
"NO_NT_1977",1977-10-01,"NO_Johanson_Arvid_1929",155
"NO_NT_1977",1977-10-01,"NO_Johnsen_Sigbjoern_1950",155
"NO_NT_1977",1977-10-01,"NO_Jordahl_Asbjoern-Reidar_1932",155
"NO_NT_1977",1977-10-01,"NO_Karstensen_Per_1915",155
"NO_NT_1977",1977-10-01,"NO_Kirste_Gerd_1918",155
"NO_NT_1977",1977-10-01,"NO_Klevstad_Karl-Sverre_1926",155
"NO_NT_1977",1977-10-01,"NO_Knudsen_Thor_1927",155
"NO_NT_1977",1977-10-01,"NO_Korvald_Lars_1916",155
"NO_NT_1977",1977-10-01,"NO_Kristensen_Finn_1936",155
"NO_NT_1977",1977-10-01,"NO_Kristiansen_Eli_1933",155
"NO_NT_1977",1977-10-01,"NO_Kultorp_Thorbjoern_1929",155
"NO_NT_1977",1977-10-01,"NO_Kvanmo_Hanna_1926",155
"NO_NT_1977",1977-10-01,"NO_Kyllingmark_Haakon_1915",155
"NO_NT_1977",1977-10-01,"NO_Landfald_Ottar_1919",155
"NO_NT_1977",1977-10-01,"NO_Langlo_Oddbjoern-Sverre_1935",155
"NO_NT_1977",1977-10-01,"NO_Langslet_Lars-Roar_1936",155
"NO_NT_1977",1977-10-01,"NO_Lefdal_Lars_1939",155
"NO_NT_1977",1977-10-01,"NO_Lie_Engly_1919",155
"NO_NT_1977",1977-10-01,"NO_Lied_Harald-U_1927",155
"NO_NT_1977",1977-10-01,"NO_Lien_Odd_1915",155
"NO_NT_1977",1977-10-01,"NO_Listau_Thor_1938",155
"NO_NT_1977",1977-10-01,"NO_Loenningdal_Kristin-Kverneland_1923",155
"NO_NT_1977",1977-10-01,"NO_Loevvig_Marit_1938",155
"NO_NT_1977",1977-10-01,"NO_Lowzow_Carl-Fredrik_1927",155
"NO_NT_1977",1977-10-01,"NO_Lowzow_Wenche-Bryn_1926",155
"NO_NT_1977",1977-10-01,"NO_Lund_Thor_1921",155
"NO_NT_1977",1977-10-01,"NO_Martinsen_Astrid-Murberg_1932",155
"NO_NT_1977",1977-10-01,"NO_Mo_Sverre-L_1915",155
"NO_NT_1977",1977-10-01,"NO_Moerk-Eidem_Bjarne_1936",155
"NO_NT_1977",1977-10-01,"NO_Mykland_Thor-Eirik-Gulbrandsen_1940",155
"NO_NT_1977",1977-10-01,"NO_Myklevoll_Kirsten_1928",155
"NO_NT_1977",1977-10-01,"NO_Nilsen_Arne_1924",155
"NO_NT_1977",1977-10-01,"NO_Nilssen_Rolf_1928",155
"NO_NT_1977",1977-10-01,"NO_Norwich_Arnljot_1922",155
"NO_NT_1977",1977-10-01,"NO_Oeen_Olaf_1925",155
"NO_NT_1977",1977-10-01,"NO_Oernhoei_Stein_1935",155
"NO_NT_1977",1977-10-01,"NO_Oevregard_Kaare_1933",155
"NO_NT_1977",1977-10-01,"NO_Oftedal_Tor_1925",155
"NO_NT_1977",1977-10-01,"NO_Olsen-Hagen_Gunn-Vigdis_1946",155
"NO_NT_1977",1977-10-01,"NO_Pettersen_Oddrunn_1937",155
"NO_NT_1977",1977-10-01,"NO_Presthus_Rolf_1936",155
"NO_NT_1977",1977-10-01,"NO_Ramberg_Aage_1921",155
"NO_NT_1977",1977-10-01,"NO_Randal_Haakon_1930",155
"NO_NT_1977",1977-10-01,"NO_Repaal_Else_1930",155
"NO_NT_1977",1977-10-01,"NO_Roekke_Mona_1940",155
"NO_NT_1977",1977-10-01,"NO_Roenning_Kaare_1929",155
"NO_NT_1977",1977-10-01,"NO_Roessum_Ola-O_1926",155
"NO_NT_1977",1977-10-01,"NO_Rossbach_Hans-Hammond_1931",155
"NO_NT_1977",1977-10-01,"NO_Rusten_Kristine_1940",155
"NO_NT_1977",1977-10-01,"NO_Saelthun_Ambjoerg_1922",155
"NO_NT_1977",1977-10-01,"NO_Schnitler_Gunvor-Margaret_1930",155
"NO_NT_1977",1977-10-01,"NO_Sjoethun_Asbjoern_1927",155
"NO_NT_1977",1977-10-01,"NO_Skarstein_Inger-Lise_1937",155
"NO_NT_1977",1977-10-01,"NO_Skauge_Arne_1948",155
"NO_NT_1977",1977-10-01,"NO_Soensteboe_Joergen_1922",155
"NO_NT_1977",1977-10-01,"NO_Sogn_Karen_1931",155
"NO_NT_1977",1977-10-01,"NO_Steen_Reiulf_1933",155
"NO_NT_1977",1977-10-01,"NO_Steinbach_Anne-Lise_1935",155
"NO_NT_1977",1977-10-01,"NO_Stenberg_Johnny_1925",155
"NO_NT_1977",1977-10-01,"NO_Strand_Hans-E_1934",155
"NO_NT_1977",1977-10-01,"NO_Stray_Svenn-Thorkild_1922",155
"NO_NT_1977",1977-10-01,"NO_Stubberud_Liv_1930",155
"NO_NT_1977",1977-10-01,"NO_Syrstad_Johan_1924",155
"NO_NT_1977",1977-10-01,"NO_Syse_Jan-P_1930",155
"NO_NT_1977",1977-10-01,"NO_Talleraas_Anders_1946",155
"NO_NT_1977",1977-10-01,"NO_Thomassen_Petter_1941",155
"NO_NT_1977",1977-10-01,"NO_Thoresen_Tom_1947",155
"NO_NT_1977",1977-10-01,"NO_Thyness_Paul_1930",155
"NO_NT_1977",1977-10-01,"NO_Toesdal_Margit_1918",155
"NO_NT_1977",1977-10-01,"NO_Torgersen_Hans_1926",155
"NO_NT_1977",1977-10-01,"NO_Tungesvik_Hans-Olav_1936",155
"NO_NT_1977",1977-10-01,"NO_Tynning_Torstein_1932",155
"NO_NT_1977",1977-10-01,"NO_Udjus_Ragnar_1933",155
"NO_NT_1977",1977-10-01,"NO_Ueland_Ole-Gabriel_1931",155
"NO_NT_1977",1977-10-01,"NO_Utkilen_Sigrid_1916",155
"NO_NT_1977",1977-10-01,"NO_Utsi_Per-A_1939",155
"NO_NT_1977",1977-10-01,"NO_Vaagsnes_Johannes_1923",155
"NO_NT_1977",1977-10-01,"NO_Vada_Gunnar_1927",155
"NO_NT_1977",1977-10-01,"NO_Varsi_Turid-Doerumsgaard_1938",155
"NO_NT_1977",1977-10-01,"NO_Vattekar_Odd_1918",155
"NO_NT_1977",1977-10-01,"NO_Vigestad_Odd_1915",155
"NO_NT_1977",1977-10-01,"NO_Weiberg-Aurdal_Arnold_1925",155
"NO_NT_1977",1977-10-01,"NO_Westermoen_Toralf_1914",155
"NO_NT_1977",1977-10-01,"NO_Willoch_Kaare_1928",155
"NO_NT_1977",1977-10-01,"NO_With_Odd_1921",155
"NO_NT_1981",1981-10-01,"NO_Aano_Jakob_1920",155
"NO_NT_1981",1981-10-01,"NO_Aas_Per-Almar_1929",155
"NO_NT_1981",1981-10-01,"NO_Aasen_Liv_1928",155
"NO_NT_1981",1981-10-01,"NO_Andersen_Liv_1919",155
"NO_NT_1981",1981-10-01,"NO_Angelsen_Peter_1935",155
"NO_NT_1981",1981-10-01,"NO_Apenes_Georg_1940",155
"NO_NT_1981",1981-10-01,"NO_Austad_Tore_1935",155
"NO_NT_1981",1981-10-01,"NO_Bakke_Hallvard_1943",155
"NO_NT_1981",1981-10-01,"NO_Bakken_Anne-Lise_1952",155
"NO_NT_1981",1981-10-01,"NO_Bakken_Ingvar_1920",155
"NO_NT_1981",1981-10-01,"NO_Benkow_Jo_1924",155
"NO_NT_1981",1981-10-01,"NO_Berg_Arve_1935",155
"NO_NT_1981",1981-10-01,"NO_Berg_Hallgrim_1945",155
"NO_NT_1981",1981-10-01,"NO_Berge_Gunnar_1940",155
"NO_NT_1981",1981-10-01,"NO_Berntsen_Jostein_1943",155
"NO_NT_1981",1981-10-01,"NO_Berntsen_Thorbjoern_1935",155
"NO_NT_1981",1981-10-01,"NO_Bjoernoe_Alf-Martin_1923",155
"NO_NT_1981",1981-10-01,"NO_Blankenborg_Haakon_1955",155
"NO_NT_1981",1981-10-01,"NO_Bohlin_Kjell_1928",155
"NO_NT_1981",1981-10-01,"NO_Bondevik_Kjell-Magne_1947",155
"NO_NT_1981",1981-10-01,"NO_Borgen_Kjell_1939",155
"NO_NT_1981",1981-10-01,"NO_Botnen_Ingeborg_1934",155
"NO_NT_1981",1981-10-01,"NO_Buttedahl_Johan_1935",155
"NO_NT_1981",1981-10-01,"NO_Dalheim_Erik_1940",155
"NO_NT_1981",1981-10-01,"NO_Danielsen_Harry_1936",155
"NO_NT_1981",1981-10-01,"NO_Ditlev-Simonsen_Per_1932",155
"NO_NT_1981",1981-10-01,"NO_Due_Reidar_1922",155
"NO_NT_1981",1981-10-01,"NO_Eian_Hermund_1927",155
"NO_NT_1981",1981-10-01,"NO_Eide_Mary_1924",155
"NO_NT_1981",1981-10-01,"NO_Erlandsen_Christian_1926",155
"NO_NT_1981",1981-10-01,"NO_Espelid_Mons_1926",155
"NO_NT_1981",1981-10-01,"NO_Falck_Sven-Trygve_1943",155
"NO_NT_1981",1981-10-01,"NO_Faremo_Osmund_1921",155
"NO_NT_1981",1981-10-01,"NO_Feyling_Claus-Egil_1916",155
"NO_NT_1981",1981-10-01,"NO_Five_Kaci-Kullmann_1951",155
"NO_NT_1981",1981-10-01,"NO_Flaa_Jens-P_1923",155
"NO_NT_1981",1981-10-01,"NO_Foss_Per-Kristian_1950",155
"NO_NT_1981",1981-10-01,"NO_Fossen_Aksel_1919",155
"NO_NT_1981",1981-10-01,"NO_Fredheim_Kjell-Magne_1928",155
"NO_NT_1981",1981-10-01,"NO_Fredriksen_Aslaug_1918",155
"NO_NT_1981",1981-10-01,"NO_Frette_Hans_1927",155
"NO_NT_1981",1981-10-01,"NO_Gjertsen_Astrid_1928",155
"NO_NT_1981",1981-10-01,"NO_Gjoerv_Inger-Lise_1938",155
"NO_NT_1981",1981-10-01,"NO_Granerud_Terje_1951",155
"NO_NT_1981",1981-10-01,"NO_Groendahl_Kirsti-Kolle_1943",155
"NO_NT_1981",1981-10-01,"NO_Gudmundseth_Roger_1938",155
"NO_NT_1981",1981-10-01,"NO_Gundersen_Fridtjof-Frank_1934",155
"NO_NT_1981",1981-10-01,"NO_Haarstad_Ragnhild-Queseth_1939",155
"NO_NT_1981",1981-10-01,"NO_Hagen_Carl-I_1944",155
"NO_NT_1981",1981-10-01,"NO_Hansen-Krone_Margit_1925",155
"NO_NT_1981",1981-10-01,"NO_Hansen_Guttorm_1920",155
"NO_NT_1981",1981-10-01,"NO_Hauan_Aashild_1941",155
"NO_NT_1981",1981-10-01,"NO_Hauglid_Ranja_1945",155
"NO_NT_1981",1981-10-01,"NO_Haugstvedt_Asbjoern_1926",155
"NO_NT_1981",1981-10-01,"NO_Haus_Knut_1915",155
"NO_NT_1981",1981-10-01,"NO_Helland_Kjell-Edvard_1940",155
"NO_NT_1981",1981-10-01,"NO_Helland_Sverre_1924",155
"NO_NT_1981",1981-10-01,"NO_Henriksen_Arent-M_1946",155
"NO_NT_1981",1981-10-01,"NO_Hoel_Brit_1942",155
"NO_NT_1981",1981-10-01,"NO_Holemark_Sigurd_1934",155
"NO_NT_1981",1981-10-01,"NO_Holoes_Odd-Steinar_1922",155
"NO_NT_1981",1981-10-01,"NO_Hovengen_Aage_1927",155
"NO_NT_1981",1981-10-01,"NO_Husaboe_Per-J_1928",155
"NO_NT_1981",1981-10-01,"NO_Huseby_Magnar-G_1928",155
"NO_NT_1981",1981-10-01,"NO_Hysing-Dahl_Per_1920",155
"NO_NT_1981",1981-10-01,"NO_Ingebrigtsen_Karl_1935",155
"NO_NT_1981",1981-10-01,"NO_Jakobsen_Johan-J_1937",155
"NO_NT_1981",1981-10-01,"NO_Joergensen_Ragna-Berget_1941",155
"NO_NT_1981",1981-10-01,"NO_Johnsen_Sigbjoern_1950",155
"NO_NT_1981",1981-10-01,"NO_Klemsdal_Ole-Frithjof_1923",155
"NO_NT_1981",1981-10-01,"NO_Knudsen_Thor_1927",155
"NO_NT_1981",1981-10-01,"NO_Kobberstad_Elsa_1918",155
"NO_NT_1981",1981-10-01,"NO_Koppernaes_Inger_1928",155
"NO_NT_1981",1981-10-01,"NO_Kristiansen_Kaare_1920",155
"NO_NT_1981",1981-10-01,"NO_Kvanmo_Hanna_1926",155
"NO_NT_1981",1981-10-01,"NO_Langlo_Oddbjoern-Sverre_1935",155
"NO_NT_1981",1981-10-01,"NO_Langslet_Lars-Roar_1936",155
"NO_NT_1981",1981-10-01,"NO_Lefdal_Lars_1939",155
"NO_NT_1981",1981-10-01,"NO_Lie_Engly_1919",155
"NO_NT_1981",1981-10-01,"NO_Lied_Harald-U_1927",155
"NO_NT_1981",1981-10-01,"NO_Listau_Thor_1938",155
"NO_NT_1981",1981-10-01,"NO_Loeken_Johan-C_1944",155
"NO_NT_1981",1981-10-01,"NO_Loevvig_Marit_1938",155
"NO_NT_1981",1981-10-01,"NO_Lowzow_Carl-Fredrik_1927",155
"NO_NT_1981",1981-10-01,"NO_Lowzow_Wenche-Bryn_1926",155
"NO_NT_1981",1981-10-01,"NO_Lund_Kristian_1932",155
"NO_NT_1981",1981-10-01,"NO_Lunde_Kjellbjoerg_1944",155
"NO_NT_1981",1981-10-01,"NO_Majala_Oddvar-J_1932",155
"NO_NT_1981",1981-10-01,"NO_Marcussen_Jens_1926",155
"NO_NT_1981",1981-10-01,"NO_Martinsen_Astrid-Murberg_1932",155
"NO_NT_1981",1981-10-01,"NO_Mauritzen_Sverre_1943",155
"NO_NT_1981",1981-10-01,"NO_Moerk-Eidem_Bjarne_1936",155
"NO_NT_1981",1981-10-01,"NO_Mykland_Thor-Eirik-Gulbrandsen_1940",155
"NO_NT_1981",1981-10-01,"NO_Nilssen_Rolf_1928",155
"NO_NT_1981",1981-10-01,"NO_Nordli_Odvar_1927",155
"NO_NT_1981",1981-10-01,"NO_Norwich_Arnljot_1922",155
"NO_NT_1981",1981-10-01,"NO_Oeen_Olaf_1925",155
"NO_NT_1981",1981-10-01,"NO_Oernhoei_Stein_1935",155
"NO_NT_1981",1981-10-01,"NO_Oevregard_Kaare_1933",155
"NO_NT_1981",1981-10-01,"NO_Olsen-Hagen_Gunn-Vigdis_1946",155
"NO_NT_1981",1981-10-01,"NO_Olsvik_Rikard_1930",155
"NO_NT_1981",1981-10-01,"NO_Opseth_Kjell_1936",155
"NO_NT_1981",1981-10-01,"NO_Petersen_Jan_1946",155
"NO_NT_1981",1981-10-01,"NO_Pettersen_Oddrunn_1937",155
"NO_NT_1981",1981-10-01,"NO_Presthus_Rolf_1936",155
"NO_NT_1981",1981-10-01,"NO_Randal_Haakon_1930",155
"NO_NT_1981",1981-10-01,"NO_Roekke_Mona_1940",155
"NO_NT_1981",1981-10-01,"NO_Rossbach_Hans-Hammond_1931",155
"NO_NT_1981",1981-10-01,"NO_Rotnes_Marit_1928",155
"NO_NT_1981",1981-10-01,"NO_Rusten_Kristine_1940",155
"NO_NT_1981",1981-10-01,"NO_Saelthun_Ambjoerg_1922",155
"NO_NT_1981",1981-10-01,"NO_Schnitler_Gunvor-Margaret_1930",155
"NO_NT_1981",1981-10-01,"NO_Sjoethun_Asbjoern_1927",155
"NO_NT_1981",1981-10-01,"NO_Skarstein_Inger-Lise_1937",155
"NO_NT_1981",1981-10-01,"NO_Skaug_Gunnar_1940",155
"NO_NT_1981",1981-10-01,"NO_Skauge_Arne_1948",155
"NO_NT_1981",1981-10-01,"NO_Soensteboe_Joergen_1922",155
"NO_NT_1981",1981-10-01,"NO_Sogn_Karen_1931",155
"NO_NT_1981",1981-10-01,"NO_Spilde_Arne-Alsaaker_1937",155
"NO_NT_1981",1981-10-01,"NO_Steen_Reiulf_1933",155
"NO_NT_1981",1981-10-01,"NO_Steenstrup_Morten_1953",155
"NO_NT_1981",1981-10-01,"NO_Strand_Hans-E_1934",155
"NO_NT_1981",1981-10-01,"NO_Stray_Svenn-Thorkild_1922",155
"NO_NT_1981",1981-10-01,"NO_Stubberud_Liv_1930",155
"NO_NT_1981",1981-10-01,"NO_Svendsgaard_Hans_1937",155
"NO_NT_1981",1981-10-01,"NO_Synnes_Harald_1931",155
"NO_NT_1981",1981-10-01,"NO_Syrstad_Johan_1924",155
"NO_NT_1981",1981-10-01,"NO_Syse_Jan-P_1930",155
"NO_NT_1981",1981-10-01,"NO_Talleraas_Anders_1946",155
"NO_NT_1981",1981-10-01,"NO_Thomassen_Petter_1941",155
"NO_NT_1981",1981-10-01,"NO_Thoresen_Tom_1947",155
"NO_NT_1981",1981-10-01,"NO_Tungesvik_Hans-Olav_1936",155
"NO_NT_1981",1981-10-01,"NO_Tynning_Torstein_1932",155
"NO_NT_1981",1981-10-01,"NO_Ueland_Ole-Gabriel_1931",155
"NO_NT_1981",1981-10-01,"NO_Utsi_Per-A_1939",155
"NO_NT_1981",1981-10-01,"NO_Vaagsnes_Johannes_1923",155
"NO_NT_1981",1981-10-01,"NO_Vada_Gunnar_1927",155
"NO_NT_1981",1981-10-01,"NO_Vaernoe_Grethe-Kathrine_1938",155
"NO_NT_1981",1981-10-01,"NO_Velsand_Lars_1941",155
"NO_NT_1981",1981-10-01,"NO_Verdal_Sigurd_1927",155
"NO_NT_1981",1981-10-01,"NO_Weiberg-Aurdal_Arnold_1925",155
"NO_NT_1981",1981-10-01,"NO_Willoch_Ingrid-I_1943",155
"NO_NT_1981",1981-10-01,"NO_Willoch_Kaare_1928",155
"NO_NT_1981",1981-10-01,"NO_With_Odd_1921",155
"NO_NT_1981",1981-10-01,"NO_Wroldsen_Ernst_1944",155
"NO_NT_1981",1981-10-01,"NO_Ytterhorn_Bjoern-Erling_1923",155
"NO_NT_1985",1985-10-01,"NO_Aas_Per-Almar_1929",157
"NO_NT_1985",1985-10-01,"NO_Aasen_Liv_1928",157
"NO_NT_1985",1985-10-01,"NO_Aasland_Tora_1942",157
"NO_NT_1985",1985-10-01,"NO_Alsaker_Svein_1940",157
"NO_NT_1985",1985-10-01,"NO_Andersen_Asbjoern_1941",157
"NO_NT_1985",1985-10-01,"NO_Andreassen_Reidun_1936",157
"NO_NT_1985",1985-10-01,"NO_Angelsen_Peter_1935",157
"NO_NT_1985",1985-10-01,"NO_Apenes_Georg_1940",157
"NO_NT_1985",1985-10-01,"NO_Austad_Tore_1935",157
"NO_NT_1985",1985-10-01,"NO_Bakke_Bente_1942",157
"NO_NT_1985",1985-10-01,"NO_Bakke_Hallvard_1943",157
"NO_NT_1985",1985-10-01,"NO_Bakken_Anne-Lise_1952",157
"NO_NT_1985",1985-10-01,"NO_Barland_Ragnhild_1934",157
"NO_NT_1985",1985-10-01,"NO_Benkow_Jo_1924",157
"NO_NT_1985",1985-10-01,"NO_Berg_Arve_1935",157
"NO_NT_1985",1985-10-01,"NO_Berg_Hallgrim_1945",157
"NO_NT_1985",1985-10-01,"NO_Berge_Gunnar_1940",157
"NO_NT_1985",1985-10-01,"NO_Berntsen_Jostein_1943",157
"NO_NT_1985",1985-10-01,"NO_Berntsen_Thorbjoern_1935",157
"NO_NT_1985",1985-10-01,"NO_Blakset_Leiv_1928",157
"NO_NT_1985",1985-10-01,"NO_Blankenborg_Haakon_1955",157
"NO_NT_1985",1985-10-01,"NO_Blattmann_Aud_1937",157
"NO_NT_1985",1985-10-01,"NO_Boesterud_Helen-Marie_1940",157
"NO_NT_1985",1985-10-01,"NO_Bohlin_Kjell_1928",157
"NO_NT_1985",1985-10-01,"NO_Borge_Brita_1931",157
"NO_NT_1985",1985-10-01,"NO_Borgen_Kjell_1939",157
"NO_NT_1985",1985-10-01,"NO_Botnen_Ingeborg_1934",157
"NO_NT_1985",1985-10-01,"NO_Brenden_Marie_1938",157
"NO_NT_1985",1985-10-01,"NO_Broerby_Berit_1950",157
"NO_NT_1985",1985-10-01,"NO_Brundtland_Gro-Harlem_1939",157
"NO_NT_1985",1985-10-01,"NO_Buttedahl_Johan_1935",157
"NO_NT_1985",1985-10-01,"NO_Dalheim_Erik_1940",157
"NO_NT_1985",1985-10-01,"NO_Doerum_Anneliese_1939",157
"NO_NT_1985",1985-10-01,"NO_Due_Reidar_1922",157
"NO_NT_1985",1985-10-01,"NO_Eide_Mary_1924",157
"NO_NT_1985",1985-10-01,"NO_Ellefsen_Harald_1950",157
"NO_NT_1985",1985-10-01,"NO_Enger_Anne_1949",157
"NO_NT_1985",1985-10-01,"NO_Eriksen_Steinar_1939",157
"NO_NT_1985",1985-10-01,"NO_Faldet_Eirin_1944",157
"NO_NT_1985",1985-10-01,"NO_Fatland_Gunnar_1946",157
"NO_NT_1985",1985-10-01,"NO_Five_Kaci-Kullmann_1951",157
"NO_NT_1985",1985-10-01,"NO_Fjaervoll_Dag-Jostein_1947",157
"NO_NT_1985",1985-10-01,"NO_Foerde_Einar_1943",157
"NO_NT_1985",1985-10-01,"NO_Foss_Per-Kristian_1950",157
"NO_NT_1985",1985-10-01,"NO_Fredheim_Kjell-Magne_1928",157
"NO_NT_1985",1985-10-01,"NO_Frette_Hans_1927",157
"NO_NT_1985",1985-10-01,"NO_Froeiland_Ranveig_1945",157
"NO_NT_1985",1985-10-01,"NO_Frydenlund_Knut_1927",157
"NO_NT_1985",1985-10-01,"NO_Furnes_Kjell_1936",157
"NO_NT_1985",1985-10-01,"NO_Gjoennes_Kaare_1942",157
"NO_NT_1985",1985-10-01,"NO_Gjoerv_Inger-Lise_1938",157
"NO_NT_1985",1985-10-01,"NO_Godal_Ingvald_1934",157
"NO_NT_1985",1985-10-01,"NO_Golten_Nils-O_1936",157
"NO_NT_1985",1985-10-01,"NO_Granerud_Terje_1951",157
"NO_NT_1985",1985-10-01,"NO_Groendahl_Kirsti-Kolle_1943",157
"NO_NT_1985",1985-10-01,"NO_Gudmundseth_Roger_1938",157
"NO_NT_1985",1985-10-01,"NO_Haagaard_Oddbjoern_1940",157
"NO_NT_1985",1985-10-01,"NO_Haarstad_Ragnhild-Queseth_1939",157
"NO_NT_1985",1985-10-01,"NO_Hagen_Carl-I_1944",157
"NO_NT_1985",1985-10-01,"NO_Hansen-Krone_Margit_1925",157
"NO_NT_1985",1985-10-01,"NO_Harkestad_Britt_1946",157
"NO_NT_1985",1985-10-01,"NO_Hauan_Aashild_1941",157
"NO_NT_1985",1985-10-01,"NO_Haugen_Helga_1932",157
"NO_NT_1985",1985-10-01,"NO_Hauglid_Ranja_1945",157
"NO_NT_1985",1985-10-01,"NO_Helland_Kjell-Edvard_1940",157
"NO_NT_1985",1985-10-01,"NO_Henriksen_Arent-M_1946",157
"NO_NT_1985",1985-10-01,"NO_Hoeegh_Annelise_1948",157
"NO_NT_1985",1985-10-01,"NO_Hoel_Brit_1942",157
"NO_NT_1985",1985-10-01,"NO_Holemark_Sigurd_1934",157
"NO_NT_1985",1985-10-01,"NO_Holoes_Odd-Steinar_1922",157
"NO_NT_1985",1985-10-01,"NO_Hovengen_Aage_1927",157
"NO_NT_1985",1985-10-01,"NO_Huseby_Magnar-G_1928",157
"NO_NT_1985",1985-10-01,"NO_Ingvaldsen_Jan-Olav_1954",157
"NO_NT_1985",1985-10-01,"NO_Iversen_Aasa-Solberg_1929",157
"NO_NT_1985",1985-10-01,"NO_Jansen_Jan-Helge_1937",157
"NO_NT_1985",1985-10-01,"NO_Joergensen_Ragna-Berget_1941",157
"NO_NT_1985",1985-10-01,"NO_Johnsen_Sigbjoern_1950",157
"NO_NT_1985",1985-10-01,"NO_Kaland_Laila_1939",157
"NO_NT_1985",1985-10-01,"NO_Klemsdal_Ole-Frithjof_1923",157
"NO_NT_1985",1985-10-01,"NO_Knudsen_Grete_1940",157
"NO_NT_1985",1985-10-01,"NO_Knudsen_Thor_1927",157
"NO_NT_1985",1985-10-01,"NO_Knutsen_Finn_1932",157
"NO_NT_1985",1985-10-01,"NO_Knutzen_Thea_1930",157
"NO_NT_1985",1985-10-01,"NO_Koppernaes_Inger_1928",157
"NO_NT_1985",1985-10-01,"NO_Koritzinsky_Theo_1941",157
"NO_NT_1985",1985-10-01,"NO_Kosmo_Joergen_1947",157
"NO_NT_1985",1985-10-01,"NO_Kristiansen_Bjarne_1937",157
"NO_NT_1985",1985-10-01,"NO_Kvanmo_Hanna_1926",157
"NO_NT_1985",1985-10-01,"NO_Lefdal_Lars_1939",157
"NO_NT_1985",1985-10-01,"NO_Lian_Karin_1942",157
"NO_NT_1985",1985-10-01,"NO_Lie_Lars-Gunnar_1938",157
"NO_NT_1985",1985-10-01,"NO_Lied_Harald-U_1927",157
"NO_NT_1985",1985-10-01,"NO_Loeken_Johan-C_1944",157
"NO_NT_1985",1985-10-01,"NO_Loevvig_Marit_1938",157
"NO_NT_1985",1985-10-01,"NO_Lowzow_Carl-Fredrik_1927",157
"NO_NT_1985",1985-10-01,"NO_Lunde_Kjellbjoerg_1944",157
"NO_NT_1985",1985-10-01,"NO_Majala_Oddvar-J_1932",157
"NO_NT_1985",1985-10-01,"NO_Mauritzen_Sverre_1943",157
"NO_NT_1985",1985-10-01,"NO_Moerk-Eidem_Bjarne_1936",157
"NO_NT_1985",1985-10-01,"NO_Moloekken_Aase_1930",157
"NO_NT_1985",1985-10-01,"NO_Mykland_Thor-Eirik-Gulbrandsen_1940",157
"NO_NT_1985",1985-10-01,"NO_Nilssen_Rolf_1928",157
"NO_NT_1985",1985-10-01,"NO_Norwich_Arnljot_1922",157
"NO_NT_1985",1985-10-01,"NO_Nyland_Johan-M_1931",157
"NO_NT_1985",1985-10-01,"NO_Oeen_Olaf_1925",157
"NO_NT_1985",1985-10-01,"NO_Oevregard_Kaare_1933",157
"NO_NT_1985",1985-10-01,"NO_Olsen-Hagen_Gunn-Vigdis_1946",157
"NO_NT_1985",1985-10-01,"NO_Olsvik_Rikard_1930",157
"NO_NT_1985",1985-10-01,"NO_Opseth_Kjell_1936",157
"NO_NT_1985",1985-10-01,"NO_Pedersen_Inger_1936",157
"NO_NT_1985",1985-10-01,"NO_Petersen_Jan_1946",157
"NO_NT_1985",1985-10-01,"NO_Pettersen_Oddrunn_1937",157
"NO_NT_1985",1985-10-01,"NO_Ramberg_Aage_1921",157
"NO_NT_1985",1985-10-01,"NO_Restad_Gudmund_1937",157
"NO_NT_1985",1985-10-01,"NO_Roenbeck_Sissel_1950",157
"NO_NT_1985",1985-10-01,"NO_Roeyseland_Borghild_1926",157
"NO_NT_1985",1985-10-01,"NO_Rotnes_Marit_1928",157
"NO_NT_1985",1985-10-01,"NO_Schjoett-Pedersen_Karl-Eirik_1959",157
"NO_NT_1985",1985-10-01,"NO_Sellaeg_Wenche-Frogn_1937",157
"NO_NT_1985",1985-10-01,"NO_Sjoethun_Asbjoern_1927",157
"NO_NT_1985",1985-10-01,"NO_Skarstein_Inger-Lise_1937",157
"NO_NT_1985",1985-10-01,"NO_Skaug_Gunnar_1940",157
"NO_NT_1985",1985-10-01,"NO_Sollie_Solveig_1939",157
"NO_NT_1985",1985-10-01,"NO_Sortaasloekken_Magnar_1947",157
"NO_NT_1985",1985-10-01,"NO_Spilde_Arne-Alsaaker_1937",157
"NO_NT_1985",1985-10-01,"NO_Staldvik_Inge_1955",157
"NO_NT_1985",1985-10-01,"NO_Stangeland_Magnus_1941",157
"NO_NT_1985",1985-10-01,"NO_Steen_Reiulf_1933",157
"NO_NT_1985",1985-10-01,"NO_Steenstrup_Morten_1953",157
"NO_NT_1985",1985-10-01,"NO_Stensland_Leiv_1934",157
"NO_NT_1985",1985-10-01,"NO_Sterri_Siri-Frost_1944",157
"NO_NT_1985",1985-10-01,"NO_Storhaug_Lars_1935",157
"NO_NT_1985",1985-10-01,"NO_Svendsgaard_Hans_1937",157
"NO_NT_1985",1985-10-01,"NO_Sverdrup_Ingvard_1936",157
"NO_NT_1985",1985-10-01,"NO_Synnes_Harald_1931",157
"NO_NT_1985",1985-10-01,"NO_Talleraas_Anders_1946",157
"NO_NT_1985",1985-10-01,"NO_Thomassen_Petter_1941",157
"NO_NT_1985",1985-10-01,"NO_Thoresen_Tom_1947",157
"NO_NT_1985",1985-10-01,"NO_Tveit_John-S_1931",157
"NO_NT_1985",1985-10-01,"NO_Ueland_Ole-Gabriel_1931",157
"NO_NT_1985",1985-10-01,"NO_Velsand_Lars_1941",157
"NO_NT_1985",1985-10-01,"NO_Verdal_Sigurd_1927",157
"NO_NT_1985",1985-10-01,"NO_Willoch_Ingrid-I_1943",157
"NO_NT_1985",1985-10-01,"NO_Wroldsen_Ernst_1944",157
"NO_NT_1985",1985-10-01,"NO_Ytterhorn_Bjoern-Erling_1923",157
"NO_NT_1989",1989-10-01,"NO_Aasland_Tora_1942",165
"NO_NT_1989",1989-10-01,"NO_Akselsen_Olav_1965",165
"NO_NT_1989",1989-10-01,"NO_Alsaker_Svein_1940",165
"NO_NT_1989",1989-10-01,"NO_Alvheim_John-I_1930",165
"NO_NT_1989",1989-10-01,"NO_Angelsen_Peter_1935",165
"NO_NT_1989",1989-10-01,"NO_Aune_Anders-John_1923",165
"NO_NT_1989",1989-10-01,"NO_Aunet_Per_1940",165
"NO_NT_1989",1989-10-01,"NO_Barland_Ragnhild_1934",165
"NO_NT_1989",1989-10-01,"NO_Bekkemellem_Karita_1965",165
"NO_NT_1989",1989-10-01,"NO_Bendiksen_Rolf_1938",165
"NO_NT_1989",1989-10-01,"NO_Benkow_Jo_1924",165
"NO_NT_1989",1989-10-01,"NO_Berg_Hallgrim_1945",165
"NO_NT_1989",1989-10-01,"NO_Berge_Syver_1939",165
"NO_NT_1989",1989-10-01,"NO_Bernander_John-G_1957",165
"NO_NT_1989",1989-10-01,"NO_Berntsen_Thorbjoern_1935",165
"NO_NT_1989",1989-10-01,"NO_Bjartveit_Eleonore_1924",165
"NO_NT_1989",1989-10-01,"NO_Bjoerheim_Petter_1965",165
"NO_NT_1989",1989-10-01,"NO_Bjoern_Rolf-Ketil_1938",165
"NO_NT_1989",1989-10-01,"NO_Blakset_Leiv_1928",165
"NO_NT_1989",1989-10-01,"NO_Blankenborg_Haakon_1955",165
"NO_NT_1989",1989-10-01,"NO_Blattmann_Aud_1937",165
"NO_NT_1989",1989-10-01,"NO_Bondevik_Kjell-Magne_1947",165
"NO_NT_1989",1989-10-01,"NO_Botnen_Ingeborg_1934",165
"NO_NT_1989",1989-10-01,"NO_Brenden_Marie_1938",165
"NO_NT_1989",1989-10-01,"NO_Broerby_Berit_1950",165
"NO_NT_1989",1989-10-01,"NO_Brunaes_Ole-Johs_1936",165
"NO_NT_1989",1989-10-01,"NO_Brustad_Sylvia_1966",165
"NO_NT_1989",1989-10-01,"NO_Chaffey_Paul_1965",165
"NO_NT_1989",1989-10-01,"NO_Clemet_Kristin_1957",165
"NO_NT_1989",1989-10-01,"NO_Dag_Inger_1933",165
"NO_NT_1989",1989-10-01,"NO_Dalheim_Erik_1940",165
"NO_NT_1989",1989-10-01,"NO_Doerum_Anneliese_1939",165
"NO_NT_1989",1989-10-01,"NO_Ellefsen_Harald_1950",165
"NO_NT_1989",1989-10-01,"NO_Elvheim_Jan_1949",165
"NO_NT_1989",1989-10-01,"NO_Enger_Anne_1949",165
"NO_NT_1989",1989-10-01,"NO_Faane_Jan-Erik_1965",165
"NO_NT_1989",1989-10-01,"NO_Faldet_Eirin_1944",165
"NO_NT_1989",1989-10-01,"NO_Fatland_Gunnar_1946",165
"NO_NT_1989",1989-10-01,"NO_Finstad_Eva-R_1933",165
"NO_NT_1989",1989-10-01,"NO_Five_Kaci-Kullmann_1951",165
"NO_NT_1989",1989-10-01,"NO_Fjaervoll_Dag-Jostein_1947",165
"NO_NT_1989",1989-10-01,"NO_Foss_Per-Kristian_1950",165
"NO_NT_1989",1989-10-01,"NO_Froeiland_Ranveig_1945",165
"NO_NT_1989",1989-10-01,"NO_Gjoennes_Kaare_1942",165
"NO_NT_1989",1989-10-01,"NO_Gjoerv_Inger-Lise_1938",165
"NO_NT_1989",1989-10-01,"NO_Godal_Bjoern-Tore_1945",165
"NO_NT_1989",1989-10-01,"NO_Godal_Ingvald_1934",165
"NO_NT_1989",1989-10-01,"NO_Golten_Nils-O_1936",165
"NO_NT_1989",1989-10-01,"NO_Grimstad_Edvard_1933",165
"NO_NT_1989",1989-10-01,"NO_Gudmundseth_Roger_1938",165
"NO_NT_1989",1989-10-01,"NO_Gundersen_Fridtjof-Frank_1934",165
"NO_NT_1989",1989-10-01,"NO_Guttormsen_Ulf_1942",165
"NO_NT_1989",1989-10-01,"NO_Haarstad_Ragnhild-Queseth_1939",165
"NO_NT_1989",1989-10-01,"NO_Hagen_Carl-I_1944",165
"NO_NT_1989",1989-10-01,"NO_Halvorsen_Kristin_1960",165
"NO_NT_1989",1989-10-01,"NO_Hanselmann_Knut_1946",165
"NO_NT_1989",1989-10-01,"NO_Harkestad_Britt_1946",165
"NO_NT_1989",1989-10-01,"NO_Hauan_Aashild_1941",165
"NO_NT_1989",1989-10-01,"NO_Haugen_Helga_1932",165
"NO_NT_1989",1989-10-01,"NO_Haugen_Tore_1931",165
"NO_NT_1989",1989-10-01,"NO_Hauglid_Ranja_1945",165
"NO_NT_1989",1989-10-01,"NO_Hedstroem_Oeystein_1946",165
"NO_NT_1989",1989-10-01,"NO_Hiim_Arild_1945",165
"NO_NT_1989",1989-10-01,"NO_Hillgaar_Oscar-D_1945",165
"NO_NT_1989",1989-10-01,"NO_Hjertenes_Dagfinn_1943",165
"NO_NT_1989",1989-10-01,"NO_Hoeegh_Annelise_1948",165
"NO_NT_1989",1989-10-01,"NO_Hoel_Brit_1942",165
"NO_NT_1989",1989-10-01,"NO_Holand_Lisbeth_1946",165
"NO_NT_1989",1989-10-01,"NO_Holemark_Sigurd_1934",165
"NO_NT_1989",1989-10-01,"NO_Holten_Odd_1940",165
"NO_NT_1989",1989-10-01,"NO_Iversen_Aasa-Solberg_1929",165
"NO_NT_1989",1989-10-01,"NO_Jakobsen_Johan-J_1937",165
"NO_NT_1989",1989-10-01,"NO_Jensen_Harry_1940",165
"NO_NT_1989",1989-10-01,"NO_Jensrud_Trond_1968",165
"NO_NT_1989",1989-10-01,"NO_Joergensen_Ragna-Berget_1941",165
"NO_NT_1989",1989-10-01,"NO_Johansen_Reidar_1955",165
"NO_NT_1989",1989-10-01,"NO_Johnsen_Sigbjoern_1950",165
"NO_NT_1989",1989-10-01,"NO_Kaland_Laila_1939",165
"NO_NT_1989",1989-10-01,"NO_Kleppe_Vidar_1963",165
"NO_NT_1989",1989-10-01,"NO_Klundelien_Aase_1946",165
"NO_NT_1989",1989-10-01,"NO_Knudsen_Grete_1940",165
"NO_NT_1989",1989-10-01,"NO_Knutzen_Thea_1930",165
"NO_NT_1989",1989-10-01,"NO_Koritzinsky_Theo_1941",165
"NO_NT_1989",1989-10-01,"NO_Kosmo_Joergen_1947",165
"NO_NT_1989",1989-10-01,"NO_Lian_Karin_1942",165
"NO_NT_1989",1989-10-01,"NO_Lie_Lars-Gunnar_1938",165
"NO_NT_1989",1989-10-01,"NO_Lilletun_Jon_1945",165
"NO_NT_1989",1989-10-01,"NO_Liltved_Tore-A_1939",165
"NO_NT_1989",1989-10-01,"NO_Loeken_Johan-C_1944",165
"NO_NT_1989",1989-10-01,"NO_Ludvigsen_Svein_1946",165
"NO_NT_1989",1989-10-01,"NO_Lunde_Kjellbjoerg_1944",165
"NO_NT_1989",1989-10-01,"NO_Lyngholm_Wenche_1951",165
"NO_NT_1989",1989-10-01,"NO_Marcussen_Jens_1926",165
"NO_NT_1989",1989-10-01,"NO_Maribo_Steinar_1942",165
"NO_NT_1989",1989-10-01,"NO_Mauritzen_Sverre_1943",165
"NO_NT_1989",1989-10-01,"NO_Meland_Eilef-A_1947",165
"NO_NT_1989",1989-10-01,"NO_Mykland_Thor-Eirik-Gulbrandsen_1940",165
"NO_NT_1989",1989-10-01,"NO_Myrvoll_Inge_1948",165
"NO_NT_1989",1989-10-01,"NO_Nakkim_Kjellaug_1940",165
"NO_NT_1989",1989-10-01,"NO_Nistad_Astrid-Marie_1938",165
"NO_NT_1989",1989-10-01,"NO_Nybakk_Marit_1947",165
"NO_NT_1989",1989-10-01,"NO_Nyberget_Terje_1953",165
"NO_NT_1989",1989-10-01,"NO_Nyland_Johan-M_1931",165
"NO_NT_1989",1989-10-01,"NO_Olsen-Hagen_Gunn-Vigdis_1946",165
"NO_NT_1989",1989-10-01,"NO_Olsvik_Rikard_1930",165
"NO_NT_1989",1989-10-01,"NO_Opseth_Kjell_1936",165
"NO_NT_1989",1989-10-01,"NO_Pedersen_Inger_1936",165
"NO_NT_1989",1989-10-01,"NO_Petersen_Jan_1946",165
"NO_NT_1989",1989-10-01,"NO_Ramsrud_Peder-I_1923",165
"NO_NT_1989",1989-10-01,"NO_Restad_Gudmund_1937",165
"NO_NT_1989",1989-10-01,"NO_Risvik_Per_1937",165
"NO_NT_1989",1989-10-01,"NO_Roenningen_Boerre_1949",165
"NO_NT_1989",1989-10-01,"NO_Roesjorde_Hans-J_1941",165
"NO_NT_1989",1989-10-01,"NO_Roeyseland_Borghild_1926",165
"NO_NT_1989",1989-10-01,"NO_Rotnes_Marit_1928",165
"NO_NT_1989",1989-10-01,"NO_Saetre_Magnar_1940",165
"NO_NT_1989",1989-10-01,"NO_Saevik_Per-Rolf_1940",165
"NO_NT_1989",1989-10-01,"NO_Schjoett-Pedersen_Karl-Eirik_1959",165
"NO_NT_1989",1989-10-01,"NO_Sellaeg_Wenche-Frogn_1937",165
"NO_NT_1989",1989-10-01,"NO_Simonsen_Jan_1953",165
"NO_NT_1989",1989-10-01,"NO_Sjaastad_Anders-C_1942",165
"NO_NT_1989",1989-10-01,"NO_Skaug_Gunnar_1940",165
"NO_NT_1989",1989-10-01,"NO_Skauge_Arne_1948",165
"NO_NT_1989",1989-10-01,"NO_Skjervengen_Paal-Atle_1960",165
"NO_NT_1989",1989-10-01,"NO_Skogholt_Einar-Olav_1947",165
"NO_NT_1989",1989-10-01,"NO_Solberg_Erna_1961",165
"NO_NT_1989",1989-10-01,"NO_Solheim_Erik_1955",165
"NO_NT_1989",1989-10-01,"NO_Solholm_Lodve_1949",165
"NO_NT_1989",1989-10-01,"NO_Sollie_Solveig_1939",165
"NO_NT_1989",1989-10-01,"NO_Sortaasloekken_Magnar_1947",165
"NO_NT_1989",1989-10-01,"NO_Spilde_Arne-Alsaaker_1937",165
"NO_NT_1989",1989-10-01,"NO_Staldvik_Inge_1955",165
"NO_NT_1989",1989-10-01,"NO_Stangeland_Magnus_1941",165
"NO_NT_1989",1989-10-01,"NO_Steen_Reiulf_1933",165
"NO_NT_1989",1989-10-01,"NO_Stensland_Leiv_1934",165
"NO_NT_1989",1989-10-01,"NO_Sterri_Siri-Frost_1944",165
"NO_NT_1989",1989-10-01,"NO_Sverdrup_Ingvard_1936",165
"NO_NT_1989",1989-10-01,"NO_Syse_Jan-P_1930",165
"NO_NT_1989",1989-10-01,"NO_Talleraas_Anders_1946",165
"NO_NT_1989",1989-10-01,"NO_Thomassen_Petter_1941",165
"NO_NT_1989",1989-10-01,"NO_Thoresen_Finn_1932",165
"NO_NT_1989",1989-10-01,"NO_Thoresen_Tom_1947",165
"NO_NT_1989",1989-10-01,"NO_Tveit_John-S_1931",165
"NO_NT_1989",1989-10-01,"NO_Ueland_Ole-Gabriel_1931",165
"NO_NT_1989",1989-10-01,"NO_Verdal_Sigurd_1927",165
"NO_NT_1989",1989-10-01,"NO_Viken_Tove-Kari_1942",165
"NO_NT_1989",1989-10-01,"NO_Wara_Tor-Mikkel_1964",165
"NO_NT_1989",1989-10-01,"NO_Weberg_Dag-C_1937",165
"NO_NT_1989",1989-10-01,"NO_Widnes_Marie-Lovise_1930",165
"NO_NT_1989",1989-10-01,"NO_Widvey_Thorhild_1956",165
"NO_NT_1989",1989-10-01,"NO_Willoch_Ingrid-I_1943",165
"NO_NT_1989",1989-10-01,"NO_Wroldsen_Ernst_1944",165
"NO_NT_1989",1989-10-01,"NO_Ytterhorn_Inger-Marie_1941",165
"NO_NT_1993",1993-10-01,"NO_Aarrestad_Unn_1938",165
"NO_NT_1993",1993-10-01,"NO_Akselsen_Olav_1965",165
"NO_NT_1993",1993-10-01,"NO_Alstad_Jon-Olav_1968",165
"NO_NT_1993",1993-10-01,"NO_Alvheim_John-I_1930",165
"NO_NT_1993",1993-10-01,"NO_Angelsen_Peter_1935",165
"NO_NT_1993",1993-10-01,"NO_Arnstad_Marit_1962",165
"NO_NT_1993",1993-10-01,"NO_Baeivi_Mimmi_1950",165
"NO_NT_1993",1993-10-01,"NO_Bakke_Hallvard_1943",165
"NO_NT_1993",1993-10-01,"NO_Barland_Ragnhild_1934",165
"NO_NT_1993",1993-10-01,"NO_Bekkemellem_Karita_1965",165
"NO_NT_1993",1993-10-01,"NO_Berg_Hallgrim_1945",165
"NO_NT_1993",1993-10-01,"NO_Berge_Syver_1939",165
"NO_NT_1993",1993-10-01,"NO_Bjoern_Rolf-Ketil_1938",165
"NO_NT_1993",1993-10-01,"NO_Bjoernstad_Vidar_1955",165
"NO_NT_1993",1993-10-01,"NO_Blankenborg_Haakon_1955",165
"NO_NT_1993",1993-10-01,"NO_Blattmann_Aud_1937",165
"NO_NT_1993",1993-10-01,"NO_Bondevik_Kjell-Magne_1947",165
"NO_NT_1993",1993-10-01,"NO_Braathen_Stephen_1964",165
"NO_NT_1993",1993-10-01,"NO_Breimo_Gunnar_1939",165
"NO_NT_1993",1993-10-01,"NO_Brenden_Marie_1938",165
"NO_NT_1993",1993-10-01,"NO_Broerby_Berit_1950",165
"NO_NT_1993",1993-10-01,"NO_Brunaes_Ole-Johs_1936",165
"NO_NT_1993",1993-10-01,"NO_Brustad_Sylvia_1966",165
"NO_NT_1993",1993-10-01,"NO_Chaffey_Paul_1965",165
"NO_NT_1993",1993-10-01,"NO_Christiansen_Ellen-Chr_1964",165
"NO_NT_1993",1993-10-01,"NO_Dale_John_1940",165
"NO_NT_1993",1993-10-01,"NO_Dalheim_Erik_1940",165
"NO_NT_1993",1993-10-01,"NO_Devold_Kristin-Krohn_1961",165
"NO_NT_1993",1993-10-01,"NO_Djupedal_Oeystein_1960",165
"NO_NT_1993",1993-10-01,"NO_Doerum_Anneliese_1939",165
"NO_NT_1993",1993-10-01,"NO_Ellefsen_Harald_1950",165
"NO_NT_1993",1993-10-01,"NO_Eng_Sigrun_1951",165
"NO_NT_1993",1993-10-01,"NO_Engebretsen_Kjell_1941",165
"NO_NT_1993",1993-10-01,"NO_Enger_Anne_1949",165
"NO_NT_1993",1993-10-01,"NO_Engseth_William_1933",165
"NO_NT_1993",1993-10-01,"NO_Enoksen_Odd-Roger_1954",165
"NO_NT_1993",1993-10-01,"NO_Eriksen_Odd_1955",165
"NO_NT_1993",1993-10-01,"NO_Faldet_Eirin_1944",165
"NO_NT_1993",1993-10-01,"NO_Fatland_Gunnar_1946",165
"NO_NT_1993",1993-10-01,"NO_Finstad_Eva-R_1933",165
"NO_NT_1993",1993-10-01,"NO_Five_Kaci-Kullmann_1951",165
"NO_NT_1993",1993-10-01,"NO_Fjaervoll_Dag-Jostein_1947",165
"NO_NT_1993",1993-10-01,"NO_Folkvord_Erling_1949",165
"NO_NT_1993",1993-10-01,"NO_Foss_Per-Kristian_1950",165
"NO_NT_1993",1993-10-01,"NO_Fossli_Grethe_1954",165
"NO_NT_1993",1993-10-01,"NO_Froeiland_Ranveig_1945",165
"NO_NT_1993",1993-10-01,"NO_Gabrielsen_Ansgar_1955",165
"NO_NT_1993",1993-10-01,"NO_Galtung_Bjoerg-Hope_1942",165
"NO_NT_1993",1993-10-01,"NO_Gaundal_Aud_1949",165
"NO_NT_1993",1993-10-01,"NO_Giil_Haakon-Steinar_1943",165
"NO_NT_1993",1993-10-01,"NO_Gjul_Gunn-Karin_1967",165
"NO_NT_1993",1993-10-01,"NO_Gloetvold_Ola-D_1949",165
"NO_NT_1993",1993-10-01,"NO_Godal_Ingvald_1934",165
"NO_NT_1993",1993-10-01,"NO_Grimstad_Edvard_1933",165
"NO_NT_1993",1993-10-01,"NO_Grimstad_May-Helen-Molvaer_1968",165
"NO_NT_1993",1993-10-01,"NO_Groendahl_Kirsti-Kolle_1943",165
"NO_NT_1993",1993-10-01,"NO_Gudmundseth_Roger_1938",165
"NO_NT_1993",1993-10-01,"NO_Gundersen_Fridtjof-Frank_1934",165
"NO_NT_1993",1993-10-01,"NO_Guttormsen_Ulf_1942",165
"NO_NT_1993",1993-10-01,"NO_Haarstad_Ragnhild-Queseth_1939",165
"NO_NT_1993",1993-10-01,"NO_Hageler_Jorunn_1946",165
"NO_NT_1993",1993-10-01,"NO_Hagen_Carl-I_1944",165
"NO_NT_1993",1993-10-01,"NO_Halvorsen_Gunnar_1945",165
"NO_NT_1993",1993-10-01,"NO_Halvorsen_Kristin_1960",165
"NO_NT_1993",1993-10-01,"NO_Hansen_Sigvald-Oppeboeen_1950",165
"NO_NT_1993",1993-10-01,"NO_Haugland_Valgerd-Svarstad_1956",165
"NO_NT_1993",1993-10-01,"NO_Hauglid_Ranja_1945",165
"NO_NT_1993",1993-10-01,"NO_Haukvik_Arne_1926",165
"NO_NT_1993",1993-10-01,"NO_Hedstroem_Oeystein_1946",165
"NO_NT_1993",1993-10-01,"NO_Hegna_Bent_1959",165
"NO_NT_1993",1993-10-01,"NO_Hernaes_Bjoern_1936",165
"NO_NT_1993",1993-10-01,"NO_Hiim_Arild_1945",165
"NO_NT_1993",1993-10-01,"NO_Hillgaar_Oscar-D_1945",165
"NO_NT_1993",1993-10-01,"NO_Hoeegh_Annelise_1948",165
"NO_NT_1993",1993-10-01,"NO_Hoel_Brit_1942",165
"NO_NT_1993",1993-10-01,"NO_Holand_Lisbeth_1946",165
"NO_NT_1993",1993-10-01,"NO_Holte_Joergen_1944",165
"NO_NT_1993",1993-10-01,"NO_Holten_Odd_1940",165
"NO_NT_1993",1993-10-01,"NO_Jagland_Thorbjoern_1950",165
"NO_NT_1993",1993-10-01,"NO_Jakobsen_Johan-J_1937",165
"NO_NT_1993",1993-10-01,"NO_Joergensen_Ragna-Berget_1941",165
"NO_NT_1993",1993-10-01,"NO_Johansen_Reidar_1955",165
"NO_NT_1993",1993-10-01,"NO_Johnson_Hilde-Frafjord_1963",165
"NO_NT_1993",1993-10-01,"NO_Kaland_Laila_1939",165
"NO_NT_1993",1993-10-01,"NO_Kleppa_Magnhild-Meltveit_1948",165
"NO_NT_1993",1993-10-01,"NO_Klungland_Rolf-Terje_1963",165
"NO_NT_1993",1993-10-01,"NO_Kristoffersen_Asmund_1944",165
"NO_NT_1993",1993-10-01,"NO_Kvalbukt_Inga_1949",165
"NO_NT_1993",1993-10-01,"NO_Laanke_Ola-T_1948",165
"NO_NT_1993",1993-10-01,"NO_Lian_Eva-M_1956",165
"NO_NT_1993",1993-10-01,"NO_Lian_Karin_1942",165
"NO_NT_1993",1993-10-01,"NO_Lie_Lars-Gunnar_1938",165
"NO_NT_1993",1993-10-01,"NO_Lilletun_Jon_1945",165
"NO_NT_1993",1993-10-01,"NO_Liltved_Tore-A_1939",165
"NO_NT_1993",1993-10-01,"NO_Ludvigsen_Svein_1946",165
"NO_NT_1993",1993-10-01,"NO_Lund_Arild_1940",165
"NO_NT_1993",1993-10-01,"NO_Lund_Morten_1945",165
"NO_NT_1993",1993-10-01,"NO_Lunde_Kjellbjoerg_1944",165
"NO_NT_1993",1993-10-01,"NO_Lundteigen_Per-Olaf_1953",165
"NO_NT_1993",1993-10-01,"NO_Manneraak_Sigurd_1942",165
"NO_NT_1993",1993-10-01,"NO_Meland_Eilef-A_1947",165
"NO_NT_1993",1993-10-01,"NO_Myrvoll_Inge_1948",165
"NO_NT_1993",1993-10-01,"NO_Naess_Are_1942",165
"NO_NT_1993",1993-10-01,"NO_Nakkim_Kjellaug_1940",165
"NO_NT_1993",1993-10-01,"NO_Nilsen_Oddvard_1940",165
"NO_NT_1993",1993-10-01,"NO_Nistad_Astrid-Marie_1938",165
"NO_NT_1993",1993-10-01,"NO_Nordtun_Tore_1949",165
"NO_NT_1993",1993-10-01,"NO_Norvoll_Tomas_1972",165
"NO_NT_1993",1993-10-01,"NO_Nybakk_Marit_1947",165
"NO_NT_1993",1993-10-01,"NO_Nyland_Johan-M_1931",165
"NO_NT_1993",1993-10-01,"NO_Nymo_Tor_1940",165
"NO_NT_1993",1993-10-01,"NO_Oeveraas_Eli-Sollied_1949",165
"NO_NT_1993",1993-10-01,"NO_Oeye_Signe_1945",165
"NO_NT_1993",1993-10-01,"NO_Petersen_Jan_1946",165
"NO_NT_1993",1993-10-01,"NO_Restad_Gudmund_1937",165
"NO_NT_1993",1993-10-01,"NO_Riis-Johansen_Terje_1968",165
"NO_NT_1993",1993-10-01,"NO_Ringstad_Jorunn_1943",165
"NO_NT_1993",1993-10-01,"NO_Roaldsen_Rita-H_1956",165
"NO_NT_1993",1993-10-01,"NO_Roenningen_Boerre_1949",165
"NO_NT_1993",1993-10-01,"NO_Roesjorde_Hans-J_1941",165
"NO_NT_1993",1993-10-01,"NO_Roetvei_Ola_1953",165
"NO_NT_1993",1993-10-01,"NO_Rui_Anne-Helen_1950",165
"NO_NT_1993",1993-10-01,"NO_Saele_Anita-Apelthun_1951",165
"NO_NT_1993",1993-10-01,"NO_Saetre_Magnar_1940",165
"NO_NT_1993",1993-10-01,"NO_Sandkjaer_Terje_1944",165
"NO_NT_1993",1993-10-01,"NO_Sanner_Jan-Tore_1965",165
"NO_NT_1993",1993-10-01,"NO_Schjoett-Pedersen_Karl-Eirik_1959",165
"NO_NT_1993",1993-10-01,"NO_Simonsen_Jan_1953",165
"NO_NT_1993",1993-10-01,"NO_Sjaastad_Anders-C_1942",165
"NO_NT_1993",1993-10-01,"NO_Skaug_Gunnar_1940",165
"NO_NT_1993",1993-10-01,"NO_Skogholt_Einar-Olav_1947",165
"NO_NT_1993",1993-10-01,"NO_Solberg_Erna_1961",165
"NO_NT_1993",1993-10-01,"NO_Solberg_Hill-Marta_1951",165
"NO_NT_1993",1993-10-01,"NO_Solheim_Erik_1955",165
"NO_NT_1993",1993-10-01,"NO_Sollie_Solveig_1939",165
"NO_NT_1993",1993-10-01,"NO_Sommersaeter_Johanne_1950",165
"NO_NT_1993",1993-10-01,"NO_Sortaasloekken_Magnar_1947",165
"NO_NT_1993",1993-10-01,"NO_Sponheim_Lars_1957",165
"NO_NT_1993",1993-10-01,"NO_Stangeland_Magnus_1941",165
"NO_NT_1993",1993-10-01,"NO_Starrfelt_Oddbjoerg-Ausdal_1948",165
"NO_NT_1993",1993-10-01,"NO_Steensnaes_Einar_1942",165
"NO_NT_1993",1993-10-01,"NO_Sterri_Siri-Frost_1944",165
"NO_NT_1993",1993-10-01,"NO_Stoltenberg_Jens_1959",165
"NO_NT_1993",1993-10-01,"NO_Syse_Jan-P_1930",165
"NO_NT_1993",1993-10-01,"NO_Talleraas_Anders_1946",165
"NO_NT_1993",1993-10-01,"NO_Thomassen_Petter_1941",165
"NO_NT_1993",1993-10-01,"NO_Thoresen_Tom_1947",165
"NO_NT_1993",1993-10-01,"NO_Tingelstad_Marit_1938",165
"NO_NT_1993",1993-10-01,"NO_Toemmeraas_Ane-Sofie_1966",165
"NO_NT_1993",1993-10-01,"NO_Torsvik_Solveig_1954",165
"NO_NT_1993",1993-10-01,"NO_Tveiten_Rita_1954",165
"NO_NT_1993",1993-10-01,"NO_Viken_Tove-Kari_1942",165
"NO_NT_1993",1993-10-01,"NO_Weberg_Dag-C_1937",165
"NO_NT_1993",1993-10-01,"NO_Wetterstad_Roy-N_1963",165
"NO_NT_1993",1993-10-01,"NO_Widvey_Thorhild_1956",165
"NO_NT_1997",1997-10-01,"NO_Akselsen_Olav_1965",165
"NO_NT_1997",1997-10-01,"NO_Alstad_Jon-Olav_1968",165
"NO_NT_1997",1997-10-01,"NO_Alvheim_John-I_1930",165
"NO_NT_1997",1997-10-01,"NO_Andersen_Karin_1952",165
"NO_NT_1997",1997-10-01,"NO_Andersen_Torbjoern_1957",165
"NO_NT_1997",1997-10-01,"NO_Arnesen_Bendiks-H_1951",165
"NO_NT_1997",1997-10-01,"NO_Baeivi_Mimmi_1950",165
"NO_NT_1997",1997-10-01,"NO_Ballo_Olav-Gunnar_1956",165
"NO_NT_1997",1997-10-01,"NO_Bastesen_Steinar_1945",165
"NO_NT_1997",1997-10-01,"NO_Bekkemellem_Karita_1965",165
"NO_NT_1997",1997-10-01,"NO_Bjoernstad_Vidar_1955",165
"NO_NT_1997",1997-10-01,"NO_Blankenborg_Haakon_1955",165
"NO_NT_1997",1997-10-01,"NO_Blattmann_Aud_1937",165
"NO_NT_1997",1997-10-01,"NO_Bondevik_Kjell-Magne_1947",165
"NO_NT_1997",1997-10-01,"NO_Bredvold_Per-Roar_1957",165
"NO_NT_1997",1997-10-01,"NO_Breimo_Gunnar_1939",165
"NO_NT_1997",1997-10-01,"NO_Brende_Boerge_1965",165
"NO_NT_1997",1997-10-01,"NO_Broerby_Berit_1950",165
"NO_NT_1997",1997-10-01,"NO_Brunaes_Ole-Johs_1936",165
"NO_NT_1997",1997-10-01,"NO_Dale_John_1940",165
"NO_NT_1997",1997-10-01,"NO_Dalheim_Erik_1940",165
"NO_NT_1997",1997-10-01,"NO_Danielsen_Dag_1955",165
"NO_NT_1997",1997-10-01,"NO_Devold_Kristin-Krohn_1961",165
"NO_NT_1997",1997-10-01,"NO_Djupedal_Oeystein_1960",165
"NO_NT_1997",1997-10-01,"NO_Doerum_Anneliese_1939",165
"NO_NT_1997",1997-10-01,"NO_Doerum_Odd-Einar_1943",165
"NO_NT_1997",1997-10-01,"NO_Duesund_Aase-Gunhild-Woie_1944",165
"NO_NT_1997",1997-10-01,"NO_Eng_Sigrun_1951",165
"NO_NT_1997",1997-10-01,"NO_Engebretsen_Kjell_1941",165
"NO_NT_1997",1997-10-01,"NO_Enger_Anne_1949",165
"NO_NT_1997",1997-10-01,"NO_Enoksen_Odd-Roger_1954",165
"NO_NT_1997",1997-10-01,"NO_Eriksen_Odd_1955",165
"NO_NT_1997",1997-10-01,"NO_Evje_Ursula_1944",165
"NO_NT_1997",1997-10-01,"NO_Faldet_Eirin_1944",165
"NO_NT_1997",1997-10-01,"NO_Foss_Per-Kristian_1950",165
"NO_NT_1997",1997-10-01,"NO_Fossli_Grethe_1954",165
"NO_NT_1997",1997-10-01,"NO_Fossum_Grethe-G_1945",165
"NO_NT_1997",1997-10-01,"NO_Gabrielsen_Ansgar_1955",165
"NO_NT_1997",1997-10-01,"NO_Gaundal_Aud_1949",165
"NO_NT_1997",1997-10-01,"NO_Giske_Trond_1966",165
"NO_NT_1997",1997-10-01,"NO_Gjul_Gunn-Karin_1967",165
"NO_NT_1997",1997-10-01,"NO_Gloetvold_Ola-D_1949",165
"NO_NT_1997",1997-10-01,"NO_Godal_Ingvald_1934",165
"NO_NT_1997",1997-10-01,"NO_Gravdahl_Reidun_1948",165
"NO_NT_1997",1997-10-01,"NO_Grimstad_May-Helen-Molvaer_1968",165
"NO_NT_1997",1997-10-01,"NO_Groendahl_Kirsti-Kolle_1943",165
"NO_NT_1997",1997-10-01,"NO_Gundersen_Fridtjof-Frank_1934",165
"NO_NT_1997",1997-10-01,"NO_Hagen_Carl-I_1944",165
"NO_NT_1997",1997-10-01,"NO_Halvorsen_Gunnar_1945",165
"NO_NT_1997",1997-10-01,"NO_Halvorsen_Kristin_1960",165
"NO_NT_1997",1997-10-01,"NO_Hansen_Sigvald-Oppeboeen_1950",165
"NO_NT_1997",1997-10-01,"NO_Hanssen_Bjarne-Haakon_1962",165
"NO_NT_1997",1997-10-01,"NO_Haugland_Valgerd-Svarstad_1956",165
"NO_NT_1997",1997-10-01,"NO_Hedstroem_Oeystein_1946",165
"NO_NT_1997",1997-10-01,"NO_Hegna_Bent_1959",165
"NO_NT_1997",1997-10-01,"NO_Helleland_Trond_1962",165
"NO_NT_1997",1997-10-01,"NO_Hernaes_Bjoern_1936",165
"NO_NT_1997",1997-10-01,"NO_Hildeng_Britt_1943",165
"NO_NT_1997",1997-10-01,"NO_Hoddevik_Sverre-J_1946",165
"NO_NT_1997",1997-10-01,"NO_Hoeegh_Annelise_1948",165
"NO_NT_1997",1997-10-01,"NO_Holten_Odd_1940",165
"NO_NT_1997",1997-10-01,"NO_Husoey_Inger-Lise_1957",165
"NO_NT_1997",1997-10-01,"NO_Jakobsen_Johan-J_1937",165
"NO_NT_1997",1997-10-01,"NO_Jensen_Siv_1969",165
"NO_NT_1997",1997-10-01,"NO_Johansen_Terje_1941",165
"NO_NT_1997",1997-10-01,"NO_Johnsen_Jan_1941",165
"NO_NT_1997",1997-10-01,"NO_Johnson_Hilde-Frafjord_1963",165
"NO_NT_1997",1997-10-01,"NO_Kaland_Laila_1939",165
"NO_NT_1997",1997-10-01,"NO_Karlstroem_Randi_1960",165
"NO_NT_1997",1997-10-01,"NO_Kleppa_Magnhild-Meltveit_1948",165
"NO_NT_1997",1997-10-01,"NO_Kleppe_Vidar_1963",165
"NO_NT_1997",1997-10-01,"NO_Knudsen_Terje_1942",165
"NO_NT_1997",1997-10-01,"NO_Knudsen_Ulf-Erik_1964",165
"NO_NT_1997",1997-10-01,"NO_Kofoed-Larsen_Rigmor_1944",165
"NO_NT_1997",1997-10-01,"NO_Konglevoll_Synnoeve_1972",165
"NO_NT_1997",1997-10-01,"NO_Kongshaug_Leif-Helge_1949",165
"NO_NT_1997",1997-10-01,"NO_Korsberg_Oeyvind_1960",165
"NO_NT_1997",1997-10-01,"NO_Kristiansen_Ivar_1956",165
"NO_NT_1997",1997-10-01,"NO_Kristiansen_Rune-E_1948",165
"NO_NT_1997",1997-10-01,"NO_Kristoffersen_Asmund_1944",165
"NO_NT_1997",1997-10-01,"NO_Kvassheim_Gunnar_1953",165
"NO_NT_1997",1997-10-01,"NO_Laanke_Ola-T_1948",165
"NO_NT_1997",1997-10-01,"NO_Langeland_Hallgeir-H_1955",165
"NO_NT_1997",1997-10-01,"NO_Lie_Lars-Gunnar_1938",165
"NO_NT_1997",1997-10-01,"NO_Lilletun_Jon_1945",165
"NO_NT_1997",1997-10-01,"NO_Loenning_Inge_1938",165
"NO_NT_1997",1997-10-01,"NO_Loevik_Petter_1949",165
"NO_NT_1997",1997-10-01,"NO_Ludvigsen_Svein_1946",165
"NO_NT_1997",1997-10-01,"NO_Lund_Leif_1942",165
"NO_NT_1997",1997-10-01,"NO_Lund_Morten_1945",165
"NO_NT_1997",1997-10-01,"NO_Lyngstad_Arne_1962",165
"NO_NT_1997",1997-10-01,"NO_Marthinsen_Finn-Kristian_1946",165
"NO_NT_1997",1997-10-01,"NO_Moland_Liv-Marit_1948",165
"NO_NT_1997",1997-10-01,"NO_Monsen_Per-Erik_1946",165
"NO_NT_1997",1997-10-01,"NO_Myrli_Sverre_1971",165
"NO_NT_1997",1997-10-01,"NO_Myrvoll_Inge_1948",165
"NO_NT_1997",1997-10-01,"NO_Naess_Are_1942",165
"NO_NT_1997",1997-10-01,"NO_Nakkim_Kjellaug_1940",165
"NO_NT_1997",1997-10-01,"NO_Nesvik_Harald-T_1966",165
"NO_NT_1997",1997-10-01,"NO_Nilsen_Oddvard_1940",165
"NO_NT_1997",1997-10-01,"NO_Nistad_Astrid-Marie_1938",165
"NO_NT_1997",1997-10-01,"NO_Nistad_Thore-A_1949",165
"NO_NT_1997",1997-10-01,"NO_Nordtun_Tore_1949",165
"NO_NT_1997",1997-10-01,"NO_Norvoll_Tomas_1972",165
"NO_NT_1997",1997-10-01,"NO_Nybakk_Marit_1947",165
"NO_NT_1997",1997-10-01,"NO_Nymo_Tor_1940",165
"NO_NT_1997",1997-10-01,"NO_Oekland_Kari_1955",165
"NO_NT_1997",1997-10-01,"NO_Oestberg_Ivar_1942",165
"NO_NT_1997",1997-10-01,"NO_Oeyangen_Gunhild-Elise_1947",165
"NO_NT_1997",1997-10-01,"NO_Oeye_Signe_1945",165
"NO_NT_1997",1997-10-01,"NO_Olsen_Gunn_1952",165
"NO_NT_1997",1997-10-01,"NO_Pedersen_Torny_1946",165
"NO_NT_1997",1997-10-01,"NO_Petersen_Jan_1946",165
"NO_NT_1997",1997-10-01,"NO_Rahm_Bror-Yngve_1955",165
"NO_NT_1997",1997-10-01,"NO_Rasmussen_Jan-Petter_1947",165
"NO_NT_1997",1997-10-01,"NO_Reikvam_Rolf_1948",165
"NO_NT_1997",1997-10-01,"NO_Restad_Gudmund_1937",165
"NO_NT_1997",1997-10-01,"NO_Ringstad_Jorunn_1943",165
"NO_NT_1997",1997-10-01,"NO_Rise_Lars_1955",165
"NO_NT_1997",1997-10-01,"NO_Roesjorde_Hans-J_1941",165
"NO_NT_1997",1997-10-01,"NO_Roetvei_Ola_1953",165
"NO_NT_1997",1997-10-01,"NO_Rudihagen_Torstein_1951",165
"NO_NT_1997",1997-10-01,"NO_Rui_Anne-Helen_1950",165
"NO_NT_1997",1997-10-01,"NO_Saele_Anita-Apelthun_1951",165
"NO_NT_1997",1997-10-01,"NO_Sahl_Jan_1950",165
"NO_NT_1997",1997-10-01,"NO_Sandberg_Per_1960",165
"NO_NT_1997",1997-10-01,"NO_Sanner_Jan-Tore_1965",165
"NO_NT_1997",1997-10-01,"NO_Simonsen_Jan_1953",165
"NO_NT_1997",1997-10-01,"NO_Sjoeli_Sonja-Irene_1949",165
"NO_NT_1997",1997-10-01,"NO_Skarboevik_Elsa_1948",165
"NO_NT_1997",1997-10-01,"NO_Skaug_Gunnar_1940",165
"NO_NT_1997",1997-10-01,"NO_Skogholt_Einar-Olav_1947",165
"NO_NT_1997",1997-10-01,"NO_Soerfonn_Ingebrigt-S_1950",165
"NO_NT_1997",1997-10-01,"NO_Solberg_Erna_1961",165
"NO_NT_1997",1997-10-01,"NO_Solheim_Erik_1955",165
"NO_NT_1997",1997-10-01,"NO_Solholm_Lodve_1949",165
"NO_NT_1997",1997-10-01,"NO_Sponheim_Lars_1957",165
"NO_NT_1997",1997-10-01,"NO_Stang_Joern-L_1959",165
"NO_NT_1997",1997-10-01,"NO_Starrfelt_Oddbjoerg-Ausdal_1948",165
"NO_NT_1997",1997-10-01,"NO_Steensnaes_Einar_1942",165
"NO_NT_1997",1997-10-01,"NO_Stensaker_Christopher_1945",165
"NO_NT_1997",1997-10-01,"NO_Sterri_Siri-Frost_1944",165
"NO_NT_1997",1997-10-01,"NO_Stolt-Nielsen_Inger_1943",165
"NO_NT_1997",1997-10-01,"NO_Straatveit_Anne-Brit_1947",165
"NO_NT_1997",1997-10-01,"NO_Svendsen_Kenneth_1954",165
"NO_NT_1997",1997-10-01,"NO_Thoresen_Tom_1947",165
"NO_NT_1997",1997-10-01,"NO_Tingelstad_Marit_1938",165
"NO_NT_1997",1997-10-01,"NO_Toemmeraas_Ane-Sofie_1966",165
"NO_NT_1997",1997-10-01,"NO_Tveiten_Rita_1954",165
"NO_NT_1997",1997-10-01,"NO_Vaksdal_Oeyvind_1955",165
"NO_NT_1997",1997-10-01,"NO_Valle_Aagot_1945",165
"NO_NT_1997",1997-10-01,"NO_Vihovde_May-Britt_1958",165
"NO_NT_1997",1997-10-01,"NO_Width_Per-Ove_1939",165
"NO_NT_1997",1997-10-01,"NO_Wisloeff-Nilssen_Aase_1945",165
"NO_NT_2001",2001-10-01,"NO_Aaroeen_Magne_1944",165
"NO_NT_2001",2001-10-01,"NO_Alvheim_John-I_1930",165
"NO_NT_2001",2001-10-01,"NO_Andersen_Anne-Berit_1951",165
"NO_NT_2001",2001-10-01,"NO_Andersen_Karin_1952",165
"NO_NT_2001",2001-10-01,"NO_Andersen_Torbjoern_1957",165
"NO_NT_2001",2001-10-01,"NO_Arnesen_Bendiks-H_1951",165
"NO_NT_2001",2001-10-01,"NO_Arnoey_Siri-Hall_1978",165
"NO_NT_2001",2001-10-01,"NO_Arnstad_Marit_1962",165
"NO_NT_2001",2001-10-01,"NO_Ballo_Olav-Gunnar_1956",165
"NO_NT_2001",2001-10-01,"NO_Bastesen_Steinar_1945",165
"NO_NT_2001",2001-10-01,"NO_Bergo_Magnar-Lund_1949",165
"NO_NT_2001",2001-10-01,"NO_Bjoerklund_Kjetil_1967",165
"NO_NT_2001",2001-10-01,"NO_Bjoernstad_Vidar_1955",165
"NO_NT_2001",2001-10-01,"NO_Blankenborg_Haakon_1955",165
"NO_NT_2001",2001-10-01,"NO_Bondevik_Kjell-Magne_1947",165
"NO_NT_2001",2001-10-01,"NO_Bredvold_Per-Roar_1957",165
"NO_NT_2001",2001-10-01,"NO_Brende_Boerge_1965",165
"NO_NT_2001",2001-10-01,"NO_Broerby_Berit_1950",165
"NO_NT_2001",2001-10-01,"NO_Christiansen_Julie_1968",165
"NO_NT_2001",2001-10-01,"NO_Devold_Kristin-Krohn_1961",165
"NO_NT_2001",2001-10-01,"NO_Djupedal_Oeystein_1960",165
"NO_NT_2001",2001-10-01,"NO_Doerum_Odd-Einar_1943",165
"NO_NT_2001",2001-10-01,"NO_Duesund_Aase-Gunhild-Woie_1944",165
"NO_NT_2001",2001-10-01,"NO_Ellingsen_Jan-Arild_1958",165
"NO_NT_2001",2001-10-01,"NO_Elvik_Aasa_1979",165
"NO_NT_2001",2001-10-01,"NO_Eng_Sigrun_1951",165
"NO_NT_2001",2001-10-01,"NO_Engebretsen_Kjell_1941",165
"NO_NT_2001",2001-10-01,"NO_Enger_Inger-S_1948",165
"NO_NT_2001",2001-10-01,"NO_Engeset_Martin_1964",165
"NO_NT_2001",2001-10-01,"NO_Enoksen_Odd-Roger_1954",165
"NO_NT_2001",2001-10-01,"NO_Eriksen_Dagrun_1971",165
"NO_NT_2001",2001-10-01,"NO_Evje_Ursula_1944",165
"NO_NT_2001",2001-10-01,"NO_Faldet_Eirin_1944",165
"NO_NT_2001",2001-10-01,"NO_Flaatten_Svein_1944",165
"NO_NT_2001",2001-10-01,"NO_Foss_Per-Kristian_1950",165
"NO_NT_2001",2001-10-01,"NO_Fossli_Grethe_1954",165
"NO_NT_2001",2001-10-01,"NO_Froeiland_Ranveig_1945",165
"NO_NT_2001",2001-10-01,"NO_Froyn_Bjoergulv_1945",165
"NO_NT_2001",2001-10-01,"NO_Gabrielsen_Ansgar_1955",165
"NO_NT_2001",2001-10-01,"NO_Gaundal_Aud_1949",165
"NO_NT_2001",2001-10-01,"NO_Gjul_Gunn-Karin_1967",165
"NO_NT_2001",2001-10-01,"NO_Gloetvold_Ola-D_1949",165
"NO_NT_2001",2001-10-01,"NO_Grimstad_May-Helen-Molvaer_1968",165
"NO_NT_2001",2001-10-01,"NO_Haga_Aaslaug_1959",165
"NO_NT_2001",2001-10-01,"NO_Hagen_Carl-I_1944",165
"NO_NT_2001",2001-10-01,"NO_Hagesaeter_Gjermund_1960",165
"NO_NT_2001",2001-10-01,"NO_Halleraker_Oeyvind_1951",165
"NO_NT_2001",2001-10-01,"NO_Halvorsen_Gunnar_1945",165
"NO_NT_2001",2001-10-01,"NO_Halvorsen_Kristin_1960",165
"NO_NT_2001",2001-10-01,"NO_Hansen_Geir-Ketil_1956",165
"NO_NT_2001",2001-10-01,"NO_Hansen_May_1953",165
"NO_NT_2001",2001-10-01,"NO_Hansen_Sigvald-Oppeboeen_1950",165
"NO_NT_2001",2001-10-01,"NO_Hansen_Svein-Roald_1949",165
"NO_NT_2001",2001-10-01,"NO_Hansen_Torbjoern_1972",165
"NO_NT_2001",2001-10-01,"NO_Haugland_Valgerd-Svarstad_1956",165
"NO_NT_2001",2001-10-01,"NO_Hedstroem_Oeystein_1946",165
"NO_NT_2001",2001-10-01,"NO_Helleland_Trond_1962",165
"NO_NT_2001",2001-10-01,"NO_Hernaes_Bjoern_1936",165
"NO_NT_2001",2001-10-01,"NO_Hildeng_Britt_1943",165
"NO_NT_2001",2001-10-01,"NO_Hoddevik_Sverre-J_1946",165
"NO_NT_2001",2001-10-01,"NO_Hoeglund_Morten_1965",165
"NO_NT_2001",2001-10-01,"NO_Hoeie_Bent_1971",165
"NO_NT_2001",2001-10-01,"NO_Hogsnes_Hans-Kristian_1954",165
"NO_NT_2001",2001-10-01,"NO_Holmaas_Heikki-Eidsvoll_1972",165
"NO_NT_2001",2001-10-01,"NO_Holmberg_Kari-Lise_1951",165
"NO_NT_2001",2001-10-01,"NO_Holten_Odd_1940",165
"NO_NT_2001",2001-10-01,"NO_Hundhammer_Beate-Heieren_1968",165
"NO_NT_2001",2001-10-01,"NO_Jacobsen_Bjoern_1960",165
"NO_NT_2001",2001-10-01,"NO_Jensen_Lena_1973",165
"NO_NT_2001",2001-10-01,"NO_Jensen_Siv_1969",165
"NO_NT_2001",2001-10-01,"NO_Kleppa_Magnhild-Meltveit_1948",165
"NO_NT_2001",2001-10-01,"NO_Klungland_Rolf-Terje_1963",165
"NO_NT_2001",2001-10-01,"NO_Knudsen_Ulf-Erik_1964",165
"NO_NT_2001",2001-10-01,"NO_Konglevoll_Synnoeve_1972",165
"NO_NT_2001",2001-10-01,"NO_Konradsen_Aage_1954",165
"NO_NT_2001",2001-10-01,"NO_Korsberg_Oeyvind_1960",165
"NO_NT_2001",2001-10-01,"NO_Kristiansen_Ivar_1956",165
"NO_NT_2001",2001-10-01,"NO_Kristoffersen_Asmund_1944",165
"NO_NT_2001",2001-10-01,"NO_Kvakkestad_Andre_1971",165
"NO_NT_2001",2001-10-01,"NO_Laanke_Ola-T_1948",165
"NO_NT_2001",2001-10-01,"NO_Langeland_Hallgeir-H_1955",165
"NO_NT_2001",2001-10-01,"NO_Larssen_Heidi_1951",165
"NO_NT_2001",2001-10-01,"NO_Lilletun_Jon_1945",165
"NO_NT_2001",2001-10-01,"NO_Ljones_Ingmar_1943",165
"NO_NT_2001",2001-10-01,"NO_Loenning_Inge_1938",165
"NO_NT_2001",2001-10-01,"NO_Loevik_Petter_1949",165
"NO_NT_2001",2001-10-01,"NO_Lund_Leif_1942",165
"NO_NT_2001",2001-10-01,"NO_Lund_Morten_1945",165
"NO_NT_2001",2001-10-01,"NO_Lyngstad_Arne_1962",165
"NO_NT_2001",2001-10-01,"NO_Lysbakken_Audun_1977",165
"NO_NT_2001",2001-10-01,"NO_Malvik_Ingvild-Vaggen_1971",165
"NO_NT_2001",2001-10-01,"NO_Marthinsen_Finn-Kristian_1946",165
"NO_NT_2001",2001-10-01,"NO_Meling_Siri-A_1963",165
"NO_NT_2001",2001-10-01,"NO_Molvik_Sigbjoern_1950",165
"NO_NT_2001",2001-10-01,"NO_Momyr_Michael_1956",165
"NO_NT_2001",2001-10-01,"NO_Monsen_Per-Erik_1946",165
"NO_NT_2001",2001-10-01,"NO_Nesvik_Harald-T_1966",165
"NO_NT_2001",2001-10-01,"NO_Nielsen_Eva-M_1950",165
"NO_NT_2001",2001-10-01,"NO_Nilsen_Oddvard_1940",165
"NO_NT_2001",2001-10-01,"NO_Nistad_Thore-A_1949",165
"NO_NT_2001",2001-10-01,"NO_Noerve_Elisabeth-Roebekk_1951",165
"NO_NT_2001",2001-10-01,"NO_Nordtun_Tore_1949",165
"NO_NT_2001",2001-10-01,"NO_Nybakk_Marit_1947",165
"NO_NT_2001",2001-10-01,"NO_Oestberg_Ivar_1942",165
"NO_NT_2001",2001-10-01,"NO_Oeveraas_Eli-Sollied_1949",165
"NO_NT_2001",2001-10-01,"NO_Oeyangen_Gunhild-Elise_1947",165
"NO_NT_2001",2001-10-01,"NO_Oeye_Signe_1945",165
"NO_NT_2001",2001-10-01,"NO_Olsen_Gunn_1952",165
"NO_NT_2001",2001-10-01,"NO_Olsen_Jan-Olav_1950",165
"NO_NT_2001",2001-10-01,"NO_Onarheim_Leif-Frode_1934",165
"NO_NT_2001",2001-10-01,"NO_Pedersen_Torny_1946",165
"NO_NT_2001",2001-10-01,"NO_Petersen_Jan_1946",165
"NO_NT_2001",2001-10-01,"NO_Rafiq_Afshan_1975",165
"NO_NT_2001",2001-10-01,"NO_Rahm_Bror-Yngve_1955",165
"NO_NT_2001",2001-10-01,"NO_Reikvam_Rolf_1948",165
"NO_NT_2001",2001-10-01,"NO_Ringstad_Jorunn_1943",165
"NO_NT_2001",2001-10-01,"NO_Rise_Lars_1955",165
"NO_NT_2001",2001-10-01,"NO_Robertsen_Raymond_1974",165
"NO_NT_2001",2001-10-01,"NO_Roed_Henrik_1975",165
"NO_NT_2001",2001-10-01,"NO_Roeys_Heidi-Grande_1967",165
"NO_NT_2001",2001-10-01,"NO_Rudihagen_Torstein_1951",165
"NO_NT_2001",2001-10-01,"NO_Rui_Anne-Helen_1950",165
"NO_NT_2001",2001-10-01,"NO_Ryan_Inge_1956",165
"NO_NT_2001",2001-10-01,"NO_Saele_Anita-Apelthun_1951",165
"NO_NT_2001",2001-10-01,"NO_Sahl_Jan_1950",165
"NO_NT_2001",2001-10-01,"NO_Sandal_Reidar_1949",165
"NO_NT_2001",2001-10-01,"NO_Sandberg_Per_1960",165
"NO_NT_2001",2001-10-01,"NO_Sanner_Jan-Tore_1965",165
"NO_NT_2001",2001-10-01,"NO_Schou_Ingjerd-Schie_1955",165
"NO_NT_2001",2001-10-01,"NO_Simonsen_Jan_1953",165
"NO_NT_2001",2001-10-01,"NO_Sjoeli_Sonja-Irene_1949",165
"NO_NT_2001",2001-10-01,"NO_Skarboevik_Elsa_1948",165
"NO_NT_2001",2001-10-01,"NO_Skjaelaaen_Rune-J_1954",165
"NO_NT_2001",2001-10-01,"NO_Soerensen_Heidi_1970",165
"NO_NT_2001",2001-10-01,"NO_Soerfonn_Ingebrigt-S_1950",165
"NO_NT_2001",2001-10-01,"NO_Solberg_Erna_1961",165
"NO_NT_2001",2001-10-01,"NO_Solberg_Hill-Marta_1951",165
"NO_NT_2001",2001-10-01,"NO_Solholm_Lodve_1949",165
"NO_NT_2001",2001-10-01,"NO_Sortevik_Arne_1947",165
"NO_NT_2001",2001-10-01,"NO_Sponheim_Lars_1957",165
"NO_NT_2001",2001-10-01,"NO_Starrfelt_Oddbjoerg-Ausdal_1948",165
"NO_NT_2001",2001-10-01,"NO_Steensnaes_Einar_1942",165
"NO_NT_2001",2001-10-01,"NO_Stensaker_Christopher_1945",165
"NO_NT_2001",2001-10-01,"NO_Storberget_Knut_1964",165
"NO_NT_2001",2001-10-01,"NO_Stroem_Tor-Arne_1952",165
"NO_NT_2001",2001-10-01,"NO_Svendsen_Kenneth_1954",165
"NO_NT_2001",2001-10-01,"NO_Thommessen_Olemic_1956",165
"NO_NT_2001",2001-10-01,"NO_Thorkildsen_Inga-Marte_1976",165
"NO_NT_2001",2001-10-01,"NO_Toerresdal_Bjoerg_1958",165
"NO_NT_2001",2001-10-01,"NO_Vaksdal_Oeyvind_1955",165
"NO_NT_2001",2001-10-01,"NO_Valle_Aagot_1945",165
"NO_NT_2001",2001-10-01,"NO_Vallersnes_Finn-Martin_1945",165
"NO_NT_2001",2001-10-01,"NO_Voie_Soeren-Fredrik_1949",165
"NO_NT_2001",2001-10-01,"NO_Width_Per-Ove_1939",165
"NO_NT_2001",2001-10-01,"NO_Wisloeff-Nilssen_Aase_1945",165
"NO_NT_2001",2001-10-01,"NO_Woldseth_Karin-S_1954",165
"NO_NT_2005",2005-10-01,"NO_Aasen_Marianne_1967",169
"NO_NT_2005",2005-10-01,"NO_Aasland_Terje_1965",169
"NO_NT_2005",2005-10-01,"NO_Akselsen_Olav_1965",169
"NO_NT_2005",2005-10-01,"NO_Amundsen_Per-Willy_1971",169
"NO_NT_2005",2005-10-01,"NO_Andersen_Dag-Terje_1957",169
"NO_NT_2005",2005-10-01,"NO_Andersen_Karin_1952",169
"NO_NT_2005",2005-10-01,"NO_Andersen_Torbjoern_1957",169
"NO_NT_2005",2005-10-01,"NO_Anundsen_Anders_1975",169
"NO_NT_2005",2005-10-01,"NO_Arnesen_Bendiks-H_1951",169
"NO_NT_2005",2005-10-01,"NO_Asmyhr_Hans-Frode-Kielland_1970",169
"NO_NT_2005",2005-10-01,"NO_Aspaker_Elisabeth-Vik_1962",169
"NO_NT_2005",2005-10-01,"NO_Asphjell_Jorodd_1960",169
"NO_NT_2005",2005-10-01,"NO_Ballo_Olav-Gunnar_1956",169
"NO_NT_2005",2005-10-01,"NO_Bekkemellem_Karita_1965",169
"NO_NT_2005",2005-10-01,"NO_Bergo_Magnar-Lund_1949",169
"NO_NT_2005",2005-10-01,"NO_Bjoernflaten_Anne-Marit_1969",169
"NO_NT_2005",2005-10-01,"NO_Bjoernstad_Vidar_1955",169
"NO_NT_2005",2005-10-01,"NO_Boehler_Jan_1952",169
"NO_NT_2005",2005-10-01,"NO_Bredvold_Per-Roar_1957",169
"NO_NT_2005",2005-10-01,"NO_Brekk_Lars-Peder_1955",169
"NO_NT_2005",2005-10-01,"NO_Broerby_Berit_1950",169
"NO_NT_2005",2005-10-01,"NO_Brustad_Sylvia_1966",169
"NO_NT_2005",2005-10-01,"NO_Christoffersen_Lise_1955",169
"NO_NT_2005",2005-10-01,"NO_Dahl_Andre-Oktay_1975",169
"NO_NT_2005",2005-10-01,"NO_Djupedal_Oeystein_1960",169
"NO_NT_2005",2005-10-01,"NO_Duesund_Aase-Gunhild-Woie_1944",169
"NO_NT_2005",2005-10-01,"NO_Eldegard_Gunvor_1963",169
"NO_NT_2005",2005-10-01,"NO_Ellingsen_Jan-Arild_1958",169
"NO_NT_2005",2005-10-01,"NO_Elvik_Aasa_1979",169
"NO_NT_2005",2005-10-01,"NO_Eng_Sigrun_1951",169
"NO_NT_2005",2005-10-01,"NO_Enger_Inger-S_1948",169
"NO_NT_2005",2005-10-01,"NO_Engeset_Martin_1964",169
"NO_NT_2005",2005-10-01,"NO_Eriksson_Robert_1974",169
"NO_NT_2005",2005-10-01,"NO_Faldet_Eirin_1944",169
"NO_NT_2005",2005-10-01,"NO_Flaatten_Svein_1944",169
"NO_NT_2005",2005-10-01,"NO_Fostervold_Kaare_1969",169
"NO_NT_2005",2005-10-01,"NO_Fredriksen_Jan-Henrik_1956",169
"NO_NT_2005",2005-10-01,"NO_Gaasvatn_Jon-Jaeger_1954",169
"NO_NT_2005",2005-10-01,"NO_Giltun_Vigdis_1952",169
"NO_NT_2005",2005-10-01,"NO_Giske_Trond_1966",169
"NO_NT_2005",2005-10-01,"NO_Gitmark_Peter-Skovholt_1977",169
"NO_NT_2005",2005-10-01,"NO_Gjul_Gunn-Karin_1967",169
"NO_NT_2005",2005-10-01,"NO_Grande_Trine-Skei_1969",169
"NO_NT_2005",2005-10-01,"NO_Grimstad_May-Helen-Molvaer_1968",169
"NO_NT_2005",2005-10-01,"NO_Gullvaag_Steinar_1946",169
"NO_NT_2005",2005-10-01,"NO_Gundersen_Gunnar_1956",169
"NO_NT_2005",2005-10-01,"NO_Haga_Aaslaug_1959",169
"NO_NT_2005",2005-10-01,"NO_Hagebakken_Tore_1961",169
"NO_NT_2005",2005-10-01,"NO_Hagen_Carl-I_1944",169
"NO_NT_2005",2005-10-01,"NO_Hagesaeter_Gjermund_1960",169
"NO_NT_2005",2005-10-01,"NO_Halleraker_Oeyvind_1951",169
"NO_NT_2005",2005-10-01,"NO_Halvorsen_Kristin_1960",169
"NO_NT_2005",2005-10-01,"NO_Hansen_Eva-Kristin_1973",169
"NO_NT_2005",2005-10-01,"NO_Hansen_May_1953",169
"NO_NT_2005",2005-10-01,"NO_Hansen_Sigvald-Oppeboeen_1950",169
"NO_NT_2005",2005-10-01,"NO_Hansen_Svein-Roald_1949",169
"NO_NT_2005",2005-10-01,"NO_Hansen_Torbjoern_1972",169
"NO_NT_2005",2005-10-01,"NO_Hanssen_Bjarne-Haakon_1962",169
"NO_NT_2005",2005-10-01,"NO_Heggoe_Ingrid_1961",169
"NO_NT_2005",2005-10-01,"NO_Helleland_Trond_1962",169
"NO_NT_2005",2005-10-01,"NO_Henriksen_Per-Rune_1960",169
"NO_NT_2005",2005-10-01,"NO_Hildeng_Britt_1943",169
"NO_NT_2005",2005-10-01,"NO_Hoeglund_Morten_1965",169
"NO_NT_2005",2005-10-01,"NO_Hoeie_Bent_1971",169
"NO_NT_2005",2005-10-01,"NO_Hoksrud_Baard_1973",169
"NO_NT_2005",2005-10-01,"NO_Holmaas_Heikki-Eidsvoll_1972",169
"NO_NT_2005",2005-10-01,"NO_Holmberg_Kari-Lise_1951",169
"NO_NT_2005",2005-10-01,"NO_Holten_Line-Henriette_1971",169
"NO_NT_2005",2005-10-01,"NO_Horne_Solveig_1969",169
"NO_NT_2005",2005-10-01,"NO_Huitfeldt_Anniken_1969",169
"NO_NT_2005",2005-10-01,"NO_Jacobsen_Bjoern_1960",169
"NO_NT_2005",2005-10-01,"NO_Jagland_Thorbjoern_1950",169
"NO_NT_2005",2005-10-01,"NO_Jensen_Lena_1973",169
"NO_NT_2005",2005-10-01,"NO_Jensen_Siv_1969",169
"NO_NT_2005",2005-10-01,"NO_Johansen_Irene_1961",169
"NO_NT_2005",2005-10-01,"NO_Johnsen_Espen-Granberg_1976",169
"NO_NT_2005",2005-10-01,"NO_Khan_Saera_1979",169
"NO_NT_2005",2005-10-01,"NO_Kjos_Kari-Kjoenaas_1962",169
"NO_NT_2005",2005-10-01,"NO_Kleppa_Magnhild-Meltveit_1948",169
"NO_NT_2005",2005-10-01,"NO_Klungland_Rolf-Terje_1963",169
"NO_NT_2005",2005-10-01,"NO_Knudsen_Ulf-Erik_1964",169
"NO_NT_2005",2005-10-01,"NO_Knutsen_Tove-Karoline_1951",169
"NO_NT_2005",2005-10-01,"NO_Kongshaug_Leif-Helge_1949",169
"NO_NT_2005",2005-10-01,"NO_Korsberg_Oeyvind_1960",169
"NO_NT_2005",2005-10-01,"NO_Kristiansen_Ivar_1956",169
"NO_NT_2005",2005-10-01,"NO_Kristoffersen_Asmund_1944",169
"NO_NT_2005",2005-10-01,"NO_Kristoffersen_Gerd-Janne_1952",169
"NO_NT_2005",2005-10-01,"NO_Kvassheim_Gunnar_1953",169
"NO_NT_2005",2005-10-01,"NO_Laanke_Ola-T_1948",169
"NO_NT_2005",2005-10-01,"NO_Langeland_Hallgeir-H_1955",169
"NO_NT_2005",2005-10-01,"NO_Larsen_Anne-Margrethe_1950",169
"NO_NT_2005",2005-10-01,"NO_Leirstein_Ulf-Isak_1973",169
"NO_NT_2005",2005-10-01,"NO_Lien_Tord_1975",169
"NO_NT_2005",2005-10-01,"NO_Lilletun_Jon_1945",169
"NO_NT_2005",2005-10-01,"NO_Ljunggren_Anna_1984",169
"NO_NT_2005",2005-10-01,"NO_Loeite_Inger_1958",169
"NO_NT_2005",2005-10-01,"NO_Loenning_Inge_1938",169
"NO_NT_2005",2005-10-01,"NO_Loevik_Petter_1949",169
"NO_NT_2005",2005-10-01,"NO_Ludvigsen_Gunvald_1949",169
"NO_NT_2005",2005-10-01,"NO_Lundteigen_Per-Olaf_1953",169
"NO_NT_2005",2005-10-01,"NO_Lysklaett_Vera_1954",169
"NO_NT_2005",2005-10-01,"NO_Magnusson_Hilde_1970",169
"NO_NT_2005",2005-10-01,"NO_Mandt_Sonja_1960",169
"NO_NT_2005",2005-10-01,"NO_Marthinsen_Marianne_1980",169
"NO_NT_2005",2005-10-01,"NO_Micaelsen_Torgeir_1979",169
"NO_NT_2005",2005-10-01,"NO_Michaelsen_Aase_1960",169
"NO_NT_2005",2005-10-01,"NO_Moe_Ola-Borten_1976",169
"NO_NT_2005",2005-10-01,"NO_Myrli_Sverre_1971",169
"NO_NT_2005",2005-10-01,"NO_Navarsete_Liv-Signe_1958",169
"NO_NT_2005",2005-10-01,"NO_Nesvik_Harald-T_1966",169
"NO_NT_2005",2005-10-01,"NO_Nielsen_Eva-M_1950",169
"NO_NT_2005",2005-10-01,"NO_Nistad_Thore-A_1949",169
"NO_NT_2005",2005-10-01,"NO_Nordtun_Tore_1949",169
"NO_NT_2005",2005-10-01,"NO_Nybakk_Marit_1947",169
"NO_NT_2005",2005-10-01,"NO_Oeveraas_Eli-Sollied_1949",169
"NO_NT_2005",2005-10-01,"NO_Oeye_Signe_1945",169
"NO_NT_2005",2005-10-01,"NO_Olsen_Gunn_1952",169
"NO_NT_2005",2005-10-01,"NO_Opheim_Torfinn_1961",169
"NO_NT_2005",2005-10-01,"NO_Pedersen_Torny_1946",169
"NO_NT_2005",2005-10-01,"NO_Reikvam_Rolf_1948",169
"NO_NT_2005",2005-10-01,"NO_Rudihagen_Torstein_1951",169
"NO_NT_2005",2005-10-01,"NO_Ryan_Inge_1956",169
"NO_NT_2005",2005-10-01,"NO_Rytman_Joerund_1977",169
"NO_NT_2005",2005-10-01,"NO_Sahl_Jan_1950",169
"NO_NT_2005",2005-10-01,"NO_Samuelsen_Alf-Ivar_1942",169
"NO_NT_2005",2005-10-01,"NO_Sandal_Reidar_1949",169
"NO_NT_2005",2005-10-01,"NO_Sandberg_Per_1960",169
"NO_NT_2005",2005-10-01,"NO_Sanner_Jan-Tore_1965",169
"NO_NT_2005",2005-10-01,"NO_Schjoett-Pedersen_Karl-Eirik_1959",169
"NO_NT_2005",2005-10-01,"NO_Sjoeli_Sonja-Irene_1949",169
"NO_NT_2005",2005-10-01,"NO_Skjaelaaen_Rune-J_1954",169
"NO_NT_2005",2005-10-01,"NO_Skjelstad_Andre-N_1965",169
"NO_NT_2005",2005-10-01,"NO_Skumsvoll_Henning_1947",169
"NO_NT_2005",2005-10-01,"NO_Soereide_Ine-Eriksen_1976",169
"NO_NT_2005",2005-10-01,"NO_Soerfonn_Ingebrigt-S_1950",169
"NO_NT_2005",2005-10-01,"NO_Solberg_Hill-Marta_1951",169
"NO_NT_2005",2005-10-01,"NO_Solholm_Lodve_1949",169
"NO_NT_2005",2005-10-01,"NO_Solvik-Olsen_Ketil_1972",169
"NO_NT_2005",2005-10-01,"NO_Sortevik_Arne_1947",169
"NO_NT_2005",2005-10-01,"NO_Starheim_Aage_1946",169
"NO_NT_2005",2005-10-01,"NO_Stoltenberg_Jens_1959",169
"NO_NT_2005",2005-10-01,"NO_Storberget_Knut_1964",169
"NO_NT_2005",2005-10-01,"NO_Stroem-Erichsen_Anne-Grete_1949",169
"NO_NT_2005",2005-10-01,"NO_Stroem_Tor-Arne_1952",169
"NO_NT_2005",2005-10-01,"NO_Sund_Eirin_1967",169
"NO_NT_2005",2005-10-01,"NO_Svendsen_Kenneth_1954",169
"NO_NT_2005",2005-10-01,"NO_Syversen_Hans-Olav_1966",169
"NO_NT_2005",2005-10-01,"NO_Tenden_Borghild_1951",169
"NO_NT_2005",2005-10-01,"NO_Thommessen_Olemic_1956",169
"NO_NT_2005",2005-10-01,"NO_Thomsen_Ib_1961",169
"NO_NT_2005",2005-10-01,"NO_Thorkildsen_Inga-Marte_1976",169
"NO_NT_2005",2005-10-01,"NO_Toerresdal_Bjoerg_1958",169
"NO_NT_2005",2005-10-01,"NO_Trettebergstuen_Anette_1981",169
"NO_NT_2005",2005-10-01,"NO_Tybring-Gjedde_Christian_1963",169
"NO_NT_2005",2005-10-01,"NO_Vaksdal_Oeyvind_1955",169
"NO_NT_2005",2005-10-01,"NO_Valle_Aagot_1945",169
"NO_NT_2005",2005-10-01,"NO_Vallersnes_Finn-Martin_1945",169
"NO_NT_2005",2005-10-01,"NO_Vedum_Trygve-Slagsvold_1978",169
"NO_NT_2005",2005-10-01,"NO_Width_Per-Ove_1939",169
"NO_NT_2005",2005-10-01,"NO_Woldseth_Karin-S_1954",169
"NO_NT_2005",2005-10-01,"NO_de-Ruiter_Freddy_1969",169
"NO_NT_2009",2009-10-01,"NO_Aasen_Marianne_1967",169
"NO_NT_2009",2009-10-01,"NO_Aasland_Terje_1965",169
"NO_NT_2009",2009-10-01,"NO_Aasrud_Rigmor_1960",169
"NO_NT_2009",2009-10-01,"NO_Amundsen_Per-Willy_1971",169
"NO_NT_2009",2009-10-01,"NO_Andersen_Karin_1952",169
"NO_NT_2009",2009-10-01,"NO_Anundsen_Anders_1975",169
"NO_NT_2009",2009-10-01,"NO_Arnesen_Bendiks-H_1951",169
"NO_NT_2009",2009-10-01,"NO_Asmyhr_Hans-Frode-Kielland_1970",169
"NO_NT_2009",2009-10-01,"NO_Aspaker_Elisabeth-Vik_1962",169
"NO_NT_2009",2009-10-01,"NO_Asphjell_Jorodd_1960",169
"NO_NT_2009",2009-10-01,"NO_Astrup_Nikolai_1978",169
"NO_NT_2009",2009-10-01,"NO_Bakke-Jensen_Frank_1965",169
"NO_NT_2009",2009-10-01,"NO_Bekkevold_Geir-Joergen_1963",169
"NO_NT_2009",2009-10-01,"NO_Bjoernflaten_Anne-Marit_1969",169
"NO_NT_2009",2009-10-01,"NO_Boehler_Jan_1952",169
"NO_NT_2009",2009-10-01,"NO_Bratli_Susanne_1966",169
"NO_NT_2009",2009-10-01,"NO_Bredvold_Per-Roar_1957",169
"NO_NT_2009",2009-10-01,"NO_Breen_Thomas_1972",169
"NO_NT_2009",2009-10-01,"NO_Bremer_Tor_1955",169
"NO_NT_2009",2009-10-01,"NO_Christoffersen_Lise_1955",169
"NO_NT_2009",2009-10-01,"NO_Daavoey_Laila_1948",169
"NO_NT_2009",2009-10-01,"NO_Dahl_Andre-Oktay_1975",169
"NO_NT_2009",2009-10-01,"NO_Eide_Rigmor-Andersen_1954",169
"NO_NT_2009",2009-10-01,"NO_Eldegard_Gunvor_1963",169
"NO_NT_2009",2009-10-01,"NO_Ellingsen_Jan-Arild_1958",169
"NO_NT_2009",2009-10-01,"NO_Eriksen_Dagrun_1971",169
"NO_NT_2009",2009-10-01,"NO_Eriksson_Robert_1974",169
"NO_NT_2009",2009-10-01,"NO_Flaatten_Svein_1944",169
"NO_NT_2009",2009-10-01,"NO_Forsberg_Thor-Erik_1980",169
"NO_NT_2009",2009-10-01,"NO_Foss_Per-Kristian_1950",169
"NO_NT_2009",2009-10-01,"NO_Fredriksen_Jan-Henrik_1956",169
"NO_NT_2009",2009-10-01,"NO_Gaasvatn_Jon-Jaeger_1954",169
"NO_NT_2009",2009-10-01,"NO_Giltun_Vigdis_1952",169
"NO_NT_2009",2009-10-01,"NO_Gitmark_Peter-Skovholt_1977",169
"NO_NT_2009",2009-10-01,"NO_Gjelseth_Svein_1950",169
"NO_NT_2009",2009-10-01,"NO_Gjul_Gunn-Karin_1967",169
"NO_NT_2009",2009-10-01,"NO_Godskesen_Ingebjoerg-Amanda_1957",169
"NO_NT_2009",2009-10-01,"NO_Graham_Sylvi_1951",169
"NO_NT_2009",2009-10-01,"NO_Grande_Arild_1978",169
"NO_NT_2009",2009-10-01,"NO_Grande_Trine-Skei_1969",169
"NO_NT_2009",2009-10-01,"NO_Grimstad_Oskar-J_1954",169
"NO_NT_2009",2009-10-01,"NO_Gullvaag_Steinar_1946",169
"NO_NT_2009",2009-10-01,"NO_Gundersen_Gunnar_1956",169
"NO_NT_2009",2009-10-01,"NO_Gustavsen_Laila_1973",169
"NO_NT_2009",2009-10-01,"NO_Haabrekke_Oeyvind_1969",169
"NO_NT_2009",2009-10-01,"NO_Hagebakken_Tore_1961",169
"NO_NT_2009",2009-10-01,"NO_Hagen_Aksel_1953",169
"NO_NT_2009",2009-10-01,"NO_Hagesaeter_Gjermund_1960",169
"NO_NT_2009",2009-10-01,"NO_Halleraker_Oeyvind_1951",169
"NO_NT_2009",2009-10-01,"NO_Hanekamhaug_Mette_1987",169
"NO_NT_2009",2009-10-01,"NO_Hansen_Eva-Kristin_1973",169
"NO_NT_2009",2009-10-01,"NO_Hansen_Geir-Ketil_1956",169
"NO_NT_2009",2009-10-01,"NO_Hansen_Lillian_1957",169
"NO_NT_2009",2009-10-01,"NO_Hansen_Sigvald-Oppeboeen_1950",169
"NO_NT_2009",2009-10-01,"NO_Hansen_Svein-Roald_1949",169
"NO_NT_2009",2009-10-01,"NO_Harberg_Svein_1958",169
"NO_NT_2009",2009-10-01,"NO_Hareide_Knut-Arild_1972",169
"NO_NT_2009",2009-10-01,"NO_Heggoe_Ingrid_1961",169
"NO_NT_2009",2009-10-01,"NO_Helleland_Linda-Hofstad_1977",169
"NO_NT_2009",2009-10-01,"NO_Helleland_Trond_1962",169
"NO_NT_2009",2009-10-01,"NO_Henriksen_Kari_1955",169
"NO_NT_2009",2009-10-01,"NO_Henriksen_Per-Rune_1960",169
"NO_NT_2009",2009-10-01,"NO_Hoeglund_Morten_1965",169
"NO_NT_2009",2009-10-01,"NO_Hoeie_Bent_1971",169
"NO_NT_2009",2009-10-01,"NO_Hoeybraaten_Dagfinn_1957",169
"NO_NT_2009",2009-10-01,"NO_Hoksrud_Baard_1973",169
"NO_NT_2009",2009-10-01,"NO_Holmaas_Heikki-Eidsvoll_1972",169
"NO_NT_2009",2009-10-01,"NO_Holmelid_Alf-Egil_1947",169
"NO_NT_2009",2009-10-01,"NO_Holten_Line-Henriette_1971",169
"NO_NT_2009",2009-10-01,"NO_Horne_Solveig_1969",169
"NO_NT_2009",2009-10-01,"NO_Isaksen_Torbjoern-Roee_1978",169
"NO_NT_2009",2009-10-01,"NO_Jensen_Siv_1969",169
"NO_NT_2009",2009-10-01,"NO_Johansen_Irene_1961",169
"NO_NT_2009",2009-10-01,"NO_Johansen_Morten-Oersal_1964",169
"NO_NT_2009",2009-10-01,"NO_Kambe_Arve_1974",169
"NO_NT_2009",2009-10-01,"NO_Kjernli_Gorm_1981",169
"NO_NT_2009",2009-10-01,"NO_Kjos_Kari-Kjoenaas_1962",169
"NO_NT_2009",2009-10-01,"NO_Klinge_Jenny_1975",169
"NO_NT_2009",2009-10-01,"NO_Knudsen_Ulf-Erik_1964",169
"NO_NT_2009",2009-10-01,"NO_Knutsen_Tove-Karoline_1951",169
"NO_NT_2009",2009-10-01,"NO_Kolberg_Martin_1949",169
"NO_NT_2009",2009-10-01,"NO_Korsberg_Oeyvind_1960",169
"NO_NT_2009",2009-10-01,"NO_Kristiansen_Ivar_1956",169
"NO_NT_2009",2009-10-01,"NO_Kristoffersen_Gerd-Janne_1952",169
"NO_NT_2009",2009-10-01,"NO_Langeland_Hallgeir-H_1955",169
"NO_NT_2009",2009-10-01,"NO_Leirstein_Ulf-Isak_1973",169
"NO_NT_2009",2009-10-01,"NO_Lien_Tord_1975",169
"NO_NT_2009",2009-10-01,"NO_Ljunggren_Anna_1984",169
"NO_NT_2009",2009-10-01,"NO_Loedemel_Bjoern_1958",169
"NO_NT_2009",2009-10-01,"NO_Lundteigen_Per-Olaf_1953",169
"NO_NT_2009",2009-10-01,"NO_Lysbakken_Audun_1977",169
"NO_NT_2009",2009-10-01,"NO_Magnusson_Hilde_1970",169
"NO_NT_2009",2009-10-01,"NO_Mandt_Sonja_1960",169
"NO_NT_2009",2009-10-01,"NO_Marthinsen_Marianne_1980",169
"NO_NT_2009",2009-10-01,"NO_Meling_Siri-A_1963",169
"NO_NT_2009",2009-10-01,"NO_Micaelsen_Torgeir_1979",169
"NO_NT_2009",2009-10-01,"NO_Michaelsen_Aase_1960",169
"NO_NT_2009",2009-10-01,"NO_Moe_Ola-Borten_1976",169
"NO_NT_2009",2009-10-01,"NO_Myhre_Peter-N_1954",169
"NO_NT_2009",2009-10-01,"NO_Myraune_Lars_1944",169
"NO_NT_2009",2009-10-01,"NO_Myrli_Sverre_1971",169
"NO_NT_2009",2009-10-01,"NO_Nesvik_Harald-T_1966",169
"NO_NT_2009",2009-10-01,"NO_Noerve_Elisabeth-Roebekk_1951",169
"NO_NT_2009",2009-10-01,"NO_Nordaas_Janne-Sjelmo_1964",169
"NO_NT_2009",2009-10-01,"NO_Nordahl_Irene-Lange_1968",169
"NO_NT_2009",2009-10-01,"NO_Norderhus_Else-May_1973",169
"NO_NT_2009",2009-10-01,"NO_Nordtun_Tore_1949",169
"NO_NT_2009",2009-10-01,"NO_Nybakk_Marit_1947",169
"NO_NT_2009",2009-10-01,"NO_Olsen_Gunn_1952",169
"NO_NT_2009",2009-10-01,"NO_Olsen_Ingalill_1955",169
"NO_NT_2009",2009-10-01,"NO_Olsen_Per-Arne_1961",169
"NO_NT_2009",2009-10-01,"NO_Olsen_Wenche_1965",169
"NO_NT_2009",2009-10-01,"NO_Opheim_Torfinn_1961",169
"NO_NT_2009",2009-10-01,"NO_Reiertsen_Laila-_1960",169
"NO_NT_2009",2009-10-01,"NO_Rommetveit_Magne_1956",169
"NO_NT_2009",2009-10-01,"NO_Ropstad_Kjell-Ingolf_1985",169
"NO_NT_2009",2009-10-01,"NO_Rudihagen_Torstein_1951",169
"NO_NT_2009",2009-10-01,"NO_Rytman_Joerund_1977",169
"NO_NT_2009",2009-10-01,"NO_Sandberg_Per_1960",169
"NO_NT_2009",2009-10-01,"NO_Sanner_Jan-Tore_1965",169
"NO_NT_2009",2009-10-01,"NO_Schou_Ingjerd-Schie_1955",169
"NO_NT_2009",2009-10-01,"NO_Simensen_Kaare_1955",169
"NO_NT_2009",2009-10-01,"NO_Sivertsen_Eirik_1971",169
"NO_NT_2009",2009-10-01,"NO_Sjoeli_Sonja-Irene_1949",169
"NO_NT_2009",2009-10-01,"NO_Skumsvoll_Henning_1947",169
"NO_NT_2009",2009-10-01,"NO_Soensterud_Tone-Merete_1959",169
"NO_NT_2009",2009-10-01,"NO_Soereide_Ine-Eriksen_1976",169
"NO_NT_2009",2009-10-01,"NO_Solberg_Erna_1961",169
"NO_NT_2009",2009-10-01,"NO_Solvik-Olsen_Ketil_1972",169
"NO_NT_2009",2009-10-01,"NO_Sortevik_Arne_1947",169
"NO_NT_2009",2009-10-01,"NO_Starheim_Aage_1946",169
"NO_NT_2009",2009-10-01,"NO_Stroem_Tor-Arne_1952",169
"NO_NT_2009",2009-10-01,"NO_Sund_Eirin_1967",169
"NO_NT_2009",2009-10-01,"NO_Svendsen_Kenneth_1954",169
"NO_NT_2009",2009-10-01,"NO_Syversen_Hans-Olav_1966",169
"NO_NT_2009",2009-10-01,"NO_Tajik_Hadia_1983",169
"NO_NT_2009",2009-10-01,"NO_Teigen_Dag-Ole_1982",169
"NO_NT_2009",2009-10-01,"NO_Tenden_Borghild_1951",169
"NO_NT_2009",2009-10-01,"NO_Tetzschner_Michael_1954",169
"NO_NT_2009",2009-10-01,"NO_Thommessen_Olemic_1956",169
"NO_NT_2009",2009-10-01,"NO_Thomsen_Ib_1961",169
"NO_NT_2009",2009-10-01,"NO_Thorkildsen_Inga-Marte_1976",169
"NO_NT_2009",2009-10-01,"NO_Thorsen_Bente_1958",169
"NO_NT_2009",2009-10-01,"NO_Toppe_Kjersti_1967",169
"NO_NT_2009",2009-10-01,"NO_Torve_Tove-Lise_1964",169
"NO_NT_2009",2009-10-01,"NO_Traeldal_Torgeir_1965",169
"NO_NT_2009",2009-10-01,"NO_Trettebergstuen_Anette_1981",169
"NO_NT_2009",2009-10-01,"NO_Tybring-Gjedde_Christian_1963",169
"NO_NT_2009",2009-10-01,"NO_Vaksdal_Oeyvind_1955",169
"NO_NT_2009",2009-10-01,"NO_Valen_Snorre-Serigstad_1984",169
"NO_NT_2009",2009-10-01,"NO_Vedum_Trygve-Slagsvold_1978",169
"NO_NT_2009",2009-10-01,"NO_Warloe_Henning_1961",169
"NO_NT_2009",2009-10-01,"NO_Werp_Anders-B_1961",169
"NO_NT_2009",2009-10-01,"NO_Woeien_Anne-Tingelstad_1965",169
"NO_NT_2009",2009-10-01,"NO_Woldseth_Karin-S_1954",169
"NO_NT_2009",2009-10-01,"NO_de-Ruiter_Freddy_1969",169
"NO_NT_2013",2013-10-01,"NO_Aasen_Marianne_1967",169
"NO_NT_2013",2013-10-01,"NO_Aasland_Terje_1965",169
"NO_NT_2013",2013-10-01,"NO_Agdestein_Elin-Rodum_1957",169
"NO_NT_2013",2013-10-01,"NO_Andersen_Dag-Terje_1957",169
"NO_NT_2013",2013-10-01,"NO_Andersen_Karin_1952",169
"NO_NT_2013",2013-10-01,"NO_Anundsen_Anders_1975",169
"NO_NT_2013",2013-10-01,"NO_Asheim_Henrik_1983",169
"NO_NT_2013",2013-10-01,"NO_Aspaker_Elisabeth-Vik_1962",169
"NO_NT_2013",2013-10-01,"NO_Asphjell_Jorodd_1960",169
"NO_NT_2013",2013-10-01,"NO_Astrup_Nikolai_1978",169
"NO_NT_2013",2013-10-01,"NO_Aukrust_Aasmund_1985",169
"NO_NT_2013",2013-10-01,"NO_Bakke-Jensen_Frank_1965",169
"NO_NT_2013",2013-10-01,"NO_Bekkevold_Geir-Joergen_1963",169
"NO_NT_2013",2013-10-01,"NO_Benestad_Norunn-Tveiten_1956",169
"NO_NT_2013",2013-10-01,"NO_Bergstoe_Kirsti_1981",169
"NO_NT_2013",2013-10-01,"NO_Bjoerdal_Fredric-Holen_1990",169
"NO_NT_2013",2013-10-01,"NO_Bjoernoe_Christian-Tynning_1985",169
"NO_NT_2013",2013-10-01,"NO_Bjoernstad_Sivert_1990",169
"NO_NT_2013",2013-10-01,"NO_Boehler_Jan_1952",169
"NO_NT_2013",2013-10-01,"NO_Bollestad_Olaug-Vervik_1961",169
"NO_NT_2013",2013-10-01,"NO_Breivik_Terje_1965",169
"NO_NT_2013",2013-10-01,"NO_Bru_Tina_1986",169
"NO_NT_2013",2013-10-01,"NO_Christensen_Jette-F_1983",169
"NO_NT_2013",2013-10-01,"NO_Christoffersen_Lise_1955",169
"NO_NT_2013",2013-10-01,"NO_Ebbesen_Margunn_1962",169
"NO_NT_2013",2013-10-01,"NO_Eide_Rigmor-Andersen_1954",169
"NO_NT_2013",2013-10-01,"NO_Eidsheim_Torill_1970",169
"NO_NT_2013",2013-10-01,"NO_Eldegard_Gunvor_1963",169
"NO_NT_2013",2013-10-01,"NO_Ellingsen_Jan-Arild_1958",169
"NO_NT_2013",2013-10-01,"NO_Elvestuen_Ola_1967",169
"NO_NT_2013",2013-10-01,"NO_Farstad_Paal_1959",169
"NO_NT_2013",2013-10-01,"NO_Flaatten_Svein_1944",169
"NO_NT_2013",2013-10-01,"NO_Foss_Ingunn_1960",169
"NO_NT_2013",2013-10-01,"NO_Fredriksen_Jan-Henrik_1956",169
"NO_NT_2013",2013-10-01,"NO_Froelich_Peter_1987",169
"NO_NT_2013",2013-10-01,"NO_Fylkesnes_Torgeir-Knag_1975",169
"NO_NT_2013",2013-10-01,"NO_Godskesen_Ingebjoerg-Amanda_1957",169
"NO_NT_2013",2013-10-01,"NO_Graham_Sylvi_1951",169
"NO_NT_2013",2013-10-01,"NO_Grande_Arild_1978",169
"NO_NT_2013",2013-10-01,"NO_Grande_Trine-Skei_1969",169
"NO_NT_2013",2013-10-01,"NO_Greni_Heidi_1962",169
"NO_NT_2013",2013-10-01,"NO_Grimstad_Oskar-J_1954",169
"NO_NT_2013",2013-10-01,"NO_Groevan_Hans-Fredrik_1953",169
"NO_NT_2013",2013-10-01,"NO_Grung_Ruth_1959",169
"NO_NT_2013",2013-10-01,"NO_Gudmundsen_Kent_1978",169
"NO_NT_2013",2013-10-01,"NO_Gundersen_Gunnar_1956",169
"NO_NT_2013",2013-10-01,"NO_Haaheim_Stine-Renate_1984",169
"NO_NT_2013",2013-10-01,"NO_Hagebakken_Tore_1961",169
"NO_NT_2013",2013-10-01,"NO_Hagesaeter_Gjermund_1960",169
"NO_NT_2013",2013-10-01,"NO_Halleraker_Oeyvind_1951",169
"NO_NT_2013",2013-10-01,"NO_Hansen_Eva-Kristin_1973",169
"NO_NT_2013",2013-10-01,"NO_Hansen_Svein-Roald_1949",169
"NO_NT_2013",2013-10-01,"NO_Hansson_Rasmus_1954",169
"NO_NT_2013",2013-10-01,"NO_Harberg_Svein_1958",169
"NO_NT_2013",2013-10-01,"NO_Hareide_Knut-Arild_1972",169
"NO_NT_2013",2013-10-01,"NO_Heggelund_Stefan_1984",169
"NO_NT_2013",2013-10-01,"NO_Heggoe_Ingrid_1961",169
"NO_NT_2013",2013-10-01,"NO_Helleland_Linda-Hofstad_1977",169
"NO_NT_2013",2013-10-01,"NO_Helleland_Trond_1962",169
"NO_NT_2013",2013-10-01,"NO_Henriksen_Kari_1955",169
"NO_NT_2013",2013-10-01,"NO_Henriksen_Martin_1979",169
"NO_NT_2013",2013-10-01,"NO_Henriksen_Odd_1965",169
"NO_NT_2013",2013-10-01,"NO_Henriksen_Per-Rune_1960",169
"NO_NT_2013",2013-10-01,"NO_Hille_Sigurd_1950",169
"NO_NT_2013",2013-10-01,"NO_Hoeie_Bent_1971",169
"NO_NT_2013",2013-10-01,"NO_Hoksrud_Baard_1973",169
"NO_NT_2013",2013-10-01,"NO_Holten_Line-Henriette_1971",169
"NO_NT_2013",2013-10-01,"NO_Horne_Solveig_1969",169
"NO_NT_2013",2013-10-01,"NO_Isaksen_Torbjoern-Roee_1978",169
"NO_NT_2013",2013-10-01,"NO_Jegstad_Nils-Aage_1950",169
"NO_NT_2013",2013-10-01,"NO_Jensen_Siv_1969",169
"NO_NT_2013",2013-10-01,"NO_Jenssen_Frank-J_1969",169
"NO_NT_2013",2013-10-01,"NO_Johansen_Irene_1961",169
"NO_NT_2013",2013-10-01,"NO_Johansen_Morten-Oersal_1964",169
"NO_NT_2013",2013-10-01,"NO_Johnsen_Kristin-Oermen_1953",169
"NO_NT_2013",2013-10-01,"NO_Johnsen_Tor-Andre_1968",169
"NO_NT_2013",2013-10-01,"NO_Juvik_Kjell-Idar_1966",169
"NO_NT_2013",2013-10-01,"NO_Kambe_Arve_1974",169
"NO_NT_2013",2013-10-01,"NO_Kapur_Mudassar_1976",169
"NO_NT_2013",2013-10-01,"NO_Kjenseth_Ketil_1968",169
"NO_NT_2013",2013-10-01,"NO_Kjerkol_Ingvild_1975",169
"NO_NT_2013",2013-10-01,"NO_Kjos_Kari-Kjoenaas_1962",169
"NO_NT_2013",2013-10-01,"NO_Klinge_Jenny_1975",169
"NO_NT_2013",2013-10-01,"NO_Knutsen_Tove-Karoline_1951",169
"NO_NT_2013",2013-10-01,"NO_Kolberg_Martin_1949",169
"NO_NT_2013",2013-10-01,"NO_Korsberg_Oeyvind_1960",169
"NO_NT_2013",2013-10-01,"NO_Lauvaas_Stein-Erik_1965",169
"NO_NT_2013",2013-10-01,"NO_Leirstein_Ulf-Isak_1973",169
"NO_NT_2013",2013-10-01,"NO_Liadal_Hege-Haukeland_1972",169
"NO_NT_2013",2013-10-01,"NO_Limi_Hans-Andreas_1960",169
"NO_NT_2013",2013-10-01,"NO_Ljunggren_Anna_1984",169
"NO_NT_2013",2013-10-01,"NO_Loedemel_Bjoern_1958",169
"NO_NT_2013",2013-10-01,"NO_Loevaas_Kaarstein-Eidem_1967",169
"NO_NT_2013",2013-10-01,"NO_Lundteigen_Per-Olaf_1953",169
"NO_NT_2013",2013-10-01,"NO_Lysbakken_Audun_1977",169
"NO_NT_2013",2013-10-01,"NO_Mandt_Sonja_1960",169
"NO_NT_2013",2013-10-01,"NO_Marthinsen_Marianne_1980",169
"NO_NT_2013",2013-10-01,"NO_Mathisen_Bente-Stein_1956",169
"NO_NT_2013",2013-10-01,"NO_Meling_Siri-A_1963",169
"NO_NT_2013",2013-10-01,"NO_Micaelsen_Torgeir_1979",169
"NO_NT_2013",2013-10-01,"NO_Michaelsen_Aase_1960",169
"NO_NT_2013",2013-10-01,"NO_Milde_Eirik_1958",169
"NO_NT_2013",2013-10-01,"NO_Myrli_Sverre_1971",169
"NO_NT_2013",2013-10-01,"NO_Nesvik_Harald-T_1966",169
"NO_NT_2013",2013-10-01,"NO_Njaastad_Helge-Andre_1980",169
"NO_NT_2013",2013-10-01,"NO_Noerve_Elisabeth-Roebekk_1951",169
"NO_NT_2013",2013-10-01,"NO_Nordaas_Janne-Sjelmo_1964",169
"NO_NT_2013",2013-10-01,"NO_Norderhus_Else-May_1973",169
"NO_NT_2013",2013-10-01,"NO_Nybakk_Marit_1947",169
"NO_NT_2013",2013-10-01,"NO_Nyboe_Iselin_1981",169
"NO_NT_2013",2013-10-01,"NO_Omland_Odd_1956",169
"NO_NT_2013",2013-10-01,"NO_Orten_Helge_1966",169
"NO_NT_2013",2013-10-01,"NO_Pedersen_Helga_1973",169
"NO_NT_2013",2013-10-01,"NO_Pollestad_Geir_1978",169
"NO_NT_2013",2013-10-01,"NO_Raja_Abid_1975",169
"NO_NT_2013",2013-10-01,"NO_Rommetveit_Magne_1956",169
"NO_NT_2013",2013-10-01,"NO_Ropstad_Kjell-Ingolf_1985",169
"NO_NT_2013",2013-10-01,"NO_Rotevatn_Sveinung_1987",169
"NO_NT_2013",2013-10-01,"NO_Rytman_Joerund_1977",169
"NO_NT_2013",2013-10-01,"NO_Sandberg_Per_1960",169
"NO_NT_2013",2013-10-01,"NO_Sanner_Jan-Tore_1965",169
"NO_NT_2013",2013-10-01,"NO_Schou_Ingjerd-Schie_1955",169
"NO_NT_2013",2013-10-01,"NO_Simensen_Kaare_1955",169
"NO_NT_2013",2013-10-01,"NO_Sivertsen_Eirik_1971",169
"NO_NT_2013",2013-10-01,"NO_Skjelstad_Andre-N_1965",169
"NO_NT_2013",2013-10-01,"NO_Soensterud_Tone-Merete_1959",169
"NO_NT_2013",2013-10-01,"NO_Soereide_Ine-Eriksen_1976",169
"NO_NT_2013",2013-10-01,"NO_Solberg_Erna_1961",169
"NO_NT_2013",2013-10-01,"NO_Solberg_Torstein-Tvedt_1985",169
"NO_NT_2013",2013-10-01,"NO_Steffensen_Roy_1980",169
"NO_NT_2013",2013-10-01,"NO_Storberget_Knut_1964",169
"NO_NT_2013",2013-10-01,"NO_Stordalen_Morten_1968",169
"NO_NT_2013",2013-10-01,"NO_Sund_Eirin_1967",169
"NO_NT_2013",2013-10-01,"NO_Svendsen_Kenneth_1954",169
"NO_NT_2013",2013-10-01,"NO_Syversen_Hans-Olav_1966",169
"NO_NT_2013",2013-10-01,"NO_Tetzschner_Michael_1954",169
"NO_NT_2013",2013-10-01,"NO_Thommessen_Olemic_1956",169
"NO_NT_2013",2013-10-01,"NO_Thomsen_Ib_1961",169
"NO_NT_2013",2013-10-01,"NO_Thorsen_Bente_1958",169
"NO_NT_2013",2013-10-01,"NO_Toender_Mette_1969",169
"NO_NT_2013",2013-10-01,"NO_Toppe_Kjersti_1967",169
"NO_NT_2013",2013-10-01,"NO_Toskedal_Geir-Sigbjoern_1954",169
"NO_NT_2013",2013-10-01,"NO_Trellevik_Ove_1965",169
"NO_NT_2013",2013-10-01,"NO_Trettebergstuen_Anette_1981",169
"NO_NT_2013",2013-10-01,"NO_Troeen_Tone-Wilhelmsen_1966",169
"NO_NT_2013",2013-10-01,"NO_Tung_Karianne-O_1984",169
"NO_NT_2013",2013-10-01,"NO_Tybring-Gjedde_Christian_1963",169
"NO_NT_2013",2013-10-01,"NO_Tyvand_Anders_1980",169
"NO_NT_2013",2013-10-01,"NO_Vaagslid_Lene_1986",169
"NO_NT_2013",2013-10-01,"NO_Valen_Snorre-Serigstad_1984",169
"NO_NT_2013",2013-10-01,"NO_Vinje_Kristin_1963",169
"NO_NT_2013",2013-10-01,"NO_Wenstoeb_Bengt-Morten_1963",169
"NO_NT_2013",2013-10-01,"NO_Werp_Anders-B_1961",169
"NO_NT_2013",2013-10-01,"NO_Wiborg_Erlend_1984",169
"NO_NT_2013",2013-10-01,"NO_Woeien_Anne-Tingelstad_1965",169
"NO_NT_2013",2013-10-01,"NO_Wold_Morten_1967",169
"NO_NT_2013",2013-10-01,"NO_de-Ruiter_Freddy_1969",169
"NO_NT_2017",2017-10-01,"NO_Aasen-Svensrud_Maria_1980",169
"NO_NT_2017",2017-10-01,"NO_Aasland_Terje_1965",169
"NO_NT_2017",2017-10-01,"NO_Aasrud_Rigmor_1960",169
"NO_NT_2017",2017-10-01,"NO_Abrahamsen_Solveig-Sundboe_1963",169
"NO_NT_2017",2017-10-01,"NO_Agdestein_Elin-Rodum_1957",169
"NO_NT_2017",2017-10-01,"NO_Andersen_Dag-Terje_1957",169
"NO_NT_2017",2017-10-01,"NO_Andersen_Karin_1952",169
"NO_NT_2017",2017-10-01,"NO_Arnstad_Marit_1962",169
"NO_NT_2017",2017-10-01,"NO_Asphjell_Jorodd_1960",169
"NO_NT_2017",2017-10-01,"NO_Astrup_Nikolai_1978",169
"NO_NT_2017",2017-10-01,"NO_Aukrust_Aasmund_1985",169
"NO_NT_2017",2017-10-01,"NO_Bastholm_Une_1986",169
"NO_NT_2017",2017-10-01,"NO_Bekkevold_Geir-Joergen_1963",169
"NO_NT_2017",2017-10-01,"NO_Benestad_Norunn-Tveiten_1956",169
"NO_NT_2017",2017-10-01,"NO_Bjoerdal_Fredric-Holen_1990",169
"NO_NT_2017",2017-10-01,"NO_Bjoerke_Nils-T_1959",169
"NO_NT_2017",2017-10-01,"NO_Bjoernstad_Sivert_1990",169
"NO_NT_2017",2017-10-01,"NO_Boehler_Jan_1952",169
"NO_NT_2017",2017-10-01,"NO_Bollestad_Olaug-Vervik_1961",169
"NO_NT_2017",2017-10-01,"NO_Borch_Sandra_1988",169
"NO_NT_2017",2017-10-01,"NO_Bransdal_Torhild_1956",169
"NO_NT_2017",2017-10-01,"NO_Breivik_Terje_1965",169
"NO_NT_2017",2017-10-01,"NO_Bru_Tina_1986",169
"NO_NT_2017",2017-10-01,"NO_Bruun-Gundersen_Aashild_1986",169
"NO_NT_2017",2017-10-01,"NO_Christensen_Jette-F_1983",169
"NO_NT_2017",2017-10-01,"NO_Christoffersen_Lise_1955",169
"NO_NT_2017",2017-10-01,"NO_Ebbesen_Margunn_1962",169
"NO_NT_2017",2017-10-01,"NO_Eide_Espen-Barth_1964",169
"NO_NT_2017",2017-10-01,"NO_Eide_Petter_1959",169
"NO_NT_2017",2017-10-01,"NO_Eidsheim_Torill_1970",169
"NO_NT_2017",2017-10-01,"NO_Elvenes_Haarek_1959",169
"NO_NT_2017",2017-10-01,"NO_Elvestuen_Ola_1967",169
"NO_NT_2017",2017-10-01,"NO_Emblemsvaag_Marianne-Synnes_1970",169
"NO_NT_2017",2017-10-01,"NO_Engen-Helgheim_Jon_1981",169
"NO_NT_2017",2017-10-01,"NO_Fageraas_Mona_1972",169
"NO_NT_2017",2017-10-01,"NO_Finstad_Jonny_1966",169
"NO_NT_2017",2017-10-01,"NO_Foss_Ingunn_1960",169
"NO_NT_2017",2017-10-01,"NO_Freiberg_Kjell-Boerge_1971",169
"NO_NT_2017",2017-10-01,"NO_Froelich_Peter_1987",169
"NO_NT_2017",2017-10-01,"NO_Fylkesnes_Torgeir-Knag_1975",169
"NO_NT_2017",2017-10-01,"NO_Gharahkhani_Masud_1982",169
"NO_NT_2017",2017-10-01,"NO_Giske_Trond_1966",169
"NO_NT_2017",2017-10-01,"NO_Gjelsvik_Sigbjoern_1974",169
"NO_NT_2017",2017-10-01,"NO_Grande_Arild_1978",169
"NO_NT_2017",2017-10-01,"NO_Grande_Trine-Skei_1969",169
"NO_NT_2017",2017-10-01,"NO_Greni_Heidi_1962",169
"NO_NT_2017",2017-10-01,"NO_Grimstad_Carl-Erik_1952",169
"NO_NT_2017",2017-10-01,"NO_Groevan_Hans-Fredrik_1953",169
"NO_NT_2017",2017-10-01,"NO_Grung_Ruth_1959",169
"NO_NT_2017",2017-10-01,"NO_Gudmundsen_Kent_1978",169
"NO_NT_2017",2017-10-01,"NO_Gulati_Himanshu_1988",169
"NO_NT_2017",2017-10-01,"NO_Gunnes_Jon_1956",169
"NO_NT_2017",2017-10-01,"NO_Hagebakken_Tore_1961",169
"NO_NT_2017",2017-10-01,"NO_Hagerup_Margret_1980",169
"NO_NT_2017",2017-10-01,"NO_Halleland_Terje_1966",169
"NO_NT_2017",2017-10-01,"NO_Haltbrekken_Lars_1971",169
"NO_NT_2017",2017-10-01,"NO_Hansen_Eva-Kristin_1973",169
"NO_NT_2017",2017-10-01,"NO_Hansen_Oeystein-Langholm_1957",169
"NO_NT_2017",2017-10-01,"NO_Hansen_Svein-Roald_1949",169
"NO_NT_2017",2017-10-01,"NO_Harberg_Svein_1958",169
"NO_NT_2017",2017-10-01,"NO_Hareide_Knut-Arild_1972",169
"NO_NT_2017",2017-10-01,"NO_Heggelund_Stefan_1984",169
"NO_NT_2017",2017-10-01,"NO_Heggoe_Ingrid_1961",169
"NO_NT_2017",2017-10-01,"NO_Helleland_Trond_1962",169
"NO_NT_2017",2017-10-01,"NO_Henriksen_Kari_1955",169
"NO_NT_2017",2017-10-01,"NO_Henriksen_Martin_1979",169
"NO_NT_2017",2017-10-01,"NO_Hjemdal_Silje_1984",169
"NO_NT_2017",2017-10-01,"NO_Hoksrud_Baard_1973",169
"NO_NT_2017",2017-10-01,"NO_Huitfeldt_Anniken_1969",169
"NO_NT_2017",2017-10-01,"NO_Iversen_Geir-Adelsten_1954",169
"NO_NT_2017",2017-10-01,"NO_Jegstad_Nils-Aage_1950",169
"NO_NT_2017",2017-10-01,"NO_Johansen_Morten-Oersal_1964",169
"NO_NT_2017",2017-10-01,"NO_Johnsen_Kristin-Oermen_1953",169
"NO_NT_2017",2017-10-01,"NO_Johnsen_Tor-Andre_1968",169
"NO_NT_2017",2017-10-01,"NO_Kapur_Mudassar_1976",169
"NO_NT_2017",2017-10-01,"NO_Kaski_Kari-Elisabeth_1987",169
"NO_NT_2017",2017-10-01,"NO_Kjenseth_Ketil_1968",169
"NO_NT_2017",2017-10-01,"NO_Kjerkol_Ingvild_1975",169
"NO_NT_2017",2017-10-01,"NO_Kjos_Kari-Kjoenaas_1962",169
"NO_NT_2017",2017-10-01,"NO_Klinge_Jenny_1975",169
"NO_NT_2017",2017-10-01,"NO_Knutsen_Eigil_1988",169
"NO_NT_2017",2017-10-01,"NO_Kolberg_Martin_1949",169
"NO_NT_2017",2017-10-01,"NO_Kristensen_Turid_1966",169
"NO_NT_2017",2017-10-01,"NO_Larsen_Erlend_1965",169
"NO_NT_2017",2017-10-01,"NO_Lauvaas_Stein-Erik_1965",169
"NO_NT_2017",2017-10-01,"NO_Leirstein_Ulf-Isak_1973",169
"NO_NT_2017",2017-10-01,"NO_Leirtroe_Kirsti_1963",169
"NO_NT_2017",2017-10-01,"NO_Lerbrekk_Solfrid_1990",169
"NO_NT_2017",2017-10-01,"NO_Liadal_Hege-Haukeland_1972",169
"NO_NT_2017",2017-10-01,"NO_Limi_Hans-Andreas_1960",169
"NO_NT_2017",2017-10-01,"NO_Loenseth_Mari-Holm_1991",169
"NO_NT_2017",2017-10-01,"NO_Loevaas_Kaarstein-Eidem_1967",169
"NO_NT_2017",2017-10-01,"NO_Lunde_Heidi-Nordby_1973",169
"NO_NT_2017",2017-10-01,"NO_Lundteigen_Per-Olaf_1953",169
"NO_NT_2017",2017-10-01,"NO_Lyngedal_Aasunn_1968",169
"NO_NT_2017",2017-10-01,"NO_Lysbakken_Audun_1977",169
"NO_NT_2017",2017-10-01,"NO_Marthinsen_Marianne_1980",169
"NO_NT_2017",2017-10-01,"NO_Mehl_Emilie_1993",169
"NO_NT_2017",2017-10-01,"NO_Melvaer_Frida_1971",169
"NO_NT_2017",2017-10-01,"NO_Moerland_Tellef-Inge_1980",169
"NO_NT_2017",2017-10-01,"NO_Moflag_Tuva_1979",169
"NO_NT_2017",2017-10-01,"NO_Mossleth_Siv_1967",169
"NO_NT_2017",2017-10-01,"NO_Moxnes_Bjoernar_1981",169
"NO_NT_2017",2017-10-01,"NO_Myhrvold_Ole-Andre_1978",169
"NO_NT_2017",2017-10-01,"NO_Myrli_Sverre_1971",169
"NO_NT_2017",2017-10-01,"NO_Myrseth_Cecilie_1984",169
"NO_NT_2017",2017-10-01,"NO_Naevra_Arne_1953",169
"NO_NT_2017",2017-10-01,"NO_Navarsete_Liv-Signe_1958",169
"NO_NT_2017",2017-10-01,"NO_Nilsen_Tom-Christer_1969",169
"NO_NT_2017",2017-10-01,"NO_Njaastad_Helge-Andre_1980",169
"NO_NT_2017",2017-10-01,"NO_Norderhus_Else-May_1973",169
"NO_NT_2017",2017-10-01,"NO_Nordlund_Willfred_1988",169
"NO_NT_2017",2017-10-01,"NO_Odnes_Ivar_1963",169
"NO_NT_2017",2017-10-01,"NO_Oevstegaard_Freddy-Andre_1994",169
"NO_NT_2017",2017-10-01,"NO_Olsen_Ingalill_1955",169
"NO_NT_2017",2017-10-01,"NO_Orten_Helge_1966",169
"NO_NT_2017",2017-10-01,"NO_Pettersen_Tage_1972",169
"NO_NT_2017",2017-10-01,"NO_Pollestad_Geir_1978",169
"NO_NT_2017",2017-10-01,"NO_Raja_Abid_1975",169
"NO_NT_2017",2017-10-01,"NO_Reiten_Steinar_1963",169
"NO_NT_2017",2017-10-01,"NO_Riise_Kristian-Tonning_1988",169
"NO_NT_2017",2017-10-01,"NO_Rommetveit_Magne_1956",169
"NO_NT_2017",2017-10-01,"NO_Ropstad_Kjell-Ingolf_1985",169
"NO_NT_2017",2017-10-01,"NO_Sandberg_Nina_1967",169
"NO_NT_2017",2017-10-01,"NO_Sandtroeen_Nils-Kristen_1989",169
"NO_NT_2017",2017-10-01,"NO_Saudland_Gisle-Meininger_1986",169
"NO_NT_2017",2017-10-01,"NO_Schou_Ingjerd-Schie_1955",169
"NO_NT_2017",2017-10-01,"NO_Sem-Jacobsen_Aaslaug_1971",169
"NO_NT_2017",2017-10-01,"NO_Sivertsen_Eirik_1971",169
"NO_NT_2017",2017-10-01,"NO_Sjaastad_Runar_1968",169
"NO_NT_2017",2017-10-01,"NO_Skjelstad_Andre-N_1965",169
"NO_NT_2017",2017-10-01,"NO_Soettar_Hanne-Dyveke_1965",169
"NO_NT_2017",2017-10-01,"NO_Solberg_Torstein-Tvedt_1985",169
"NO_NT_2017",2017-10-01,"NO_Soleim_Vetle-Wang_1993",169
"NO_NT_2017",2017-10-01,"NO_Staalesen_Siri-Gaasemyr_1973",169
"NO_NT_2017",2017-10-01,"NO_Steffensen_Roy_1980",169
"NO_NT_2017",2017-10-01,"NO_Stensland_Sveinung_1972",169
"NO_NT_2017",2017-10-01,"NO_Stoere_Jonas-Gahr_1960",169
"NO_NT_2017",2017-10-01,"NO_Stordalen_Morten_1968",169
"NO_NT_2017",2017-10-01,"NO_Storehaug_Tore_1992",169
"NO_NT_2017",2017-10-01,"NO_Strand_Marit-Knutsdatter_1992",169
"NO_NT_2017",2017-10-01,"NO_Strifeldt_Bengt-Rune_1971",169
"NO_NT_2017",2017-10-01,"NO_Tajik_Hadia_1983",169
"NO_NT_2017",2017-10-01,"NO_Tetzschner_Michael_1954",169
"NO_NT_2017",2017-10-01,"NO_Thommessen_Olemic_1956",169
"NO_NT_2017",2017-10-01,"NO_Toppe_Kjersti_1967",169
"NO_NT_2017",2017-10-01,"NO_Trellevik_Ove_1965",169
"NO_NT_2017",2017-10-01,"NO_Trettebergstuen_Anette_1981",169
"NO_NT_2017",2017-10-01,"NO_Troeen_Tone-Wilhelmsen_1966",169
"NO_NT_2017",2017-10-01,"NO_Tybring-Gjedde_Christian_1963",169
"NO_NT_2017",2017-10-01,"NO_Vaagslid_Lene_1986",169
"NO_NT_2017",2017-10-01,"NO_Vedum_Trygve-Slagsvold_1978",169
"NO_NT_2017",2017-10-01,"NO_Waagen_Elise_1990",169
"NO_NT_2017",2017-10-01,"NO_Westgaard-Halle_Lene_1979",169
"NO_NT_2017",2017-10-01,"NO_Wiborg_Erlend_1984",169
"NO_NT_2017",2017-10-01,"NO_Wilkinson_Nicholas_1988",169
"NO_NT_2017",2017-10-01,"NO_Wold_Morten_1967",169
"NO_NT_2021",2021-10-01,"NO_Aasen-Svensrud_Maria_1980",169
"NO_NT_2021",2021-10-01,"NO_Aasland_Terje_1965",169
"NO_NT_2021",2021-10-01,"NO_Aasrud_Rigmor_1960",169
"NO_NT_2021",2021-10-01,"NO_Abusland_Anja-Ninasdotter_1995",169
"NO_NT_2021",2021-10-01,"NO_Amundsen_Per-Willy_1971",169
"NO_NT_2021",2021-10-01,"NO_Arnstad_Marit_1962",169
"NO_NT_2021",2021-10-01,"NO_Asphjell_Jorodd_1960",169
"NO_NT_2021",2021-10-01,"NO_Aukrust_Aasmund_1985",169
"NO_NT_2021",2021-10-01,"NO_Aydar_Seher_1989",169
"NO_NT_2021",2021-10-01,"NO_Bakke_Aase-Kristin-Ask_1996",169
"NO_NT_2021",2021-10-01,"NO_Bastholm_Une_1986",169
"NO_NT_2021",2021-10-01,"NO_Berg_Lan-Marie-Nguyen_1987",169
"NO_NT_2021",2021-10-01,"NO_Bergstoe_Kirsti_1981",169
"NO_NT_2021",2021-10-01,"NO_Bjoerke_Nils-T_1959",169
"NO_NT_2021",2021-10-01,"NO_Bjoerlo_Alfred-Jens_1972",169
"NO_NT_2021",2021-10-01,"NO_Bjoernstad_Sivert_1990",169
"NO_NT_2021",2021-10-01,"NO_Boee_Erlend-Svardal_1992",169
"NO_NT_2021",2021-10-01,"NO_Borch_Sandra_1988",169
"NO_NT_2021",2021-10-01,"NO_Bruflot_Sandra_1991",169
"NO_NT_2021",2021-10-01,"NO_Christoffersen_Lise_1955",169
"NO_NT_2021",2021-10-01,"NO_Eide_Espen-Barth_1964",169
"NO_NT_2021",2021-10-01,"NO_Elvenes_Haarek_1959",169
"NO_NT_2021",2021-10-01,"NO_Elvestuen_Ola_1967",169
"NO_NT_2021",2021-10-01,"NO_Eskeland_Liv-Kari_1965",169
"NO_NT_2021",2021-10-01,"NO_Fageraas_Mona_1972",169
"NO_NT_2021",2021-10-01,"NO_Farahmand_Mahmoud_1979",169
"NO_NT_2021",2021-10-01,"NO_Fasteraune_Bengt_1964",169
"NO_NT_2021",2021-10-01,"NO_Fiskaa_Ingrid_1977",169
"NO_NT_2021",2021-10-01,"NO_Foshaug_Nils-Ole_1970",169
"NO_NT_2021",2021-10-01,"NO_Foss_Ingunn_1960",169
"NO_NT_2021",2021-10-01,"NO_Froelich_Peter_1987",169
"NO_NT_2021",2021-10-01,"NO_Funderud_Kjerstin-Woeyen_1970",169
"NO_NT_2021",2021-10-01,"NO_Fylkesnes_Torgeir-Knag_1975",169
"NO_NT_2021",2021-10-01,"NO_Gharahkhani_Masud_1982",169
"NO_NT_2021",2021-10-01,"NO_Gjelsvik_Sigbjoern_1974",169
"NO_NT_2021",2021-10-01,"NO_Greni_Heidi_1962",169
"NO_NT_2021",2021-10-01,"NO_Grotle_Olve_1964",169
"NO_NT_2021",2021-10-01,"NO_Gulati_Himanshu_1988",169
"NO_NT_2021",2021-10-01,"NO_Gunaratnam_Kamzy_1988",169
"NO_NT_2021",2021-10-01,"NO_Hagen_Carl-I_1944",169
"NO_NT_2021",2021-10-01,"NO_Hagerup_Margret_1980",169
"NO_NT_2021",2021-10-01,"NO_Halleland_Terje_1966",169
"NO_NT_2021",2021-10-01,"NO_Haltbrekken_Lars_1971",169
"NO_NT_2021",2021-10-01,"NO_Hansen_Eva-Kristin_1973",169
"NO_NT_2021",2021-10-01,"NO_Hansson_Rasmus_1954",169
"NO_NT_2021",2021-10-01,"NO_Harberg_Svein_1958",169
"NO_NT_2021",2021-10-01,"NO_Helleland_Trond_1962",169
"NO_NT_2021",2021-10-01,"NO_Henriksen_Kari_1955",169
"NO_NT_2021",2021-10-01,"NO_Hjemdal_Silje_1984",169
"NO_NT_2021",2021-10-01,"NO_Hoksrud_Baard_1973",169
"NO_NT_2021",2021-10-01,"NO_Hovland_Odd-Harald_1962",169
"NO_NT_2021",2021-10-01,"NO_Huitfeldt_Anniken_1969",169
"NO_NT_2021",2021-10-01,"NO_Hussaini_Mani_1987",169
"NO_NT_2021",2021-10-01,"NO_Hussein_Marian_1986",169
"NO_NT_2021",2021-10-01,"NO_Iversen_Geir-Adelsten_1954",169
"NO_NT_2021",2021-10-01,"NO_Joennes_Kari-Anne_1972",169
"NO_NT_2021",2021-10-01,"NO_Joergensen_Geir_1972",169
"NO_NT_2021",2021-10-01,"NO_Johnsen_Tor-Andre_1968",169
"NO_NT_2021",2021-10-01,"NO_Kapur_Mudassar_1976",169
"NO_NT_2021",2021-10-01,"NO_Kaski_Kari-Elisabeth_1987",169
"NO_NT_2021",2021-10-01,"NO_Kjerkol_Ingvild_1975",169
"NO_NT_2021",2021-10-01,"NO_Kjerstad_Birgit-Oline_1961",169
"NO_NT_2021",2021-10-01,"NO_Kjoelmoen_Per-Vidar_1973",169
"NO_NT_2021",2021-10-01,"NO_Kleveland_Kathrine_1966",169
"NO_NT_2021",2021-10-01,"NO_Klinge_Jenny_1975",169
"NO_NT_2021",2021-10-01,"NO_Klungland_Lisa-Marie-Ness_1994",169
"NO_NT_2021",2021-10-01,"NO_Knutsen_Eigil_1988",169
"NO_NT_2021",2021-10-01,"NO_Kristensen_Turid_1966",169
"NO_NT_2021",2021-10-01,"NO_Kristjansson_Mimir_1986",169
"NO_NT_2021",2021-10-01,"NO_Larsen_Erlend_1965",169
"NO_NT_2021",2021-10-01,"NO_Lauvaas_Stein-Erik_1965",169
"NO_NT_2021",2021-10-01,"NO_Leirtroe_Kirsti_1963",169
"NO_NT_2021",2021-10-01,"NO_Lie_Kathy_1964",169
"NO_NT_2021",2021-10-01,"NO_Lien_Geir-Inge_1972",169
"NO_NT_2021",2021-10-01,"NO_Limi_Hans-Andreas_1960",169
"NO_NT_2021",2021-10-01,"NO_Linnestad_Anne-Kristine_1961",169
"NO_NT_2021",2021-10-01,"NO_Listhaug_Sylvi_1977",169
"NO_NT_2021",2021-10-01,"NO_Loenseth_Mari-Holm_1991",169
"NO_NT_2021",2021-10-01,"NO_Lund_Tobias-Drevland_1996",169
"NO_NT_2021",2021-10-01,"NO_Lunde_Heidi-Nordby_1973",169
"NO_NT_2021",2021-10-01,"NO_Lundteigen_Per-Olaf_1953",169
"NO_NT_2021",2021-10-01,"NO_Lysbakken_Audun_1977",169
"NO_NT_2021",2021-10-01,"NO_Madland_Tove-Elise_1965",169
"NO_NT_2021",2021-10-01,"NO_Marhaug_Sofie_1990",169
"NO_NT_2021",2021-10-01,"NO_Martinussen_Marie-Sneve_1985",169
"NO_NT_2021",2021-10-01,"NO_Mathisen_Oeystein_1991",169
"NO_NT_2021",2021-10-01,"NO_Mehl_Emilie_1993",169
"NO_NT_2021",2021-10-01,"NO_Merkesdal_Linda-Monsen_1973",169
"NO_NT_2021",2021-10-01,"NO_Moe_Ola-Borten_1976",169
"NO_NT_2021",2021-10-01,"NO_Moerland_Tellef-Inge_1980",169
"NO_NT_2021",2021-10-01,"NO_Moflag_Tuva_1979",169
"NO_NT_2021",2021-10-01,"NO_Molberg_Anna_1990",169
"NO_NT_2021",2021-10-01,"NO_Mossleth_Siv_1967",169
"NO_NT_2021",2021-10-01,"NO_Moxnes_Bjoernar_1981",169
"NO_NT_2021",2021-10-01,"NO_Myhrvold_Ole-Andre_1978",169
"NO_NT_2021",2021-10-01,"NO_Mykjaaland_Gro-Anita_1976",169
"NO_NT_2021",2021-10-01,"NO_Myrli_Sverre_1971",169
"NO_NT_2021",2021-10-01,"NO_Myrseth_Cecilie_1984",169
"NO_NT_2021",2021-10-01,"NO_Naess_Marianne-Sivertsen_1974",169
"NO_NT_2021",2021-10-01,"NO_Nilsen_Marius-Arion_1984",169
"NO_NT_2021",2021-10-01,"NO_Nilsen_Mona_1973",169
"NO_NT_2021",2021-10-01,"NO_Njaastad_Helge-Andre_1980",169
"NO_NT_2021",2021-10-01,"NO_Nordlund_Willfred_1988",169
"NO_NT_2021",2021-10-01,"NO_Nygaard_Jon-Ivar_1973",169
"NO_NT_2021",2021-10-01,"NO_Nyholt_Hege-Bae_1978",169
"NO_NT_2021",2021-10-01,"NO_Oevstegaard_Freddy-Andre_1994",169
"NO_NT_2021",2021-10-01,"NO_Ojala_Irene_1960",169
"NO_NT_2021",2021-10-01,"NO_Olsen_Dagfinn-Henrik_1966",169
"NO_NT_2021",2021-10-01,"NO_Orten_Helge_1966",169
"NO_NT_2021",2021-10-01,"NO_Persen_Marte-Mjoes_1975",169
"NO_NT_2021",2021-10-01,"NO_Pettersen_Tage_1972",169
"NO_NT_2021",2021-10-01,"NO_Pollestad_Geir_1978",169
"NO_NT_2021",2021-10-01,"NO_Roedby_Else-Marie_1982",169
"NO_NT_2021",2021-10-01,"NO_Roeed_Even-A_1992",169
"NO_NT_2021",2021-10-01,"NO_Ropstad_Kjell-Ingolf_1985",169
"NO_NT_2021",2021-10-01,"NO_Sande_Erling_1978",169
"NO_NT_2021",2021-10-01,"NO_Sandtroeen_Nils-Kristen_1989",169
"NO_NT_2021",2021-10-01,"NO_Saudland_Gisle-Meininger_1986",169
"NO_NT_2021",2021-10-01,"NO_Schou_Ingjerd-Schie_1955",169
"NO_NT_2021",2021-10-01,"NO_Selnes_Lise_1976",169
"NO_NT_2021",2021-10-01,"NO_Sem-Jacobsen_Aaslaug_1971",169
"NO_NT_2021",2021-10-01,"NO_Sjaastad_Runar_1968",169
"NO_NT_2021",2021-10-01,"NO_Skjaeran_Bjoernar_1966",169
"NO_NT_2021",2021-10-01,"NO_Skjelstad_Andre-N_1965",169
"NO_NT_2021",2021-10-01,"NO_Soervik_Terje_1967",169
"NO_NT_2021",2021-10-01,"NO_Solberg_Torstein-Tvedt_1985",169
"NO_NT_2021",2021-10-01,"NO_Steffensen_Roy_1980",169
"NO_NT_2021",2021-10-01,"NO_Stensland_Sveinung_1972",169
"NO_NT_2021",2021-10-01,"NO_Stoere_Jonas-Gahr_1960",169
"NO_NT_2021",2021-10-01,"NO_Stoestad_Rune_1972",169
"NO_NT_2021",2021-10-01,"NO_Stokkeboe_Aleksander_1994",169
"NO_NT_2021",2021-10-01,"NO_Stordalen_Morten_1968",169
"NO_NT_2021",2021-10-01,"NO_Strand_Marit-Knutsdatter_1992",169
"NO_NT_2021",2021-10-01,"NO_Strifeldt_Bengt-Rune_1971",169
"NO_NT_2021",2021-10-01,"NO_Sundnes_Trine-Lise_1970",169
"NO_NT_2021",2021-10-01,"NO_Sve_Frank-Edvard_1968",169
"NO_NT_2021",2021-10-01,"NO_Tajik_Hadia_1983",169
"NO_NT_2021",2021-10-01,"NO_Thorheim_Baard-Ludvig_1976",169
"NO_NT_2021",2021-10-01,"NO_Thorsvik_Ingvild-Wetrhus_1991",169
"NO_NT_2021",2021-10-01,"NO_Toppe_Kjersti_1967",169
"NO_NT_2021",2021-10-01,"NO_Trellevik_Ove_1965",169
"NO_NT_2021",2021-10-01,"NO_Trettebergstuen_Anette_1981",169
"NO_NT_2021",2021-10-01,"NO_Troeen_Tone-Wilhelmsen_1966",169
"NO_NT_2021",2021-10-01,"NO_Tybring-Gjedde_Christian_1963",169
"NO_NT_2021",2021-10-01,"NO_Tybring-Gjedde_Mathilde_1992",169
"NO_NT_2021",2021-10-01,"NO_Tyldum_Per-Olav_1964",169
"NO_NT_2021",2021-10-01,"NO_Unneland_Andreas-Sjalg_1994",169
"NO_NT_2021",2021-10-01,"NO_Vaagslid_Lene_1986",169
"NO_NT_2021",2021-10-01,"NO_Vasvik_Truls_1978",169
"NO_NT_2021",2021-10-01,"NO_Vedum_Trygve-Slagsvold_1978",169
"NO_NT_2021",2021-10-01,"NO_Vereide_Torbjoern_1989",169
"NO_NT_2021",2021-10-01,"NO_Waagen_Elise_1990",169
"NO_NT_2021",2021-10-01,"NO_Westgaard-Halle_Lene_1979",169
"NO_NT_2021",2021-10-01,"NO_Wiborg_Erlend_1984",169
"NO_NT_2021",2021-10-01,"NO_Wold_Grete_1968",169
"NO_NT_2021",2021-10-01,"NO_Wold_Morten_1967",169
"NO_NT_2025",2025-10-01,"NO_Aasen-Svensrud_Maria_1980",169
"NO_NT_2025",2025-10-01,"NO_Abdi_Hashim_2004",169
"NO_NT_2025",2025-10-01,"NO_Abrahamsen_Stig-Atle_1987",169
"NO_NT_2025",2025-10-01,"NO_Almeland_Grunde_1991",169
"NO_NT_2025",2025-10-01,"NO_Amundsen_Per-Willy_1971",169
"NO_NT_2025",2025-10-01,"NO_Andersen_Alf-Erik_1973",169
"NO_NT_2025",2025-10-01,"NO_Asheim_Henrik_1983",169
"NO_NT_2025",2025-10-01,"NO_Askjer_Hans-Edvard_1962",169
"NO_NT_2025",2025-10-01,"NO_Astrup_Nikolai_1978",169
"NO_NT_2025",2025-10-01,"NO_Aydar_Seher_1989",169
"NO_NT_2025",2025-10-01,"NO_Bakervik_Rune_1970",169
"NO_NT_2025",2025-10-01,"NO_Bakke_Aase-Kristin-Ask_1996",169
"NO_NT_2025",2025-10-01,"NO_Bastholm_Une_1986",169
"NO_NT_2025",2025-10-01,"NO_Bentzen_Bent-Joacim_1991",169
"NO_NT_2025",2025-10-01,"NO_Bergheim_Ragnhild_1962",169
"NO_NT_2025",2025-10-01,"NO_Bergstoe_Kirsti_1981",169
"NO_NT_2025",2025-10-01,"NO_Bjoernsen_Kari-Sofie_1967",169
"NO_NT_2025",2025-10-01,"NO_Boee_Erlend-Svardal_1992",169
"NO_NT_2025",2025-10-01,"NO_Borgli_Paal-Morten_1967",169
"NO_NT_2025",2025-10-01,"NO_Brenna_Tonje_1987",169
"NO_NT_2025",2025-10-01,"NO_Busch_Isak-Veierud_1988",169
"NO_NT_2025",2025-10-01,"NO_Dalin_Marius-Langballe_1966",169
"NO_NT_2025",2025-10-01,"NO_Eidsvoll_Sunniva-Holmaas_1983",169
"NO_NT_2025",2025-10-01,"NO_Eikeland_Julia_2000",169
"NO_NT_2025",2025-10-01,"NO_Eilertsen_Kristian-August_1994",169
"NO_NT_2025",2025-10-01,"NO_Elseth_Anette-Carnarius_1973",169
"NO_NT_2025",2025-10-01,"NO_Engen-Helgheim_Jon_1981",169
"NO_NT_2025",2025-10-01,"NO_Eriksen_Even-H_1995",169
"NO_NT_2025",2025-10-01,"NO_Ervik_May-Helen-Hetland_1970",169
"NO_NT_2025",2025-10-01,"NO_Estil_Bente_1970",169
"NO_NT_2025",2025-10-01,"NO_Farahmand_Mahmoud_1979",169
"NO_NT_2025",2025-10-01,"NO_Fasteraune_Bengt_1964",169
"NO_NT_2025",2025-10-01,"NO_Fiskaa_Ingrid_1977",169
"NO_NT_2025",2025-10-01,"NO_Foshaug_Nils-Ole_1970",169
"NO_NT_2025",2025-10-01,"NO_Fredlund_Anne-Lise-Gjerstad_1982",169
"NO_NT_2025",2025-10-01,"NO_Froelich_Peter_1987",169
"NO_NT_2025",2025-10-01,"NO_Gharahkhani_Masud_1982",169
"NO_NT_2025",2025-10-01,"NO_Giske_Trond_1966",169
"NO_NT_2025",2025-10-01,"NO_Gorseth_Vebjoern_1994",169
"NO_NT_2025",2025-10-01,"NO_Gram_Bjoern-Arild_1972",169
"NO_NT_2025",2025-10-01,"NO_Grande_Hilde_1975",169
"NO_NT_2025",2025-10-01,"NO_Groethe_Maren_2001",169
"NO_NT_2025",2025-10-01,"NO_Gulati_Himanshu_1988",169
"NO_NT_2025",2025-10-01,"NO_Gunaratnam_Kamzy_1988",169
"NO_NT_2025",2025-10-01,"NO_Gunnufsen_Amalie_1996",169
"NO_NT_2025",2025-10-01,"NO_Gustavsen_Liv_1967",169
"NO_NT_2025",2025-10-01,"NO_Hagenborg_Anne_1971",169
"NO_NT_2025",2025-10-01,"NO_Hagerup_Margret_1980",169
"NO_NT_2025",2025-10-01,"NO_Haltbrekken_Lars_1971",169
"NO_NT_2025",2025-10-01,"NO_Hammer_Marthe_1979",169
"NO_NT_2025",2025-10-01,"NO_Hauan_Anne-Grethe_1966",169
"NO_NT_2025",2025-10-01,"NO_Haugen_Line-Marlene_1993",169
"NO_NT_2025",2025-10-01,"NO_Helleland_Trond_1962",169
"NO_NT_2025",2025-10-01,"NO_Henriksen_Mats_1998",169
"NO_NT_2025",2025-10-01,"NO_Hermstad_Arild_1966",169
"NO_NT_2025",2025-10-01,"NO_Hjemdal_Silje_1984",169
"NO_NT_2025",2025-10-01,"NO_Hoeyer-Berntsen_Mirell_1980",169
"NO_NT_2025",2025-10-01,"NO_Hoksrud_Baard_1973",169
"NO_NT_2025",2025-10-01,"NO_Hop_Ruth-Mariann_1974",169
"NO_NT_2025",2025-10-01,"NO_Hussaini_Mani_1987",169
"NO_NT_2025",2025-10-01,"NO_Hussein_Marian_1986",169
"NO_NT_2025",2025-10-01,"NO_Indgaard_Oda_1987",169
"NO_NT_2025",2025-10-01,"NO_Jacobsen_Frode_1968",169
"NO_NT_2025",2025-10-01,"NO_Jakobsen_Benjamin_1996",169
"NO_NT_2025",2025-10-01,"NO_Jensen_Siren-Julianne_1983",169
"NO_NT_2025",2025-10-01,"NO_Joergensen_Geir_1972",169
"NO_NT_2025",2025-10-01,"NO_Johnsen_Tor-Andre_1968",169
"NO_NT_2025",2025-10-01,"NO_Jonsterhaug_Martin-Virkesdal_2000",169
"NO_NT_2025",2025-10-01,"NO_Kapur_Mudassar_1976",169
"NO_NT_2025",2025-10-01,"NO_Kjoelmoen_Per-Vidar_1973",169
"NO_NT_2025",2025-10-01,"NO_Kolbjoernsen_Morten_1958",169
"NO_NT_2025",2025-10-01,"NO_Kristiansen_Joergen-H_1976",169
"NO_NT_2025",2025-10-01,"NO_Kristjansson_Mimir_1986",169
"NO_NT_2025",2025-10-01,"NO_Krokeide_Finn_1986",169
"NO_NT_2025",2025-10-01,"NO_Laabak_Bjoernar_1961",169
"NO_NT_2025",2025-10-01,"NO_Langfeldt_Morgan_1968",169
"NO_NT_2025",2025-10-01,"NO_Larsen_Bjoern_1967",169
"NO_NT_2025",2025-10-01,"NO_Larsen_Erlend_1965",169
"NO_NT_2025",2025-10-01,"NO_Lie_Kathy_1964",169
"NO_NT_2025",2025-10-01,"NO_Lien_Geir-Inge_1972",169
"NO_NT_2025",2025-10-01,"NO_Liland_Ingrid_1990",169
"NO_NT_2025",2025-10-01,"NO_Lillestoel_Stig-Even_1996",169
"NO_NT_2025",2025-10-01,"NO_Limi_Hans-Andreas_1960",169
"NO_NT_2025",2025-10-01,"NO_Linnestad_Anne-Kristine_1961",169
"NO_NT_2025",2025-10-01,"NO_Listhaug_Sylvi_1977",169
"NO_NT_2025",2025-10-01,"NO_Loenseth_Mari-Holm_1991",169
"NO_NT_2025",2025-10-01,"NO_Lossius_Jorunn-Gleditsch_1980",169
"NO_NT_2025",2025-10-01,"NO_Marhaug_Sofie_1990",169
"NO_NT_2025",2025-10-01,"NO_Martinussen_Marie-Sneve_1985",169
"NO_NT_2025",2025-10-01,"NO_Mathisen_Oeystein_1991",169
"NO_NT_2025",2025-10-01,"NO_Melby_Guri_1981",169
"NO_NT_2025",2025-10-01,"NO_Merkesdal_Linda-Monsen_1973",169
"NO_NT_2025",2025-10-01,"NO_Midtun_Rune_1973",169
"NO_NT_2025",2025-10-01,"NO_Moerland_Tellef-Inge_1980",169
"NO_NT_2025",2025-10-01,"NO_Moflag_Tuva_1979",169
"NO_NT_2025",2025-10-01,"NO_Molberg_Anna_1990",169
"NO_NT_2025",2025-10-01,"NO_Molvaer_Monica_1986",169
"NO_NT_2025",2025-10-01,"NO_Moxnes_Bjoernar_1981",169
"NO_NT_2025",2025-10-01,"NO_Myrli_Sverre_1971",169
"NO_NT_2025",2025-10-01,"NO_Nilsen_Marius-Arion_1984",169
"NO_NT_2025",2025-10-01,"NO_Nilsen_Mona_1973",169
"NO_NT_2025",2025-10-01,"NO_Njaastad_Helge-Andre_1980",169
"NO_NT_2025",2025-10-01,"NO_Nordtug_Julia-Braennstroem_1991",169
"NO_NT_2025",2025-10-01,"NO_Nyholt_Hege-Bae_1978",169
"NO_NT_2025",2025-10-01,"NO_Oestensen_Kai-Steffen_1994",169
"NO_NT_2025",2025-10-01,"NO_Olsen_Dagfinn-Henrik_1966",169
"NO_NT_2025",2025-10-01,"NO_Pettersen_Tage_1972",169
"NO_NT_2025",2025-10-01,"NO_Pollestad_Geir_1978",169
"NO_NT_2025",2025-10-01,"NO_Poppe_Haagen_1995",169
"NO_NT_2025",2025-10-01,"NO_Rafaelsen_Sigurd-Kvammen_1985",169
"NO_NT_2025",2025-10-01,"NO_Raja_Abid_1975",169
"NO_NT_2025",2025-10-01,"NO_Refseth_Anniken_1975",169
"NO_NT_2025",2025-10-01,"NO_Rem_Lars_1966",169
"NO_NT_2025",2025-10-01,"NO_Roeed_Even-A_1992",169
"NO_NT_2025",2025-10-01,"NO_Roese_Ida-Lindtveit_1992",169
"NO_NT_2025",2025-10-01,"NO_Sandanger_Morten_1997",169
"NO_NT_2025",2025-10-01,"NO_Sandaune_Lill-Harriet_1973",169
"NO_NT_2025",2025-10-01,"NO_Sande_Erling_1978",169
"NO_NT_2025",2025-10-01,"NO_Sayed_Jonas-Andersen_1997",169
"NO_NT_2025",2025-10-01,"NO_Selnes_Lise_1976",169
"NO_NT_2025",2025-10-01,"NO_Sivertsen_Kristoffer_1988",169
"NO_NT_2025",2025-10-01,"NO_Sjursaether_Froeya-Skjold_2006",169
"NO_NT_2025",2025-10-01,"NO_Soelvberg_Remi_1976",169
"NO_NT_2025",2025-10-01,"NO_Soereide_Ine-Eriksen_1976",169
"NO_NT_2025",2025-10-01,"NO_Solberg_Erna_1961",169
"NO_NT_2025",2025-10-01,"NO_Solli_Kristine-Loefshus_1989",169
"NO_NT_2025",2025-10-01,"NO_Spets_Rikard_1971",169
"NO_NT_2025",2025-10-01,"NO_Staahle_Tom_1972",169
"NO_NT_2025",2025-10-01,"NO_Stenersen_Aina_1983",169
"NO_NT_2025",2025-10-01,"NO_Stenvaag_Hanne-Beate_1971",169
"NO_NT_2025",2025-10-01,"NO_Stoestad_Rune_1972",169
"NO_NT_2025",2025-10-01,"NO_Stokkeboe_Aleksander_1994",169
"NO_NT_2025",2025-10-01,"NO_Storbukaas_Stian_1978",169
"NO_NT_2025",2025-10-01,"NO_Stordalen_Morten_1968",169
"NO_NT_2025",2025-10-01,"NO_Strifeldt_Bengt-Rune_1971",169
"NO_NT_2025",2025-10-01,"NO_Stuestoel_Julie-E_1983",169
"NO_NT_2025",2025-10-01,"NO_Sve_Frank-Edvard_1968",169
"NO_NT_2025",2025-10-01,"NO_Svendsrud_Bjoern-Kristian_1992",169
"NO_NT_2025",2025-10-01,"NO_Tangen_Joakim-Myklebost_2002",169
"NO_NT_2025",2025-10-01,"NO_Thorheim_Baard-Ludvig_1976",169
"NO_NT_2025",2025-10-01,"NO_Toppe_Kjersti_1967",169
"NO_NT_2025",2025-10-01,"NO_Trellevik_Ove_1965",169
"NO_NT_2025",2025-10-01,"NO_Troeen_Tone-Wilhelmsen_1966",169
"NO_NT_2025",2025-10-01,"NO_Tybring-Gjedde_Mathilde_1992",169
"NO_NT_2025",2025-10-01,"NO_Valderhaug_Harry_1965",169
"NO_NT_2025",2025-10-01,"NO_Vasvik_Truls_1978",169
"NO_NT_2025",2025-10-01,"NO_Vedum_Trygve-Slagsvold_1978",169
"NO_NT_2025",2025-10-01,"NO_Velle_Simen_2000",169
"NO_NT_2025",2025-10-01,"NO_Vereide_Torbjoern_1989",169
"NO_NT_2025",2025-10-01,"NO_Vestenfor_Solveig_1973",169
"NO_NT_2025",2025-10-01,"NO_Viljugrein_Agnes-Naerland_1997",169
"NO_NT_2025",2025-10-01,"NO_Vitanza_Solveig_1982",169
"NO_NT_2025",2025-10-01,"NO_Waagen_Elise_1990",169
"NO_NT_2025",2025-10-01,"NO_Wara_Tor-Mikkel_1964",169
"NO_NT_2025",2025-10-01,"NO_Wiborg_Erlend_1984",169
"NO_NT_2025",2025-10-01,"NO_Wold_Morten_1967",169
"NO_NT_2025",2025-10-01,"NO_Ysteboe_Joel_2001",169
