"parliament_id","snapshot_day","pers_id","parliament_size"
"NL_NT-TK_1901",1901-09-18,"NL_baronMackay_AEneas_1838",100
"NL_NT-TK_1901",1901-09-18,"NL_baronMichiels_Louis_1855",100
"NL_NT-TK_1901",1901-09-18,"NL_baronvanDedem_Alexander_1838",100
"NL_NT-TK_1901",1901-09-18,"NL_baronvanderBorch_Allard_1842",100
"NL_NT-TK_1901",1901-09-18,"NL_baronvanHeemstra_Schelto_1842",100
"NL_NT-TK_1901",1901-09-18,"NL_baronvanWassenaer_Otto_1856",100
"NL_NT-TK_1901",1901-09-18,"NL_Bolsius_Frans_1869",100
"NL_NT-TK_1901",1901-09-18,"NL_Bos_Dirk_1862",100
"NL_NT-TK_1901",1901-09-18,"NL_Brummelkamp_Anthony_1839",100
"NL_NT-TK_1901",1901-09-18,"NL_Conrad_Jan_1825",100
"NL_NT-TK_1901",1901-09-18,"NL_Cremer_Jacob_1847",100
"NL_NT-TK_1901",1901-09-18,"NL_deBoer_Klaas_1852",100
"NL_NT-TK_1901",1901-09-18,"NL_deKlerk_Dirk_1852",100
"NL_NT-TK_1901",1901-09-18,"NL_denHertog_Cornelis_1846",100
"NL_NT-TK_1901",1901-09-18,"NL_denTex_Cornelis_1855",100
"NL_NT-TK_1901",1901-09-18,"NL_deRam_Lambert_1842",100
"NL_NT-TK_1901",1901-09-18,"NL_deRas_Martin_1847",100
"NL_NT-TK_1901",1901-09-18,"NL_deSavornin_Alexander_1837",100
"NL_NT-TK_1901",1901-09-18,"NL_deVisser_Johannes_1857",100
"NL_NT-TK_1901",1901-09-18,"NL_deWaal_Jan_1852",100
"NL_NT-TK_1901",1901-09-18,"NL_Drucker_Hendrik_1857",100
"NL_NT-TK_1901",1901-09-18,"NL_Duymaer_Lodewijk_1865",100
"NL_NT-TK_1901",1901-09-18,"NL_Ferf_Petrus_1854",100
"NL_NT-TK_1901",1901-09-18,"NL_Fock_Dirk_1858",100
"NL_NT-TK_1901",1901-09-18,"NL_Fokker_Eduard_1849",100
"NL_NT-TK_1901",1901-09-18,"NL_Friesen_Wilhelmus_1846",100
"NL_NT-TK_1901",1901-09-18,"NL_Fruytier_Petrus_1852",100
"NL_NT-TK_1901",1901-09-18,"NL_Goekoop_Gerardus_1845",100
"NL_NT-TK_1901",1901-09-18,"NL_Goeman_Hendrik_1847",100
"NL_NT-TK_1901",1901-09-18,"NL_graafvanBylandt_Frederik_1841",100
"NL_NT-TK_1901",1901-09-18,"NL_graafvanLimburg_Otto_1855",100
"NL_NT-TK_1901",1901-09-18,"NL_Heemskerk_Theo_1852",100
"NL_NT-TK_1901",1901-09-18,"NL_Helsdingen_Willem_1850",100
"NL_NT-TK_1901",1901-09-18,"NL_Hennequin_Pieter_1851",100
"NL_NT-TK_1901",1901-09-18,"NL_Hubrecht_Henri_1844",100
"NL_NT-TK_1901",1901-09-18,"NL_Hugenholtz_Frederik_1868",100
"NL_NT-TK_1901",1901-09-18,"NL_Idenburg_Alexander_1861",100
"NL_NT-TK_1901",1901-09-18,"NL_Ketelaar_Theo_1864",100
"NL_NT-TK_1901",1901-09-18,"NL_Kolkman_Maximilien_1853",100
"NL_NT-TK_1901",1901-09-18,"NL_Krap_Johannes_1858",100
"NL_NT-TK_1901",1901-09-18,"NL_Lely_Cornelis_1854",100
"NL_NT-TK_1901",1901-09-18,"NL_Lieftinck_Franciscus_1835",100
"NL_NT-TK_1901",1901-09-18,"NL_Lucasse_Christiaan_1852",100
"NL_NT-TK_1901",1901-09-18,"NL_Marchant_Henri_1869",100
"NL_NT-TK_1901",1901-09-18,"NL_Mees_Rudolf_1834",100
"NL_NT-TK_1901",1901-09-18,"NL_Melchers_Gerrit_1869",100
"NL_NT-TK_1901",1901-09-18,"NL_Merckelbach_Joseph_1861",100
"NL_NT-TK_1901",1901-09-18,"NL_Mutsaers_Willem_1833",100
"NL_NT-TK_1901",1901-09-18,"NL_Nolens_Wilhelmus_1860",100
"NL_NT-TK_1901",1901-09-18,"NL_Nolting_Piet_1852",100
"NL_NT-TK_1901",1901-09-18,"NL_Okma_Hendrik_1868",100
"NL_NT-TK_1901",1901-09-18,"NL_Passtoors_Willem_1856",100
"NL_NT-TK_1901",1901-09-18,"NL_Pijnacker_Jacobus_1842",100
"NL_NT-TK_1901",1901-09-18,"NL_Pompe_Jozef_1837",100
"NL_NT-TK_1901",1901-09-18,"NL_Raymakers_Karel_1851",100
"NL_NT-TK_1901",1901-09-18,"NL_Rink_Pieter_1851",100
"NL_NT-TK_1901",1901-09-18,"NL_Roeell_Joan_1844",100
"NL_NT-TK_1901",1901-09-18,"NL_Roessingh_Petrus_1840",100
"NL_NT-TK_1901",1901-09-18,"NL_Schaepman_Herman_1844",100
"NL_NT-TK_1901",1901-09-18,"NL_Schaper_Jan_1868",100
"NL_NT-TK_1901",1901-09-18,"NL_Seret_Hendrik_1845",100
"NL_NT-TK_1901",1901-09-18,"NL_Sluis_Nanne_1834",100
"NL_NT-TK_1901",1901-09-18,"NL_Smeenge_Harm_1852",100
"NL_NT-TK_1901",1901-09-18,"NL_Smidt_Eerke_1858",100
"NL_NT-TK_1901",1901-09-18,"NL_Staalman_Andries_1858",100
"NL_NT-TK_1901",1901-09-18,"NL_Talma_Syb_1864",100
"NL_NT-TK_1901",1901-09-18,"NL_terLaan_Kornelis_1871",100
"NL_NT-TK_1901",1901-09-18,"NL_Travaglino_Jacobus_1831",100
"NL_NT-TK_1901",1901-09-18,"NL_Tydeman_Map_1854",100
"NL_NT-TK_1901",1901-09-18,"NL_vanAlphen_Jan_1829",100
"NL_NT-TK_1901",1901-09-18,"NL_vanAsch_Hubert_1867",100
"NL_NT-TK_1901",1901-09-18,"NL_vanAsch_Lodewijk_1858",100
"NL_NT-TK_1901",1901-09-18,"NL_vandenBerch_Isaaec_1860",100
"NL_NT-TK_1901",1901-09-18,"NL_vandenHeuvel_Vincent_1854",100
"NL_NT-TK_1901",1901-09-18,"NL_vanderKun_Emile_1853",100
"NL_NT-TK_1901",1901-09-18,"NL_vanderZwaag_Geert_1858",100
"NL_NT-TK_1901",1901-09-18,"NL_vandeVelde_Henri_1855",100
"NL_NT-TK_1901",1901-09-18,"NL_vanGijn_Hugo_1848",100
"NL_NT-TK_1901",1901-09-18,"NL_vanIdsinga_Johan_1854",100
"NL_NT-TK_1901",1901-09-18,"NL_vanKarnebeek_Abraham_1836",100
"NL_NT-TK_1901",1901-09-18,"NL_vanKempen_Antonius_1843",100
"NL_NT-TK_1901",1901-09-18,"NL_vanKol_Henri_1852",100
"NL_NT-TK_1901",1901-09-18,"NL_vanLoeben_Alexander_1847",100
"NL_NT-TK_1901",1901-09-18,"NL_vanNispen_Octaaf_1867",100
"NL_NT-TK_1901",1901-09-18,"NL_vanRaalte_Eduard_1841",100
"NL_NT-TK_1901",1901-09-18,"NL_vanSasse_Alexander_1852",100
"NL_NT-TK_1901",1901-09-18,"NL_vanStyrum_Floris_1855",100
"NL_NT-TK_1901",1901-09-18,"NL_vanVeen_Rienk_1865",100
"NL_NT-TK_1901",1901-09-18,"NL_vanVliet_Pieter_1858",100
"NL_NT-TK_1901",1901-09-18,"NL_vanVlijmen_Bernardus_1843",100
"NL_NT-TK_1901",1901-09-18,"NL_vanWichen_Franciscus_1855",100
"NL_NT-TK_1901",1901-09-18,"NL_vanWijck_Stephanus_1850",100
"NL_NT-TK_1901",1901-09-18,"NL_Verheij_Joor_1851",100
"NL_NT-TK_1901",1901-09-18,"NL_Willinge_Jan_1849",100
"NL_NT-TK_1901",1901-09-18,"NL_Zijlma_Geuchien_1842",100
"NL_NT-TK_1905",1905-09-20,"NL_Aalberse_Piet_1871",100
"NL_NT-TK_1905",1905-09-20,"NL_Arts_Antoine_1845",100
"NL_NT-TK_1905",1905-09-20,"NL_baronMichiels_Louis_1855",100
"NL_NT-TK_1905",1905-09-20,"NL_baronvanDedem_Alexander_1838",100
"NL_NT-TK_1905",1905-09-20,"NL_baronvanderBorch_Allard_1842",100
"NL_NT-TK_1905",1905-09-20,"NL_baronvanHeemstra_Schelto_1842",100
"NL_NT-TK_1905",1905-09-20,"NL_baronvanWassenaer_Otto_1856",100
"NL_NT-TK_1905",1905-09-20,"NL_baronvanWijnbergen_Antonius_1869",100
"NL_NT-TK_1905",1905-09-20,"NL_Beckers_Jean_1860",100
"NL_NT-TK_1905",1905-09-20,"NL_Blooker_Cornelis_1852",100
"NL_NT-TK_1905",1905-09-20,"NL_Bolsius_Frans_1869",100
"NL_NT-TK_1905",1905-09-20,"NL_Bos_Dirk_1862",100
"NL_NT-TK_1905",1905-09-20,"NL_Brants_Maurits_1853",100
"NL_NT-TK_1905",1905-09-20,"NL_Brummelkamp_Anthony_1839",100
"NL_NT-TK_1905",1905-09-20,"NL_deBeaufort_Willem_1845",100
"NL_NT-TK_1905",1905-09-20,"NL_deBoer_Klaas_1852",100
"NL_NT-TK_1905",1905-09-20,"NL_deKlerk_Dirk_1852",100
"NL_NT-TK_1905",1905-09-20,"NL_deRam_Lambert_1842",100
"NL_NT-TK_1905",1905-09-20,"NL_deRidder_Nicolaas_1848",100
"NL_NT-TK_1905",1905-09-20,"NL_deSavornin_Alexander_1837",100
"NL_NT-TK_1905",1905-09-20,"NL_deStuers_Victor_1843",100
"NL_NT-TK_1905",1905-09-20,"NL_deWaal_Jan_1852",100
"NL_NT-TK_1905",1905-09-20,"NL_Dolk_Willem_1853",100
"NL_NT-TK_1905",1905-09-20,"NL_Drucker_Hendrik_1857",100
"NL_NT-TK_1905",1905-09-20,"NL_Duymaer_Lodewijk_1865",100
"NL_NT-TK_1905",1905-09-20,"NL_Duynstee_Theodorus_1858",100
"NL_NT-TK_1905",1905-09-20,"NL_Eland_Kornelis_1838",100
"NL_NT-TK_1905",1905-09-20,"NL_Ferf_Petrus_1854",100
"NL_NT-TK_1905",1905-09-20,"NL_Fruytier_Petrus_1852",100
"NL_NT-TK_1905",1905-09-20,"NL_Goeman_Hendrik_1847",100
"NL_NT-TK_1905",1905-09-20,"NL_graafvanBylandt_Frederik_1841",100
"NL_NT-TK_1905",1905-09-20,"NL_graafvanLimburg_Otto_1855",100
"NL_NT-TK_1905",1905-09-20,"NL_Heemskerk_Theo_1852",100
"NL_NT-TK_1905",1905-09-20,"NL_Hennequin_Pieter_1851",100
"NL_NT-TK_1905",1905-09-20,"NL_Hubrecht_Henri_1844",100
"NL_NT-TK_1905",1905-09-20,"NL_Hugenholtz_Frederik_1868",100
"NL_NT-TK_1905",1905-09-20,"NL_IJzerman_Jan_1851",100
"NL_NT-TK_1905",1905-09-20,"NL_Jannink_Gerrit_1865",100
"NL_NT-TK_1905",1905-09-20,"NL_Jansen_Joannes_1840",100
"NL_NT-TK_1905",1905-09-20,"NL_Janssen_Francois_1871",100
"NL_NT-TK_1905",1905-09-20,"NL_Ketelaar_Theo_1864",100
"NL_NT-TK_1905",1905-09-20,"NL_Kolkman_Maximilien_1853",100
"NL_NT-TK_1905",1905-09-20,"NL_Koolen_Dionysius_1871",100
"NL_NT-TK_1905",1905-09-20,"NL_Lieftinck_Franciscus_1835",100
"NL_NT-TK_1905",1905-09-20,"NL_Limburg_Joseph_1866",100
"NL_NT-TK_1905",1905-09-20,"NL_Loeff_Jan_1858",100
"NL_NT-TK_1905",1905-09-20,"NL_Lucasse_Christiaan_1852",100
"NL_NT-TK_1905",1905-09-20,"NL_Marchant_Henri_1869",100
"NL_NT-TK_1905",1905-09-20,"NL_Mees_Pieter_1849",100
"NL_NT-TK_1905",1905-09-20,"NL_Nolens_Wilhelmus_1860",100
"NL_NT-TK_1905",1905-09-20,"NL_Nolting_Piet_1852",100
"NL_NT-TK_1905",1905-09-20,"NL_Okma_Hendrik_1868",100
"NL_NT-TK_1905",1905-09-20,"NL_Passtoors_Willem_1856",100
"NL_NT-TK_1905",1905-09-20,"NL_Patijn_Rudolf_1863",100
"NL_NT-TK_1905",1905-09-20,"NL_Pierson_Nicolaas_1839",100
"NL_NT-TK_1905",1905-09-20,"NL_Plate_Antoine_1845",100
"NL_NT-TK_1905",1905-09-20,"NL_Regout_Robert_1863",100
"NL_NT-TK_1905",1905-09-20,"NL_Reyne_Klaas_1872",100
"NL_NT-TK_1905",1905-09-20,"NL_Roeell_Joan_1844",100
"NL_NT-TK_1905",1905-09-20,"NL_Roessingh_Petrus_1840",100
"NL_NT-TK_1905",1905-09-20,"NL_Roodhuyzen_Antonie_1859",100
"NL_NT-TK_1905",1905-09-20,"NL_Ruijs_Charles_1873",100
"NL_NT-TK_1905",1905-09-20,"NL_Schaper_Jan_1868",100
"NL_NT-TK_1905",1905-09-20,"NL_Schokking_Jan_1864",100
"NL_NT-TK_1905",1905-09-20,"NL_Smeenge_Harm_1852",100
"NL_NT-TK_1905",1905-09-20,"NL_Smidt_Eerke_1858",100
"NL_NT-TK_1905",1905-09-20,"NL_Tak_Piet_1848",100
"NL_NT-TK_1905",1905-09-20,"NL_Talma_Syb_1864",100
"NL_NT-TK_1905",1905-09-20,"NL_terLaan_Kornelis_1871",100
"NL_NT-TK_1905",1905-09-20,"NL_Thomson_Lodewijk_1869",100
"NL_NT-TK_1905",1905-09-20,"NL_Treub_Willem_1858",100
"NL_NT-TK_1905",1905-09-20,"NL_Troelstra_Pieter_1860",100
"NL_NT-TK_1905",1905-09-20,"NL_Tydeman_Map_1854",100
"NL_NT-TK_1905",1905-09-20,"NL_vanAlphen_Jan_1829",100
"NL_NT-TK_1905",1905-09-20,"NL_vanAsch_Hubert_1867",100
"NL_NT-TK_1905",1905-09-20,"NL_vandenBerch_Isaaec_1860",100
"NL_NT-TK_1905",1905-09-20,"NL_vandenBergh_Samuel_1864",100
"NL_NT-TK_1905",1905-09-20,"NL_vandenBergh_Zadok_1859",100
"NL_NT-TK_1905",1905-09-20,"NL_vandenHeuvel_Vincent_1854",100
"NL_NT-TK_1905",1905-09-20,"NL_vanderVlugt_Willem_1853",100
"NL_NT-TK_1905",1905-09-20,"NL_vanderZwaag_Geert_1858",100
"NL_NT-TK_1905",1905-09-20,"NL_vandeVelde_Henri_1855",100
"NL_NT-TK_1905",1905-09-20,"NL_vanDeventer_Conrad_1857",100
"NL_NT-TK_1905",1905-09-20,"NL_vanDoorn_Willem_1853",100
"NL_NT-TK_1905",1905-09-20,"NL_vanForeest_Pieter_1845",100
"NL_NT-TK_1905",1905-09-20,"NL_vanGijn_Hugo_1848",100
"NL_NT-TK_1905",1905-09-20,"NL_vanIdsinga_Johan_1854",100
"NL_NT-TK_1905",1905-09-20,"NL_vanKarnebeek_Abraham_1836",100
"NL_NT-TK_1905",1905-09-20,"NL_vanKol_Henri_1852",100
"NL_NT-TK_1905",1905-09-20,"NL_vanNispen_Octaaf_1867",100
"NL_NT-TK_1905",1905-09-20,"NL_vanSasse_Alexander_1852",100
"NL_NT-TK_1905",1905-09-20,"NL_vanStyrum_Floris_1855",100
"NL_NT-TK_1905",1905-09-20,"NL_vanVeen_Rienk_1865",100
"NL_NT-TK_1905",1905-09-20,"NL_vanVliet_Pieter_1858",100
"NL_NT-TK_1905",1905-09-20,"NL_vanVlijmen_Bernardus_1843",100
"NL_NT-TK_1905",1905-09-20,"NL_vanVuuren_Adrianus_1865",100
"NL_NT-TK_1905",1905-09-20,"NL_vanWichen_Franciscus_1855",100
"NL_NT-TK_1905",1905-09-20,"NL_Verheij_Joor_1851",100
"NL_NT-TK_1905",1905-09-20,"NL_Zijlma_Geuchien_1842",100
"NL_NT-TK_1909",1909-09-22,"NL_Aalberse_Piet_1871",100
"NL_NT-TK_1909",1909-09-22,"NL_Ankerman_Jan_1869",100
"NL_NT-TK_1909",1909-09-22,"NL_Arts_Antoine_1845",100
"NL_NT-TK_1909",1909-09-22,"NL_baronvanDedem_Alexander_1838",100
"NL_NT-TK_1909",1909-09-22,"NL_baronvanderBorch_Allard_1842",100
"NL_NT-TK_1909",1909-09-22,"NL_baronvanHeemstra_Schelto_1842",100
"NL_NT-TK_1909",1909-09-22,"NL_baronvanWassenaer_Otto_1856",100
"NL_NT-TK_1909",1909-09-22,"NL_baronvanWijnbergen_Antonius_1869",100
"NL_NT-TK_1909",1909-09-22,"NL_Beckers_Jean_1860",100
"NL_NT-TK_1909",1909-09-22,"NL_Blum_Johan_1852",100
"NL_NT-TK_1909",1909-09-22,"NL_Bogaardt_Willem_1862",100
"NL_NT-TK_1909",1909-09-22,"NL_Bolsius_Frans_1869",100
"NL_NT-TK_1909",1909-09-22,"NL_Bos_Dirk_1862",100
"NL_NT-TK_1909",1909-09-22,"NL_Brummelkamp_Anthony_1839",100
"NL_NT-TK_1909",1909-09-22,"NL_deBeaufort_Willem_1845",100
"NL_NT-TK_1909",1909-09-22,"NL_deGeer_Dirk_1870",100
"NL_NT-TK_1909",1909-09-22,"NL_deJong_Albertus_1869",100
"NL_NT-TK_1909",1909-09-22,"NL_deKanter_Pieter_1868",100
"NL_NT-TK_1909",1909-09-22,"NL_deKlerk_Dirk_1852",100
"NL_NT-TK_1909",1909-09-22,"NL_deRam_Lambert_1842",100
"NL_NT-TK_1909",1909-09-22,"NL_deRidder_Nicolaas_1848",100
"NL_NT-TK_1909",1909-09-22,"NL_deSavornin_Alexander_1837",100
"NL_NT-TK_1909",1909-09-22,"NL_deStuers_Victor_1843",100
"NL_NT-TK_1909",1909-09-22,"NL_deVisser_Johannes_1857",100
"NL_NT-TK_1909",1909-09-22,"NL_deVlugt_Willem_1872",100
"NL_NT-TK_1909",1909-09-22,"NL_Dolk_Willem_1853",100
"NL_NT-TK_1909",1909-09-22,"NL_Drucker_Hendrik_1857",100
"NL_NT-TK_1909",1909-09-22,"NL_Duijs_Jan_1877",100
"NL_NT-TK_1909",1909-09-22,"NL_Duymaer_Lodewijk_1865",100
"NL_NT-TK_1909",1909-09-22,"NL_Duynstee_Theodorus_1858",100
"NL_NT-TK_1909",1909-09-22,"NL_Eland_Kornelis_1838",100
"NL_NT-TK_1909",1909-09-22,"NL_Elhorst_Gerrit_1865",100
"NL_NT-TK_1909",1909-09-22,"NL_Ferf_Petrus_1854",100
"NL_NT-TK_1909",1909-09-22,"NL_Fruytier_Petrus_1852",100
"NL_NT-TK_1909",1909-09-22,"NL_Goeman_Hendrik_1847",100
"NL_NT-TK_1909",1909-09-22,"NL_graafvanBylandt_Frederik_1841",100
"NL_NT-TK_1909",1909-09-22,"NL_graafvanLyndenvan_Alex_1873",100
"NL_NT-TK_1909",1909-09-22,"NL_Heemskerk_Jan_1867",100
"NL_NT-TK_1909",1909-09-22,"NL_Helsdingen_Willem_1850",100
"NL_NT-TK_1909",1909-09-22,"NL_Hubrecht_Henri_1844",100
"NL_NT-TK_1909",1909-09-22,"NL_Hugenholtz_Frederik_1868",100
"NL_NT-TK_1909",1909-09-22,"NL_Jannink_Gerrit_1865",100
"NL_NT-TK_1909",1909-09-22,"NL_Jansen_Joannes_1840",100
"NL_NT-TK_1909",1909-09-22,"NL_Janssen_Francois_1871",100
"NL_NT-TK_1909",1909-09-22,"NL_Ketelaar_Theo_1864",100
"NL_NT-TK_1909",1909-09-22,"NL_Koolen_Dionysius_1871",100
"NL_NT-TK_1909",1909-09-22,"NL_Kuyper_Abraham_1837",100
"NL_NT-TK_1909",1909-09-22,"NL_Lieftinck_Franciscus_1835",100
"NL_NT-TK_1909",1909-09-22,"NL_Limburg_Joseph_1866",100
"NL_NT-TK_1909",1909-09-22,"NL_Loeff_Jan_1858",100
"NL_NT-TK_1909",1909-09-22,"NL_Marchant_Henri_1869",100
"NL_NT-TK_1909",1909-09-22,"NL_Middelberg_Gerrit_1846",100
"NL_NT-TK_1909",1909-09-22,"NL_Nolens_Wilhelmus_1860",100
"NL_NT-TK_1909",1909-09-22,"NL_Oosterbaan_Nicolaas_1863",100
"NL_NT-TK_1909",1909-09-22,"NL_Passtoors_Willem_1856",100
"NL_NT-TK_1909",1909-09-22,"NL_Patijn_Rudolf_1863",100
"NL_NT-TK_1909",1909-09-22,"NL_Pollema_Hendrik_1851",100
"NL_NT-TK_1909",1909-09-22,"NL_Regout_Robert_1863",100
"NL_NT-TK_1909",1909-09-22,"NL_Rink_Pieter_1851",100
"NL_NT-TK_1909",1909-09-22,"NL_Roessingh_Petrus_1840",100
"NL_NT-TK_1909",1909-09-22,"NL_Roodhuyzen_Antonie_1859",100
"NL_NT-TK_1909",1909-09-22,"NL_Schaper_Jan_1868",100
"NL_NT-TK_1909",1909-09-22,"NL_Schimmelpenninck_Gerrit_1854",100
"NL_NT-TK_1909",1909-09-22,"NL_Smeenge_Harm_1852",100
"NL_NT-TK_1909",1909-09-22,"NL_Smidt_Eerke_1858",100
"NL_NT-TK_1909",1909-09-22,"NL_terLaan_Kornelis_1871",100
"NL_NT-TK_1909",1909-09-22,"NL_Thomson_Lodewijk_1869",100
"NL_NT-TK_1909",1909-09-22,"NL_Treub_Willem_1858",100
"NL_NT-TK_1909",1909-09-22,"NL_Troelstra_Pieter_1860",100
"NL_NT-TK_1909",1909-09-22,"NL_Tydeman_Map_1854",100
"NL_NT-TK_1909",1909-09-22,"NL_vanAsch_Hubert_1867",100
"NL_NT-TK_1909",1909-09-22,"NL_vandenBerch_Isaaec_1860",100
"NL_NT-TK_1909",1909-09-22,"NL_vandenHeuvel_Vincent_1854",100
"NL_NT-TK_1909",1909-09-22,"NL_vanderMolen_Jan_1867",100
"NL_NT-TK_1909",1909-09-22,"NL_vanderVoort_Coenraad_1871",100
"NL_NT-TK_1909",1909-09-22,"NL_vandeVelde_Henri_1855",100
"NL_NT-TK_1909",1909-09-22,"NL_vanDoorn_Willem_1853",100
"NL_NT-TK_1909",1909-09-22,"NL_vanForeest_Pieter_1845",100
"NL_NT-TK_1909",1909-09-22,"NL_vanHamel_Gerard_1842",100
"NL_NT-TK_1909",1909-09-22,"NL_vanHoogstraten_Jan_1859",100
"NL_NT-TK_1909",1909-09-22,"NL_vanIdsinga_Johan_1854",100
"NL_NT-TK_1909",1909-09-22,"NL_vanKarnebeek_Abraham_1836",100
"NL_NT-TK_1909",1909-09-22,"NL_vanNispen_Joseph_1861",100
"NL_NT-TK_1909",1909-09-22,"NL_vanNispen_Octaaf_1867",100
"NL_NT-TK_1909",1909-09-22,"NL_vanSasse_Alexander_1852",100
"NL_NT-TK_1909",1909-09-22,"NL_vanVeen_Rienk_1865",100
"NL_NT-TK_1909",1909-09-22,"NL_vanVliet_Pieter_1858",100
"NL_NT-TK_1909",1909-09-22,"NL_vanVlijmen_Bernardus_1843",100
"NL_NT-TK_1909",1909-09-22,"NL_vanVuuren_Adrianus_1865",100
"NL_NT-TK_1909",1909-09-22,"NL_vanWichen_Franciscus_1855",100
"NL_NT-TK_1909",1909-09-22,"NL_Verheij_Joor_1851",100
"NL_NT-TK_1909",1909-09-22,"NL_Vliegen_Willem_1862",100
"NL_NT-TK_1909",1909-09-22,"NL_Vorsterman_George_1836",100
"NL_NT-TK_1913",1913-09-17,"NL_Aalberse_Piet_1871",100
"NL_NT-TK_1913",1913-09-17,"NL_Albarda_Willem_1877",100
"NL_NT-TK_1913",1913-09-17,"NL_Ankerman_Jan_1869",100
"NL_NT-TK_1913",1913-09-17,"NL_Arts_Antoine_1845",100
"NL_NT-TK_1913",1913-09-17,"NL_barondeWijkerslooth_Jean_1873",100
"NL_NT-TK_1913",1913-09-17,"NL_baronvanWassenaer_Otto_1856",100
"NL_NT-TK_1913",1913-09-17,"NL_baronvanWijnbergen_Antonius_1869",100
"NL_NT-TK_1913",1913-09-17,"NL_Beckers_Jean_1860",100
"NL_NT-TK_1913",1913-09-17,"NL_Bichon_Cornelis_1855",100
"NL_NT-TK_1913",1913-09-17,"NL_Bogaardt_Willem_1862",100
"NL_NT-TK_1913",1913-09-17,"NL_Boissevain_Walrave_1876",100
"NL_NT-TK_1913",1913-09-17,"NL_Bongaerts_Max_1875",100
"NL_NT-TK_1913",1913-09-17,"NL_Bos_Dirk_1862",100
"NL_NT-TK_1913",1913-09-17,"NL_Brummelkamp_Anthony_1839",100
"NL_NT-TK_1913",1913-09-17,"NL_deBeaufort_Willem_1845",100
"NL_NT-TK_1913",1913-09-17,"NL_deGeer_Dirk_1870",100
"NL_NT-TK_1913",1913-09-17,"NL_deJong_Willem_1872",100
"NL_NT-TK_1913",1913-09-17,"NL_deMeester_Theodoor_1851",100
"NL_NT-TK_1913",1913-09-17,"NL_deMonte_Frederik_1861",100
"NL_NT-TK_1913",1913-09-17,"NL_deMuralt_Robert_1871",100
"NL_NT-TK_1913",1913-09-17,"NL_deSavornin_Alexander_1837",100
"NL_NT-TK_1913",1913-09-17,"NL_Dolk_Willem_1853",100
"NL_NT-TK_1913",1913-09-17,"NL_Drion_Frans_1874",100
"NL_NT-TK_1913",1913-09-17,"NL_Duijs_Jan_1877",100
"NL_NT-TK_1913",1913-09-17,"NL_Duymaer_Lodewijk_1865",100
"NL_NT-TK_1913",1913-09-17,"NL_Duynstee_Theodorus_1858",100
"NL_NT-TK_1913",1913-09-17,"NL_Eland_Kornelis_1838",100
"NL_NT-TK_1913",1913-09-17,"NL_Fleskens_Albertus_1874",100
"NL_NT-TK_1913",1913-09-17,"NL_Fock_Dirk_1858",100
"NL_NT-TK_1913",1913-09-17,"NL_Fruytier_Petrus_1852",100
"NL_NT-TK_1913",1913-09-17,"NL_Gerhard_Adriaan_1858",100
"NL_NT-TK_1913",1913-09-17,"NL_Gerretson_Bartholomeus_1856",100
"NL_NT-TK_1913",1913-09-17,"NL_Goeman_Hendrik_1847",100
"NL_NT-TK_1913",1913-09-17,"NL_graafvanBylandt_Frederik_1841",100
"NL_NT-TK_1913",1913-09-17,"NL_Heeres_Jan_1858",100
"NL_NT-TK_1913",1913-09-17,"NL_Helsdingen_Willem_1850",100
"NL_NT-TK_1913",1913-09-17,"NL_Hubrecht_Henri_1844",100
"NL_NT-TK_1913",1913-09-17,"NL_Hugenholtz_Frederik_1868",100
"NL_NT-TK_1913",1913-09-17,"NL_Jannink_Gerrit_1865",100
"NL_NT-TK_1913",1913-09-17,"NL_Jansen_Joannes_1840",100
"NL_NT-TK_1913",1913-09-17,"NL_Janssen_Francois_1871",100
"NL_NT-TK_1913",1913-09-17,"NL_Juten_Wilhelmus_1868",100
"NL_NT-TK_1913",1913-09-17,"NL_Ketelaar_Theo_1864",100
"NL_NT-TK_1913",1913-09-17,"NL_Kleerekoper_Asser_1880",100
"NL_NT-TK_1913",1913-09-17,"NL_Knobel_Fridolin_1857",100
"NL_NT-TK_1913",1913-09-17,"NL_Koolen_Dionysius_1871",100
"NL_NT-TK_1913",1913-09-17,"NL_Lasonder_Johan_1869",100
"NL_NT-TK_1913",1913-09-17,"NL_Lieftinck_Franciscus_1835",100
"NL_NT-TK_1913",1913-09-17,"NL_Limburg_Joseph_1866",100
"NL_NT-TK_1913",1913-09-17,"NL_Loeff_Jan_1858",100
"NL_NT-TK_1913",1913-09-17,"NL_Marchant_Henri_1869",100
"NL_NT-TK_1913",1913-09-17,"NL_Mendels_Maup_1868",100
"NL_NT-TK_1913",1913-09-17,"NL_Nierstrasz_Boudewijn_1861",100
"NL_NT-TK_1913",1913-09-17,"NL_Nolens_Wilhelmus_1860",100
"NL_NT-TK_1913",1913-09-17,"NL_Oosterbaan_Nicolaas_1863",100
"NL_NT-TK_1913",1913-09-17,"NL_Patijn_Rudolf_1863",100
"NL_NT-TK_1913",1913-09-17,"NL_Polak_Henri_1868",100
"NL_NT-TK_1913",1913-09-17,"NL_Rink_Pieter_1851",100
"NL_NT-TK_1913",1913-09-17,"NL_Roodenburg_Leendert_1866",100
"NL_NT-TK_1913",1913-09-17,"NL_Roodhuyzen_Antonie_1859",100
"NL_NT-TK_1913",1913-09-17,"NL_Ruijs_Charles_1873",100
"NL_NT-TK_1913",1913-09-17,"NL_Rutgers_Victor_1877",100
"NL_NT-TK_1913",1913-09-17,"NL_Sannes_Goswijn_1875",100
"NL_NT-TK_1913",1913-09-17,"NL_Schaper_Jan_1868",100
"NL_NT-TK_1913",1913-09-17,"NL_Scheurer_Jan_1864",100
"NL_NT-TK_1913",1913-09-17,"NL_Schim_Manta_1865",100
"NL_NT-TK_1913",1913-09-17,"NL_Schimmelpenninck_Gerrit_1854",100
"NL_NT-TK_1913",1913-09-17,"NL_Smeenge_Harm_1852",100
"NL_NT-TK_1913",1913-09-17,"NL_Spiekman_Hendrik_1874",100
"NL_NT-TK_1913",1913-09-17,"NL_terLaan_Jan_1872",100
"NL_NT-TK_1913",1913-09-17,"NL_terLaan_Kornelis_1871",100
"NL_NT-TK_1913",1913-09-17,"NL_terSpill_Johan_1874",100
"NL_NT-TK_1913",1913-09-17,"NL_Troelstra_Pieter_1860",100
"NL_NT-TK_1913",1913-09-17,"NL_Tydeman_Map_1854",100
"NL_NT-TK_1913",1913-09-17,"NL_vanBest_Jan_1880",100
"NL_NT-TK_1913",1913-09-17,"NL_vandenBerch_Isaaec_1860",100
"NL_NT-TK_1913",1913-09-17,"NL_vanderMolen_Jan_1867",100
"NL_NT-TK_1913",1913-09-17,"NL_vanderVoort_Coenraad_1871",100
"NL_NT-TK_1913",1913-09-17,"NL_vandeVelde_Henri_1855",100
"NL_NT-TK_1913",1913-09-17,"NL_vanDeventer_Conrad_1857",100
"NL_NT-TK_1913",1913-09-17,"NL_vanDoorn_Willem_1853",100
"NL_NT-TK_1913",1913-09-17,"NL_vanForeest_Pieter_1845",100
"NL_NT-TK_1913",1913-09-17,"NL_vanHamel_Gerard_1842",100
"NL_NT-TK_1913",1913-09-17,"NL_vanIdsinga_Johan_1854",100
"NL_NT-TK_1913",1913-09-17,"NL_vanLeeuwen_Jan_1868",100
"NL_NT-TK_1913",1913-09-17,"NL_vanNispen_Joseph_1861",100
"NL_NT-TK_1913",1913-09-17,"NL_vanNispen_Octaaf_1867",100
"NL_NT-TK_1913",1913-09-17,"NL_vanRaalte_Eduard_1841",100
"NL_NT-TK_1913",1913-09-17,"NL_vanSasse_Alexander_1852",100
"NL_NT-TK_1913",1913-09-17,"NL_vanVeen_Rienk_1865",100
"NL_NT-TK_1913",1913-09-17,"NL_vanVliet_Pieter_1858",100
"NL_NT-TK_1913",1913-09-17,"NL_vanVlijmen_Bernardus_1843",100
"NL_NT-TK_1913",1913-09-17,"NL_vanVollenhoven_Joost_1866",100
"NL_NT-TK_1913",1913-09-17,"NL_vanVuuren_Adrianus_1865",100
"NL_NT-TK_1913",1913-09-17,"NL_vanWichen_Franciscus_1855",100
"NL_NT-TK_1913",1913-09-17,"NL_Visser_Alibert_1858",100
"NL_NT-TK_1913",1913-09-17,"NL_Vliegen_Willem_1862",100
"NL_NT-TK_1917",1916-01-26,"NL_Aalberse_Piet_1871",100
"NL_NT-TK_1917",1916-01-26,"NL_Albarda_Willem_1877",100
"NL_NT-TK_1917",1916-01-26,"NL_Ankerman_Jan_1869",100
"NL_NT-TK_1917",1916-01-26,"NL_Arts_Antoine_1845",100
"NL_NT-TK_1917",1916-01-26,"NL_barondeWijkerslooth_Jean_1873",100
"NL_NT-TK_1917",1916-01-26,"NL_baronvanWijnbergen_Antonius_1869",100
"NL_NT-TK_1917",1916-01-26,"NL_Beckers_Jean_1860",100
"NL_NT-TK_1917",1916-01-26,"NL_Bichon_Cornelis_1855",100
"NL_NT-TK_1917",1916-01-26,"NL_Bogaardt_Willem_1862",100
"NL_NT-TK_1917",1916-01-26,"NL_Boissevain_Walrave_1876",100
"NL_NT-TK_1917",1916-01-26,"NL_Bongaerts_Max_1875",100
"NL_NT-TK_1917",1916-01-26,"NL_Bos_Dirk_1862",100
"NL_NT-TK_1917",1916-01-26,"NL_Brummelkamp_Anthony_1839",100
"NL_NT-TK_1917",1916-01-26,"NL_deBeaufort_Willem_1845",100
"NL_NT-TK_1917",1916-01-26,"NL_deGeer_Dirk_1870",100
"NL_NT-TK_1917",1916-01-26,"NL_deJong_Willem_1872",100
"NL_NT-TK_1917",1916-01-26,"NL_deMeester_Theodoor_1851",100
"NL_NT-TK_1917",1916-01-26,"NL_deMonte_Frederik_1861",100
"NL_NT-TK_1917",1916-01-26,"NL_deMuralt_Robert_1871",100
"NL_NT-TK_1917",1916-01-26,"NL_deSavornin_Alexander_1837",100
"NL_NT-TK_1917",1916-01-26,"NL_deStuers_Victor_1843",100
"NL_NT-TK_1917",1916-01-26,"NL_deVisser_Johannes_1857",100
"NL_NT-TK_1917",1916-01-26,"NL_Dolk_Willem_1853",100
"NL_NT-TK_1917",1916-01-26,"NL_Drion_Frans_1874",100
"NL_NT-TK_1917",1916-01-26,"NL_Duijs_Jan_1877",100
"NL_NT-TK_1917",1916-01-26,"NL_Duymaer_Lodewijk_1865",100
"NL_NT-TK_1917",1916-01-26,"NL_Duynstee_Theodorus_1858",100
"NL_NT-TK_1917",1916-01-26,"NL_Eerdmans_Bernardus_1868",100
"NL_NT-TK_1917",1916-01-26,"NL_Eland_Kornelis_1838",100
"NL_NT-TK_1917",1916-01-26,"NL_Fleskens_Albertus_1874",100
"NL_NT-TK_1917",1916-01-26,"NL_Fock_Dirk_1858",100
"NL_NT-TK_1917",1916-01-26,"NL_Fruytier_Petrus_1852",100
"NL_NT-TK_1917",1916-01-26,"NL_Gerhard_Adriaan_1858",100
"NL_NT-TK_1917",1916-01-26,"NL_Gerretson_Bartholomeus_1856",100
"NL_NT-TK_1917",1916-01-26,"NL_Goeman_Hendrik_1847",100
"NL_NT-TK_1917",1916-01-26,"NL_graafvanBylandt_Frederik_1841",100
"NL_NT-TK_1917",1916-01-26,"NL_Heeres_Jan_1858",100
"NL_NT-TK_1917",1916-01-26,"NL_Helsdingen_Willem_1850",100
"NL_NT-TK_1917",1916-01-26,"NL_Hubrecht_Henri_1844",100
"NL_NT-TK_1917",1916-01-26,"NL_Hugenholtz_Frederik_1868",100
"NL_NT-TK_1917",1916-01-26,"NL_Jannink_Gerrit_1865",100
"NL_NT-TK_1917",1916-01-26,"NL_Jansen_Joannes_1840",100
"NL_NT-TK_1917",1916-01-26,"NL_Janssen_Francois_1871",100
"NL_NT-TK_1917",1916-01-26,"NL_Juten_Wilhelmus_1868",100
"NL_NT-TK_1917",1916-01-26,"NL_Ketelaar_Theo_1864",100
"NL_NT-TK_1917",1916-01-26,"NL_Kleerekoper_Asser_1880",100
"NL_NT-TK_1917",1916-01-26,"NL_Knobel_Fridolin_1857",100
"NL_NT-TK_1917",1916-01-26,"NL_Kolkman_Maximilien_1853",100
"NL_NT-TK_1917",1916-01-26,"NL_Koolen_Dionysius_1871",100
"NL_NT-TK_1917",1916-01-26,"NL_Koster_Willem_1884",100
"NL_NT-TK_1917",1916-01-26,"NL_Lieftinck_Franciscus_1835",100
"NL_NT-TK_1917",1916-01-26,"NL_Limburg_Joseph_1866",100
"NL_NT-TK_1917",1916-01-26,"NL_Loeff_Jan_1858",100
"NL_NT-TK_1917",1916-01-26,"NL_Marchant_Henri_1869",100
"NL_NT-TK_1917",1916-01-26,"NL_Mendels_Maup_1868",100
"NL_NT-TK_1917",1916-01-26,"NL_Nierstrasz_Boudewijn_1861",100
"NL_NT-TK_1917",1916-01-26,"NL_Nolens_Wilhelmus_1860",100
"NL_NT-TK_1917",1916-01-26,"NL_Oosterbaan_Nicolaas_1863",100
"NL_NT-TK_1917",1916-01-26,"NL_Otto_Pieter_1872",100
"NL_NT-TK_1917",1916-01-26,"NL_Patijn_Rudolf_1863",100
"NL_NT-TK_1917",1916-01-26,"NL_Rink_Pieter_1851",100
"NL_NT-TK_1917",1916-01-26,"NL_Roodenburg_Leendert_1866",100
"NL_NT-TK_1917",1916-01-26,"NL_Roodhuyzen_Antonie_1859",100
"NL_NT-TK_1917",1916-01-26,"NL_Ruijs_Charles_1873",100
"NL_NT-TK_1917",1916-01-26,"NL_Rutgers_Victor_1877",100
"NL_NT-TK_1917",1916-01-26,"NL_Sannes_Goswijn_1875",100
"NL_NT-TK_1917",1916-01-26,"NL_Schaper_Jan_1868",100
"NL_NT-TK_1917",1916-01-26,"NL_Scheurer_Jan_1864",100
"NL_NT-TK_1917",1916-01-26,"NL_Schim_Manta_1865",100
"NL_NT-TK_1917",1916-01-26,"NL_Schimmelpenninck_Gerrit_1854",100
"NL_NT-TK_1917",1916-01-26,"NL_Smeenge_Harm_1852",100
"NL_NT-TK_1917",1916-01-26,"NL_Spiekman_Hendrik_1874",100
"NL_NT-TK_1917",1916-01-26,"NL_terLaan_Jan_1872",100
"NL_NT-TK_1917",1916-01-26,"NL_terLaan_Kornelis_1871",100
"NL_NT-TK_1917",1916-01-26,"NL_terSpill_Johan_1874",100
"NL_NT-TK_1917",1916-01-26,"NL_Troelstra_Pieter_1860",100
"NL_NT-TK_1917",1916-01-26,"NL_Tydeman_Map_1854",100
"NL_NT-TK_1917",1916-01-26,"NL_vanBest_Jan_1880",100
"NL_NT-TK_1917",1916-01-26,"NL_vandenBerch_Isaaec_1860",100
"NL_NT-TK_1917",1916-01-26,"NL_vandenTempel_Jan_1877",100
"NL_NT-TK_1917",1916-01-26,"NL_vanderMolen_Jan_1867",100
"NL_NT-TK_1917",1916-01-26,"NL_vanderVoort_Coenraad_1871",100
"NL_NT-TK_1917",1916-01-26,"NL_vandeVelde_Henri_1855",100
"NL_NT-TK_1917",1916-01-26,"NL_vanDoorn_Willem_1853",100
"NL_NT-TK_1917",1916-01-26,"NL_vanForeest_Pieter_1845",100
"NL_NT-TK_1917",1916-01-26,"NL_vanHamel_Gerard_1842",100
"NL_NT-TK_1917",1916-01-26,"NL_vanIdsinga_Johan_1854",100
"NL_NT-TK_1917",1916-01-26,"NL_vanLeeuwen_Jan_1868",100
"NL_NT-TK_1917",1916-01-26,"NL_vanNispen_Joseph_1861",100
"NL_NT-TK_1917",1916-01-26,"NL_vanRaalte_Eduard_1841",100
"NL_NT-TK_1917",1916-01-26,"NL_vanSasse_Alexander_1852",100
"NL_NT-TK_1917",1916-01-26,"NL_vanVeen_Rienk_1865",100
"NL_NT-TK_1917",1916-01-26,"NL_vanVliet_Pieter_1858",100
"NL_NT-TK_1917",1916-01-26,"NL_vanVlijmen_Bernardus_1843",100
"NL_NT-TK_1917",1916-01-26,"NL_vanVollenhoven_Joost_1866",100
"NL_NT-TK_1917",1916-01-26,"NL_vanVuuren_Adrianus_1865",100
"NL_NT-TK_1917",1916-01-26,"NL_vanWichen_Franciscus_1855",100
"NL_NT-TK_1917",1916-01-26,"NL_Visser_Alibert_1858",100
"NL_NT-TK_1918",1918-09-18,"NL_Albarda_Willem_1877",100
"NL_NT-TK_1918",1918-09-18,"NL_Arts_Antoine_1845",100
"NL_NT-TK_1918",1918-09-18,"NL_barondeWijkerslooth_Jean_1873",100
"NL_NT-TK_1918",1918-09-18,"NL_baronvanWijnbergen_Antonius_1869",100
"NL_NT-TK_1918",1918-09-18,"NL_Beumer_Egbertus_1878",100
"NL_NT-TK_1918",1918-09-18,"NL_Bogaardt_Willem_1862",100
"NL_NT-TK_1918",1918-09-18,"NL_Bomans_Jan_1885",100
"NL_NT-TK_1918",1918-09-18,"NL_Bongaerts_Max_1875",100
"NL_NT-TK_1918",1918-09-18,"NL_Bos_Frederik_1866",100
"NL_NT-TK_1918",1918-09-18,"NL_Bulten_Gerhardus_1871",100
"NL_NT-TK_1918",1918-09-18,"NL_Colijn_Arie_1870",100
"NL_NT-TK_1918",1918-09-18,"NL_deBuisonje_Willem_1878",100
"NL_NT-TK_1918",1918-09-18,"NL_Deckers_Laurentius_1883",100
"NL_NT-TK_1918",1918-09-18,"NL_deGeer_Dirk_1870",100
"NL_NT-TK_1918",1918-09-18,"NL_deGroot_Lourens_1874",100
"NL_NT-TK_1918",1918-09-18,"NL_deJonge_Willem_1866",100
"NL_NT-TK_1918",1918-09-18,"NL_deMonte_Frederik_1861",100
"NL_NT-TK_1918",1918-09-18,"NL_deMuralt_Robert_1871",100
"NL_NT-TK_1918",1918-09-18,"NL_deSavornin_Alexander_1837",100
"NL_NT-TK_1918",1918-09-18,"NL_deWilde_Jacob_1879",100
"NL_NT-TK_1918",1918-09-18,"NL_deZeeuw_Arie_1881",100
"NL_NT-TK_1918",1918-09-18,"NL_Dresselhuys_Hendrik_1870",100
"NL_NT-TK_1918",1918-09-18,"NL_Duijs_Jan_1877",100
"NL_NT-TK_1918",1918-09-18,"NL_Duymaer_Lodewijk_1865",100
"NL_NT-TK_1918",1918-09-18,"NL_Engels_Arnold_1869",100
"NL_NT-TK_1918",1918-09-18,"NL_Fleskens_Albertus_1874",100
"NL_NT-TK_1918",1918-09-18,"NL_Fock_Dirk_1858",100
"NL_NT-TK_1918",1918-09-18,"NL_Fruytier_Petrus_1852",100
"NL_NT-TK_1918",1918-09-18,"NL_Gerhard_Adriaan_1858",100
"NL_NT-TK_1918",1918-09-18,"NL_Groeneweg_Suze_1875",100
"NL_NT-TK_1918",1918-09-18,"NL_Haazevoet_Piet_1876",100
"NL_NT-TK_1918",1918-09-18,"NL_Heemskerk_Jan_1867",100
"NL_NT-TK_1918",1918-09-18,"NL_Heijkoop_Arie_1883",100
"NL_NT-TK_1918",1918-09-18,"NL_Helsdingen_Willem_1850",100
"NL_NT-TK_1918",1918-09-18,"NL_Hermans_Henri_1874",100
"NL_NT-TK_1918",1918-09-18,"NL_Hermans_Louis_1861",100
"NL_NT-TK_1918",1918-09-18,"NL_Hugenholtz_Frederik_1868",100
"NL_NT-TK_1918",1918-09-18,"NL_Juten_Wilhelmus_1868",100
"NL_NT-TK_1918",1918-09-18,"NL_Ketelaar_Theo_1864",100
"NL_NT-TK_1918",1918-09-18,"NL_Kleerekoper_Asser_1880",100
"NL_NT-TK_1918",1918-09-18,"NL_Kolkman_Maximilien_1853",100
"NL_NT-TK_1918",1918-09-18,"NL_Kolthek_Harm_1872",100
"NL_NT-TK_1918",1918-09-18,"NL_Koolen_Dionysius_1871",100
"NL_NT-TK_1918",1918-09-18,"NL_Kruyt_Willy_1877",100
"NL_NT-TK_1918",1918-09-18,"NL_Kuiper_Kees_1875",100
"NL_NT-TK_1918",1918-09-18,"NL_Lely_Cornelis_1854",100
"NL_NT-TK_1918",1918-09-18,"NL_Loeff_Jan_1858",100
"NL_NT-TK_1918",1918-09-18,"NL_Marchant_Henri_1869",100
"NL_NT-TK_1918",1918-09-18,"NL_Niemeijer_Jan_1870",100
"NL_NT-TK_1918",1918-09-18,"NL_Nolens_Wilhelmus_1860",100
"NL_NT-TK_1918",1918-09-18,"NL_Ossendorp_Frans_1863",100
"NL_NT-TK_1918",1918-09-18,"NL_Otto_Pieter_1872",100
"NL_NT-TK_1918",1918-09-18,"NL_Oud_Pieter_1886",100
"NL_NT-TK_1918",1918-09-18,"NL_Oudegeest_Jan_1870",100
"NL_NT-TK_1918",1918-09-18,"NL_Poels_Jean_1870",100
"NL_NT-TK_1918",1918-09-18,"NL_Reymer_Paul_1882",100
"NL_NT-TK_1918",1918-09-18,"NL_riddervanRappard_Anthon_1871",100
"NL_NT-TK_1918",1918-09-18,"NL_Rink_Pieter_1851",100
"NL_NT-TK_1918",1918-09-18,"NL_Rugge_Eltjo_1872",100
"NL_NT-TK_1918",1918-09-18,"NL_Rutgers_Victor_1877",100
"NL_NT-TK_1918",1918-09-18,"NL_Sannes_Goswijn_1875",100
"NL_NT-TK_1918",1918-09-18,"NL_Schaper_Jan_1868",100
"NL_NT-TK_1918",1918-09-18,"NL_Scheurer_Jan_1864",100
"NL_NT-TK_1918",1918-09-18,"NL_Schokking_Jan_1864",100
"NL_NT-TK_1918",1918-09-18,"NL_Smeenk_Chris_1880",100
"NL_NT-TK_1918",1918-09-18,"NL_Snoeck_Reinhardt_1862",100
"NL_NT-TK_1918",1918-09-18,"NL_Staalman_Abraham_1871",100
"NL_NT-TK_1918",1918-09-18,"NL_Staalman_Andries_1858",100
"NL_NT-TK_1918",1918-09-18,"NL_Stulemeijer_Hendrikus_1867",100
"NL_NT-TK_1918",1918-09-18,"NL_Swane_Isidorus_1875",100
"NL_NT-TK_1918",1918-09-18,"NL_terHall_Henri_1866",100
"NL_NT-TK_1918",1918-09-18,"NL_terLaan_Jan_1872",100
"NL_NT-TK_1918",1918-09-18,"NL_terLaan_Kornelis_1871",100
"NL_NT-TK_1918",1918-09-18,"NL_Treub_Willem_1858",100
"NL_NT-TK_1918",1918-09-18,"NL_Troelstra_Pieter_1860",100
"NL_NT-TK_1918",1918-09-18,"NL_vanBeresteyn_Eltjo_1876",100
"NL_NT-TK_1918",1918-09-18,"NL_vandeBilt_Charles_1869",100
"NL_NT-TK_1918",1918-09-18,"NL_vandeLaar_Adolf_1871",100
"NL_NT-TK_1918",1918-09-18,"NL_vandenTempel_Jan_1877",100
"NL_NT-TK_1918",1918-09-18,"NL_vanderMolen_Jan_1867",100
"NL_NT-TK_1918",1918-09-18,"NL_vanderVoort_Coenraad_1871",100
"NL_NT-TK_1918",1918-09-18,"NL_vanderWaerden_Theo_1876",100
"NL_NT-TK_1918",1918-09-18,"NL_vanDijk_Johannes_1856",100
"NL_NT-TK_1918",1918-09-18,"NL_vanDoorn_Willem_1853",100
"NL_NT-TK_1918",1918-09-18,"NL_vanGroenendael_Henri_1874",100
"NL_NT-TK_1918",1918-09-18,"NL_vanRavesteyn_Willem_1876",100
"NL_NT-TK_1918",1918-09-18,"NL_vanRijckevorsel_Augustinus_1882",100
"NL_NT-TK_1918",1918-09-18,"NL_vanSchaik_Josef_1882",100
"NL_NT-TK_1918",1918-09-18,"NL_vanVeen_Rienk_1865",100
"NL_NT-TK_1918",1918-09-18,"NL_vanVuuren_Adrianus_1865",100
"NL_NT-TK_1918",1918-09-18,"NL_vanZadelhoff_Jan_1868",100
"NL_NT-TK_1918",1918-09-18,"NL_Visser_Alibert_1858",100
"NL_NT-TK_1918",1918-09-18,"NL_Weitkamp_Jan_1870",100
"NL_NT-TK_1918",1918-09-18,"NL_Wijk_Willem_1864",100
"NL_NT-TK_1918",1918-09-18,"NL_Wijnkoop_David_1876",100
"NL_NT-TK_1918",1918-09-18,"NL_Wintermans_Jef_1877",100
"NL_NT-TK_1918",1918-09-18,"NL_Zijlstra_Albertus_1874",100
"NL_NT-TK_1922",1922-07-26,"NL_Albarda_Willem_1877",100
"NL_NT-TK_1922",1922-07-26,"NL_Ament_Jean_1864",100
"NL_NT-TK_1922",1922-07-26,"NL_Bakker_Jouke_1873",100
"NL_NT-TK_1922",1922-07-26,"NL_baronvanBoetzelaer_Carel_1873",100
"NL_NT-TK_1922",1922-07-26,"NL_baronvanVoorst_Louis_1870",100
"NL_NT-TK_1922",1922-07-26,"NL_baronvanWijnbergen_Antonius_1869",100
"NL_NT-TK_1922",1922-07-26,"NL_Beumer_Egbertus_1878",100
"NL_NT-TK_1922",1922-07-26,"NL_Bierema_Steven_1884",100
"NL_NT-TK_1922",1922-07-26,"NL_Bomans_Jan_1885",100
"NL_NT-TK_1922",1922-07-26,"NL_Bongaerts_Max_1875",100
"NL_NT-TK_1922",1922-07-26,"NL_Boon_Gerard_1882",100
"NL_NT-TK_1922",1922-07-26,"NL_Braat_Arend_1874",100
"NL_NT-TK_1922",1922-07-26,"NL_Brautigam_Johan_1878",100
"NL_NT-TK_1922",1922-07-26,"NL_Bronsveld_Charlotte_1871",100
"NL_NT-TK_1922",1922-07-26,"NL_Bulten_Gerhardus_1871",100
"NL_NT-TK_1922",1922-07-26,"NL_Colijn_Arie_1870",100
"NL_NT-TK_1922",1922-07-26,"NL_deBoer_R_1869",100
"NL_NT-TK_1922",1922-07-26,"NL_Deckers_Laurentius_1883",100
"NL_NT-TK_1922",1922-07-26,"NL_deGeer_Dirk_1870",100
"NL_NT-TK_1922",1922-07-26,"NL_deMonte_Frederik_1861",100
"NL_NT-TK_1922",1922-07-26,"NL_deVisser_Johannes_1857",100
"NL_NT-TK_1922",1922-07-26,"NL_deVries_Agnes_1874",100
"NL_NT-TK_1922",1922-07-26,"NL_deWilde_Jacob_1879",100
"NL_NT-TK_1922",1922-07-26,"NL_Dresselhuys_Hendrik_1870",100
"NL_NT-TK_1922",1922-07-26,"NL_Duijs_Jan_1877",100
"NL_NT-TK_1922",1922-07-26,"NL_Duymaer_Lodewijk_1865",100
"NL_NT-TK_1922",1922-07-26,"NL_Ebels_Fekko_1878",100
"NL_NT-TK_1922",1922-07-26,"NL_Engels_Arnold_1869",100
"NL_NT-TK_1922",1922-07-26,"NL_Feber_Louis_1885",100
"NL_NT-TK_1922",1922-07-26,"NL_Fleskens_Albertus_1874",100
"NL_NT-TK_1922",1922-07-26,"NL_Fruytier_Leonardus_1882",100
"NL_NT-TK_1922",1922-07-26,"NL_Gerhard_Adriaan_1858",100
"NL_NT-TK_1922",1922-07-26,"NL_Gerretson_Bartholomeus_1856",100
"NL_NT-TK_1922",1922-07-26,"NL_Groeneweg_Suze_1875",100
"NL_NT-TK_1922",1922-07-26,"NL_Heemskerk_Theo_1852",100
"NL_NT-TK_1922",1922-07-26,"NL_Hermans_Henri_1874",100
"NL_NT-TK_1922",1922-07-26,"NL_Hiemstra_Piet_1878",100
"NL_NT-TK_1922",1922-07-26,"NL_Hugenholtz_Frederik_1868",100
"NL_NT-TK_1922",1922-07-26,"NL_IJzerman_Arie_1879",100
"NL_NT-TK_1922",1922-07-26,"NL_Katz_Frida_1885",100
"NL_NT-TK_1922",1922-07-26,"NL_Kersten_Gerrit_1882",100
"NL_NT-TK_1922",1922-07-26,"NL_Ketelaar_Theo_1864",100
"NL_NT-TK_1922",1922-07-26,"NL_Kleerekoper_Asser_1880",100
"NL_NT-TK_1922",1922-07-26,"NL_Knigge_Cornelis_1854",100
"NL_NT-TK_1922",1922-07-26,"NL_Kolkman_Maximilien_1853",100
"NL_NT-TK_1922",1922-07-26,"NL_Koolen_Dionysius_1871",100
"NL_NT-TK_1922",1922-07-26,"NL_Krijger_Jan_1874",100
"NL_NT-TK_1922",1922-07-26,"NL_Kuiper_Kees_1875",100
"NL_NT-TK_1922",1922-07-26,"NL_Marchant_Henri_1869",100
"NL_NT-TK_1922",1922-07-26,"NL_Moerel_Franciscus_1870",100
"NL_NT-TK_1922",1922-07-26,"NL_Nolens_Wilhelmus_1860",100
"NL_NT-TK_1922",1922-07-26,"NL_Oud_Pieter_1886",100
"NL_NT-TK_1922",1922-07-26,"NL_riddervanRappard_Anthon_1871",100
"NL_NT-TK_1922",1922-07-26,"NL_Ruijs_Charles_1873",100
"NL_NT-TK_1922",1922-07-26,"NL_Rutgers_Victor_1877",100
"NL_NT-TK_1922",1922-07-26,"NL_Sannes_Goswijn_1875",100
"NL_NT-TK_1922",1922-07-26,"NL_Schaper_Jan_1868",100
"NL_NT-TK_1922",1922-07-26,"NL_Scheurer_Jan_1864",100
"NL_NT-TK_1922",1922-07-26,"NL_Schokking_Jan_1864",100
"NL_NT-TK_1922",1922-07-26,"NL_Schouten_Jan_1883",100
"NL_NT-TK_1922",1922-07-26,"NL_Smeenk_Chris_1880",100
"NL_NT-TK_1922",1922-07-26,"NL_Snoeck_Reinhardt_1862",100
"NL_NT-TK_1922",1922-07-26,"NL_Staalman_Abraham_1871",100
"NL_NT-TK_1922",1922-07-26,"NL_Stulemeijer_Hendrikus_1867",100
"NL_NT-TK_1922",1922-07-26,"NL_Suring_Johannes_1882",100
"NL_NT-TK_1922",1922-07-26,"NL_terHall_Henri_1866",100
"NL_NT-TK_1922",1922-07-26,"NL_terLaan_Jan_1872",100
"NL_NT-TK_1922",1922-07-26,"NL_terLaan_Kornelis_1871",100
"NL_NT-TK_1922",1922-07-26,"NL_Tilanus_Hendrik_1884",100
"NL_NT-TK_1922",1922-07-26,"NL_Troelstra_Pieter_1860",100
"NL_NT-TK_1922",1922-07-26,"NL_vanBraambeek_Hendrik_1880",100
"NL_NT-TK_1922",1922-07-26,"NL_vandeBilt_Charles_1869",100
"NL_NT-TK_1922",1922-07-26,"NL_vandenTempel_Jan_1877",100
"NL_NT-TK_1922",1922-07-26,"NL_vanderMolen_Jan_1867",100
"NL_NT-TK_1922",1922-07-26,"NL_vanderVoort_Coenraad_1871",100
"NL_NT-TK_1922",1922-07-26,"NL_vanderWaerden_Theo_1876",100
"NL_NT-TK_1922",1922-07-26,"NL_vanDijk_Jannes_1871",100
"NL_NT-TK_1922",1922-07-26,"NL_vanDijk_Johannes_1856",100
"NL_NT-TK_1922",1922-07-26,"NL_vanDorp_Lizzy_1872",100
"NL_NT-TK_1922",1922-07-26,"NL_vanGijn_Anton_1866",100
"NL_NT-TK_1922",1922-07-26,"NL_vanRavesteyn_Willem_1876",100
"NL_NT-TK_1922",1922-07-26,"NL_vanRijckevorsel_Augustinus_1882",100
"NL_NT-TK_1922",1922-07-26,"NL_vanRijzewijk_Jan_1880",100
"NL_NT-TK_1922",1922-07-26,"NL_vanSasse_Alexander_1852",100
"NL_NT-TK_1922",1922-07-26,"NL_vanSchaik_Josef_1882",100
"NL_NT-TK_1922",1922-07-26,"NL_vanVuuren_Adrianus_1865",100
"NL_NT-TK_1922",1922-07-26,"NL_vanZadelhoff_Jan_1868",100
"NL_NT-TK_1922",1922-07-26,"NL_Visscher_Hugo_1864",100
"NL_NT-TK_1922",1922-07-26,"NL_Visser_Alibert_1858",100
"NL_NT-TK_1922",1922-07-26,"NL_Vliegen_Willem_1862",100
"NL_NT-TK_1922",1922-07-26,"NL_Weitkamp_Jan_1870",100
"NL_NT-TK_1922",1922-07-26,"NL_Westerman_Jo_1866",100
"NL_NT-TK_1922",1922-07-26,"NL_Wijnkoop_David_1876",100
"NL_NT-TK_1922",1922-07-26,"NL_Wintermans_Jef_1877",100
"NL_NT-TK_1922",1922-07-26,"NL_Zijlstra_Albertus_1874",100
"NL_NT-TK_1925",1925-09-16,"NL_Aalberse_Piet_1871",100
"NL_NT-TK_1925",1925-09-16,"NL_Albarda_Willem_1877",100
"NL_NT-TK_1925",1925-09-16,"NL_Ament_Jean_1864",100
"NL_NT-TK_1925",1925-09-16,"NL_Arts_Pius_1881",100
"NL_NT-TK_1925",1925-09-16,"NL_Bakker_Jouke_1873",100
"NL_NT-TK_1925",1925-09-16,"NL_baronvanBoetzelaer_Carel_1873",100
"NL_NT-TK_1925",1925-09-16,"NL_baronvanVoorst_Louis_1870",100
"NL_NT-TK_1925",1925-09-16,"NL_baronvanWijnbergen_Antonius_1869",100
"NL_NT-TK_1925",1925-09-16,"NL_Beumer_Egbertus_1878",100
"NL_NT-TK_1925",1925-09-16,"NL_Bijleveld_Hendrik_1885",100
"NL_NT-TK_1925",1925-09-16,"NL_Boissevain_Walrave_1876",100
"NL_NT-TK_1925",1925-09-16,"NL_Bomans_Jan_1885",100
"NL_NT-TK_1925",1925-09-16,"NL_Boon_Gerard_1882",100
"NL_NT-TK_1925",1925-09-16,"NL_Braat_Arend_1874",100
"NL_NT-TK_1925",1925-09-16,"NL_Brautigam_Johan_1878",100
"NL_NT-TK_1925",1925-09-16,"NL_Bulten_Gerhardus_1871",100
"NL_NT-TK_1925",1925-09-16,"NL_Cramer_Charles_1879",100
"NL_NT-TK_1925",1925-09-16,"NL_Deckers_Laurentius_1883",100
"NL_NT-TK_1925",1925-09-16,"NL_deVisser_Johannes_1857",100
"NL_NT-TK_1925",1925-09-16,"NL_deVisser_Lou_1878",100
"NL_NT-TK_1925",1925-09-16,"NL_deVries_Agnes_1874",100
"NL_NT-TK_1925",1925-09-16,"NL_deWilde_Jacob_1879",100
"NL_NT-TK_1925",1925-09-16,"NL_Dresselhuys_Hendrik_1870",100
"NL_NT-TK_1925",1925-09-16,"NL_Droogleever_Pieter_1868",100
"NL_NT-TK_1925",1925-09-16,"NL_Drop_Willem_1880",100
"NL_NT-TK_1925",1925-09-16,"NL_Duijs_Jan_1877",100
"NL_NT-TK_1925",1925-09-16,"NL_Duymaer_Lodewijk_1865",100
"NL_NT-TK_1925",1925-09-16,"NL_Ebels_Fekko_1878",100
"NL_NT-TK_1925",1925-09-16,"NL_Engels_Arnold_1869",100
"NL_NT-TK_1925",1925-09-16,"NL_Fleskens_Albertus_1874",100
"NL_NT-TK_1925",1925-09-16,"NL_Gerhard_Adriaan_1858",100
"NL_NT-TK_1925",1925-09-16,"NL_Groeneweg_Suze_1875",100
"NL_NT-TK_1925",1925-09-16,"NL_Heemskerk_Theo_1852",100
"NL_NT-TK_1925",1925-09-16,"NL_Hermans_Henri_1874",100
"NL_NT-TK_1925",1925-09-16,"NL_Hiemstra_Piet_1878",100
"NL_NT-TK_1925",1925-09-16,"NL_IJzerman_Arie_1879",100
"NL_NT-TK_1925",1925-09-16,"NL_Joekes_Dolf_1885",100
"NL_NT-TK_1925",1925-09-16,"NL_Kampschoeer_Gerardus_1891",100
"NL_NT-TK_1925",1925-09-16,"NL_Katz_Frida_1885",100
"NL_NT-TK_1925",1925-09-16,"NL_Kersten_Gerrit_1882",100
"NL_NT-TK_1925",1925-09-16,"NL_Ketelaar_Theo_1864",100
"NL_NT-TK_1925",1925-09-16,"NL_Kleerekoper_Asser_1880",100
"NL_NT-TK_1925",1925-09-16,"NL_Knottenbelt_Hendrik_1874",100
"NL_NT-TK_1925",1925-09-16,"NL_Kortenhorst_Leonardus_1886",100
"NL_NT-TK_1925",1925-09-16,"NL_Krijger_Jan_1874",100
"NL_NT-TK_1925",1925-09-16,"NL_Kuiper_Kees_1875",100
"NL_NT-TK_1925",1925-09-16,"NL_Langman_Johan_1871",100
"NL_NT-TK_1925",1925-09-16,"NL_Leenstra_Hendrik_1877",100
"NL_NT-TK_1925",1925-09-16,"NL_Lingbeek_Casper_1867",100
"NL_NT-TK_1925",1925-09-16,"NL_Loerakker_Toon_1873",100
"NL_NT-TK_1925",1925-09-16,"NL_Lovink_Hermanus_1866",100
"NL_NT-TK_1925",1925-09-16,"NL_Marchant_Henri_1869",100
"NL_NT-TK_1925",1925-09-16,"NL_Meijer_Annie_1875",100
"NL_NT-TK_1925",1925-09-16,"NL_Moller_Hendrik_1869",100
"NL_NT-TK_1925",1925-09-16,"NL_Nolens_Wilhelmus_1860",100
"NL_NT-TK_1925",1925-09-16,"NL_Oud_Pieter_1886",100
"NL_NT-TK_1925",1925-09-16,"NL_riddervanRappard_Anthon_1871",100
"NL_NT-TK_1925",1925-09-16,"NL_Ruijs_Charles_1873",100
"NL_NT-TK_1925",1925-09-16,"NL_Rutgers_Jan_1874",100
"NL_NT-TK_1925",1925-09-16,"NL_Rutten_Peter_1864",100
"NL_NT-TK_1925",1925-09-16,"NL_Sannes_Goswijn_1875",100
"NL_NT-TK_1925",1925-09-16,"NL_Schaper_Jan_1868",100
"NL_NT-TK_1925",1925-09-16,"NL_Scheurer_Jan_1864",100
"NL_NT-TK_1925",1925-09-16,"NL_Schouten_Jan_1883",100
"NL_NT-TK_1925",1925-09-16,"NL_Smeenk_Chris_1880",100
"NL_NT-TK_1925",1925-09-16,"NL_Snoeck_Reinhardt_1862",100
"NL_NT-TK_1925",1925-09-16,"NL_Staalman_Abraham_1871",100
"NL_NT-TK_1925",1925-09-16,"NL_Stenhuis_Roel_1885",100
"NL_NT-TK_1925",1925-09-16,"NL_Suring_Johannes_1882",100
"NL_NT-TK_1925",1925-09-16,"NL_terLaan_Jan_1872",100
"NL_NT-TK_1925",1925-09-16,"NL_terLaan_Kornelis_1871",100
"NL_NT-TK_1925",1925-09-16,"NL_Tilanus_Hendrik_1884",100
"NL_NT-TK_1925",1925-09-16,"NL_vanAalten_Simon_1863",100
"NL_NT-TK_1925",1925-09-16,"NL_vanBraambeek_Hendrik_1880",100
"NL_NT-TK_1925",1925-09-16,"NL_vandeBilt_Charles_1869",100
"NL_NT-TK_1925",1925-09-16,"NL_vandenBergh_George_1890",100
"NL_NT-TK_1925",1925-09-16,"NL_vandenHeuvel_Chris_1887",100
"NL_NT-TK_1925",1925-09-16,"NL_vandenTempel_Jan_1877",100
"NL_NT-TK_1925",1925-09-16,"NL_vanderHeide_Albert_1872",100
"NL_NT-TK_1925",1925-09-16,"NL_vanderSluis_Wiebe_1881",100
"NL_NT-TK_1925",1925-09-16,"NL_vanderWaerden_Theo_1876",100
"NL_NT-TK_1925",1925-09-16,"NL_vanDijk_Jannes_1871",100
"NL_NT-TK_1925",1925-09-16,"NL_vanDijk_Johannes_1856",100
"NL_NT-TK_1925",1925-09-16,"NL_vanGijn_Anton_1866",100
"NL_NT-TK_1925",1925-09-16,"NL_vanRijckevorsel_Augustinus_1882",100
"NL_NT-TK_1925",1925-09-16,"NL_vanRijzewijk_Jan_1880",100
"NL_NT-TK_1925",1925-09-16,"NL_vanSasse_Alexander_1852",100
"NL_NT-TK_1925",1925-09-16,"NL_vanSchaik_Josef_1882",100
"NL_NT-TK_1925",1925-09-16,"NL_vanVuuren_Adrianus_1865",100
"NL_NT-TK_1925",1925-09-16,"NL_vanZadelhoff_Jan_1868",100
"NL_NT-TK_1925",1925-09-16,"NL_Veraart_Johannes_1886",100
"NL_NT-TK_1925",1925-09-16,"NL_Visscher_Hugo_1864",100
"NL_NT-TK_1925",1925-09-16,"NL_Vliegen_Willem_1862",100
"NL_NT-TK_1925",1925-09-16,"NL_Vos_Jacobus_1871",100
"NL_NT-TK_1925",1925-09-16,"NL_Weitkamp_Jan_1870",100
"NL_NT-TK_1925",1925-09-16,"NL_Westerman_Jo_1866",100
"NL_NT-TK_1925",1925-09-16,"NL_Wintermans_Jef_1877",100
"NL_NT-TK_1925",1925-09-16,"NL_Zandt_Pieter_1880",100
"NL_NT-TK_1925",1925-09-16,"NL_Zijlstra_Albertus_1874",100
"NL_NT-TK_1929",1929-09-18,"NL_Aalberse_Piet_1871",100
"NL_NT-TK_1929",1929-09-18,"NL_Albarda_Willem_1877",100
"NL_NT-TK_1929",1929-09-18,"NL_Ament_Jean_1864",100
"NL_NT-TK_1929",1929-09-18,"NL_Bakker_Jouke_1873",100
"NL_NT-TK_1929",1929-09-18,"NL_baronvanBoetzelaer_Carel_1873",100
"NL_NT-TK_1929",1929-09-18,"NL_baronvanVoorst_Louis_1870",100
"NL_NT-TK_1929",1929-09-18,"NL_baronvanWijnbergen_Antonius_1869",100
"NL_NT-TK_1929",1929-09-18,"NL_Beumer_Egbertus_1878",100
"NL_NT-TK_1929",1929-09-18,"NL_Bierema_Steven_1884",100
"NL_NT-TK_1929",1929-09-18,"NL_Bongaerts_Max_1875",100
"NL_NT-TK_1929",1929-09-18,"NL_Boon_Gerard_1882",100
"NL_NT-TK_1929",1929-09-18,"NL_Braat_Arend_1874",100
"NL_NT-TK_1929",1929-09-18,"NL_Brautigam_Johan_1878",100
"NL_NT-TK_1929",1929-09-18,"NL_Colijn_Hendrik_1869",100
"NL_NT-TK_1929",1929-09-18,"NL_Cramer_Charles_1879",100
"NL_NT-TK_1929",1929-09-18,"NL_deVisser_Lou_1878",100
"NL_NT-TK_1929",1929-09-18,"NL_deVries_Agnes_1874",100
"NL_NT-TK_1929",1929-09-18,"NL_deWilde_Jacob_1879",100
"NL_NT-TK_1929",1929-09-18,"NL_Drop_Willem_1880",100
"NL_NT-TK_1929",1929-09-18,"NL_Duijs_Jan_1877",100
"NL_NT-TK_1929",1929-09-18,"NL_Duymaer_Lodewijk_1865",100
"NL_NT-TK_1929",1929-09-18,"NL_Ebels_Fekko_1878",100
"NL_NT-TK_1929",1929-09-18,"NL_Engels_Arnold_1869",100
"NL_NT-TK_1929",1929-09-18,"NL_Feber_Louis_1885",100
"NL_NT-TK_1929",1929-09-18,"NL_Fleskens_Albertus_1874",100
"NL_NT-TK_1929",1929-09-18,"NL_Gerhard_Adriaan_1858",100
"NL_NT-TK_1929",1929-09-18,"NL_Groeneweg_Suze_1875",100
"NL_NT-TK_1929",1929-09-18,"NL_Guit_Leo_1884",100
"NL_NT-TK_1929",1929-09-18,"NL_Heemskerk_Theo_1852",100
"NL_NT-TK_1929",1929-09-18,"NL_Hermans_Henri_1874",100
"NL_NT-TK_1929",1929-09-18,"NL_Hiemstra_Piet_1878",100
"NL_NT-TK_1929",1929-09-18,"NL_IJzerman_Arie_1879",100
"NL_NT-TK_1929",1929-09-18,"NL_Joekes_Dolf_1885",100
"NL_NT-TK_1929",1929-09-18,"NL_Kampschoeer_Gerardus_1891",100
"NL_NT-TK_1929",1929-09-18,"NL_Katz_Frida_1885",100
"NL_NT-TK_1929",1929-09-18,"NL_Kersten_Gerrit_1882",100
"NL_NT-TK_1929",1929-09-18,"NL_Ketelaar_Theo_1864",100
"NL_NT-TK_1929",1929-09-18,"NL_Kleerekoper_Asser_1880",100
"NL_NT-TK_1929",1929-09-18,"NL_Knottenbelt_Hendrik_1874",100
"NL_NT-TK_1929",1929-09-18,"NL_Kortenhorst_Leonardus_1886",100
"NL_NT-TK_1929",1929-09-18,"NL_Krijger_Jan_1874",100
"NL_NT-TK_1929",1929-09-18,"NL_Kuiper_Kees_1875",100
"NL_NT-TK_1929",1929-09-18,"NL_Kupers_Evert_1885",100
"NL_NT-TK_1929",1929-09-18,"NL_Lingbeek_Casper_1867",100
"NL_NT-TK_1929",1929-09-18,"NL_Lockefeer_Emile_1886",100
"NL_NT-TK_1929",1929-09-18,"NL_Loerakker_Toon_1873",100
"NL_NT-TK_1929",1929-09-18,"NL_Lovink_Hermanus_1866",100
"NL_NT-TK_1929",1929-09-18,"NL_Marchant_Henri_1869",100
"NL_NT-TK_1929",1929-09-18,"NL_Meijer_Annie_1875",100
"NL_NT-TK_1929",1929-09-18,"NL_Moller_Hendrik_1869",100
"NL_NT-TK_1929",1929-09-18,"NL_Nolens_Wilhelmus_1860",100
"NL_NT-TK_1929",1929-09-18,"NL_Oud_Pieter_1886",100
"NL_NT-TK_1929",1929-09-18,"NL_riddervanRappard_Anthon_1871",100
"NL_NT-TK_1929",1929-09-18,"NL_Rutgers_Jan_1874",100
"NL_NT-TK_1929",1929-09-18,"NL_Sannes_Goswijn_1875",100
"NL_NT-TK_1929",1929-09-18,"NL_Schaepman_Theodoor_1879",100
"NL_NT-TK_1929",1929-09-18,"NL_Schaper_Jan_1868",100
"NL_NT-TK_1929",1929-09-18,"NL_Schokking_Jan_1864",100
"NL_NT-TK_1929",1929-09-18,"NL_Schouten_Jan_1883",100
"NL_NT-TK_1929",1929-09-18,"NL_Severijn_Johannes_1883",100
"NL_NT-TK_1929",1929-09-18,"NL_Slotemaker_Jan_1869",100
"NL_NT-TK_1929",1929-09-18,"NL_Smeenk_Chris_1880",100
"NL_NT-TK_1929",1929-09-18,"NL_Snoeck_Reinhardt_1862",100
"NL_NT-TK_1929",1929-09-18,"NL_Suring_Johannes_1882",100
"NL_NT-TK_1929",1929-09-18,"NL_terLaan_Jan_1872",100
"NL_NT-TK_1929",1929-09-18,"NL_terLaan_Kornelis_1871",100
"NL_NT-TK_1929",1929-09-18,"NL_Teulings_Frans_1891",100
"NL_NT-TK_1929",1929-09-18,"NL_Tilanus_Hendrik_1884",100
"NL_NT-TK_1929",1929-09-18,"NL_Uijen_Franciscus_1878",100
"NL_NT-TK_1929",1929-09-18,"NL_vanBraambeek_Hendrik_1880",100
"NL_NT-TK_1929",1929-09-18,"NL_vandeBilt_Charles_1869",100
"NL_NT-TK_1929",1929-09-18,"NL_vandenBergh_George_1890",100
"NL_NT-TK_1929",1929-09-18,"NL_vandenHeuvel_Chris_1887",100
"NL_NT-TK_1929",1929-09-18,"NL_vandenTempel_Jan_1877",100
"NL_NT-TK_1929",1929-09-18,"NL_vanderBilt_Cornelis_1875",100
"NL_NT-TK_1929",1929-09-18,"NL_vanderHeide_Albert_1872",100
"NL_NT-TK_1929",1929-09-18,"NL_vanderMeijs_Albert_1885",100
"NL_NT-TK_1929",1929-09-18,"NL_vanderSluis_Wiebe_1881",100
"NL_NT-TK_1929",1929-09-18,"NL_vanderWaerden_Theo_1876",100
"NL_NT-TK_1929",1929-09-18,"NL_vanDijk_Jannes_1871",100
"NL_NT-TK_1929",1929-09-18,"NL_vanDis_Cornelis_1893",100
"NL_NT-TK_1929",1929-09-18,"NL_vanHellenberg_Jacques_1896",100
"NL_NT-TK_1929",1929-09-18,"NL_vanItallie_Mien_1870",100
"NL_NT-TK_1929",1929-09-18,"NL_vanKempen_Carel_1872",100
"NL_NT-TK_1929",1929-09-18,"NL_vanPoll_Max_1881",100
"NL_NT-TK_1929",1929-09-18,"NL_vanSchaik_Josef_1882",100
"NL_NT-TK_1929",1929-09-18,"NL_vanVuuren_Adrianus_1865",100
"NL_NT-TK_1929",1929-09-18,"NL_vanZadelhoff_Jan_1868",100
"NL_NT-TK_1929",1929-09-18,"NL_Visscher_Hugo_1864",100
"NL_NT-TK_1929",1929-09-18,"NL_Vliegen_Willem_1862",100
"NL_NT-TK_1929",1929-09-18,"NL_Vos_Floris_1871",100
"NL_NT-TK_1929",1929-09-18,"NL_Vos_Isidoor_1887",100
"NL_NT-TK_1929",1929-09-18,"NL_Vos_Jacobus_1871",100
"NL_NT-TK_1929",1929-09-18,"NL_Weitkamp_Jan_1870",100
"NL_NT-TK_1929",1929-09-18,"NL_Westerman_Jo_1866",100
"NL_NT-TK_1929",1929-09-18,"NL_Wijnkoop_David_1876",100
"NL_NT-TK_1929",1929-09-18,"NL_Zandt_Pieter_1880",100
"NL_NT-TK_1929",1929-09-18,"NL_Zijlstra_Albertus_1874",100
"NL_NT-TK_1933",1933-05-10,"NL_Aalberse_Piet_1871",100
"NL_NT-TK_1933",1933-05-10,"NL_Albarda_Willem_1877",100
"NL_NT-TK_1933",1933-05-10,"NL_Amelink_Herman_1881",100
"NL_NT-TK_1933",1933-05-10,"NL_Arts_Pius_1881",100
"NL_NT-TK_1933",1933-05-10,"NL_Bakker_Jouke_1873",100
"NL_NT-TK_1933",1933-05-10,"NL_baronvanBoetzelaer_Carel_1873",100
"NL_NT-TK_1933",1933-05-10,"NL_baronvanVoorst_Louis_1870",100
"NL_NT-TK_1933",1933-05-10,"NL_Bierema_Steven_1884",100
"NL_NT-TK_1933",1933-05-10,"NL_Bongaerts_Max_1875",100
"NL_NT-TK_1933",1933-05-10,"NL_Boon_Gerard_1882",100
"NL_NT-TK_1933",1933-05-10,"NL_Brautigam_Johan_1878",100
"NL_NT-TK_1933",1933-05-10,"NL_Colijn_Hendrik_1869",100
"NL_NT-TK_1933",1933-05-10,"NL_Cramer_Charles_1879",100
"NL_NT-TK_1933",1933-05-10,"NL_Deckers_Laurentius_1883",100
"NL_NT-TK_1933",1933-05-10,"NL_deGeer_Dirk_1870",100
"NL_NT-TK_1933",1933-05-10,"NL_deVisser_Lou_1878",100
"NL_NT-TK_1933",1933-05-10,"NL_deWilde_Jacob_1879",100
"NL_NT-TK_1933",1933-05-10,"NL_Drees_Willem_1886",100
"NL_NT-TK_1933",1933-05-10,"NL_Droesen_Willem_1898",100
"NL_NT-TK_1933",1933-05-10,"NL_Drop_Willem_1880",100
"NL_NT-TK_1933",1933-05-10,"NL_Duijs_Jan_1877",100
"NL_NT-TK_1933",1933-05-10,"NL_Duymaer_Lodewijk_1865",100
"NL_NT-TK_1933",1933-05-10,"NL_Ebels_Fekko_1878",100
"NL_NT-TK_1933",1933-05-10,"NL_Engels_Arnold_1869",100
"NL_NT-TK_1933",1933-05-10,"NL_Faber_Jan_1875",100
"NL_NT-TK_1933",1933-05-10,"NL_Feber_Louis_1885",100
"NL_NT-TK_1933",1933-05-10,"NL_Fleskens_Albertus_1874",100
"NL_NT-TK_1933",1933-05-10,"NL_Groen_Jaap_1887",100
"NL_NT-TK_1933",1933-05-10,"NL_Groeneweg_Suze_1875",100
"NL_NT-TK_1933",1933-05-10,"NL_Hermans_Henri_1874",100
"NL_NT-TK_1933",1933-05-10,"NL_Hiemstra_Piet_1878",100
"NL_NT-TK_1933",1933-05-10,"NL_IJsselmuiden_Joseph_1887",100
"NL_NT-TK_1933",1933-05-10,"NL_IJzerman_Arie_1879",100
"NL_NT-TK_1933",1933-05-10,"NL_Joekes_Dolf_1885",100
"NL_NT-TK_1933",1933-05-10,"NL_Kampschoeer_Gerardus_1891",100
"NL_NT-TK_1933",1933-05-10,"NL_Katz_Frida_1885",100
"NL_NT-TK_1933",1933-05-10,"NL_Kersten_Gerrit_1882",100
"NL_NT-TK_1933",1933-05-10,"NL_Ketelaar_Theo_1864",100
"NL_NT-TK_1933",1933-05-10,"NL_Knottenbelt_Hendrik_1874",100
"NL_NT-TK_1933",1933-05-10,"NL_Kortenhorst_Leonardus_1886",100
"NL_NT-TK_1933",1933-05-10,"NL_Kuiper_Kees_1875",100
"NL_NT-TK_1933",1933-05-10,"NL_Kupers_Evert_1885",100
"NL_NT-TK_1933",1933-05-10,"NL_Lingbeek_Casper_1867",100
"NL_NT-TK_1933",1933-05-10,"NL_Loerakker_Toon_1873",100
"NL_NT-TK_1933",1933-05-10,"NL_Louwes_Herman_1893",100
"NL_NT-TK_1933",1933-05-10,"NL_Lovink_Hermanus_1866",100
"NL_NT-TK_1933",1933-05-10,"NL_Marchant_Henri_1869",100
"NL_NT-TK_1933",1933-05-10,"NL_Meijer_Annie_1875",100
"NL_NT-TK_1933",1933-05-10,"NL_Moller_Hendrik_1869",100
"NL_NT-TK_1933",1933-05-10,"NL_Oud_Pieter_1886",100
"NL_NT-TK_1933",1933-05-10,"NL_riddervanRappard_Anthon_1871",100
"NL_NT-TK_1933",1933-05-10,"NL_Ruijs_Charles_1873",100
"NL_NT-TK_1933",1933-05-10,"NL_Schaper_Jan_1868",100
"NL_NT-TK_1933",1933-05-10,"NL_Schouten_Jan_1883",100
"NL_NT-TK_1933",1933-05-10,"NL_Slotemaker_Jan_1869",100
"NL_NT-TK_1933",1933-05-10,"NL_Smeenk_Chris_1880",100
"NL_NT-TK_1933",1933-05-10,"NL_Snoeck_Reinhardt_1862",100
"NL_NT-TK_1933",1933-05-10,"NL_Steinmetz_Willem_1891",100
"NL_NT-TK_1933",1933-05-10,"NL_Suring_Johannes_1882",100
"NL_NT-TK_1933",1933-05-10,"NL_terLaan_Jan_1872",100
"NL_NT-TK_1933",1933-05-10,"NL_terLaan_Kornelis_1871",100
"NL_NT-TK_1933",1933-05-10,"NL_Terpstra_Jan_1888",100
"NL_NT-TK_1933",1933-05-10,"NL_Teulings_Frans_1891",100
"NL_NT-TK_1933",1933-05-10,"NL_Thijssen_Theo_1879",100
"NL_NT-TK_1933",1933-05-10,"NL_Tilanus_Hendrik_1884",100
"NL_NT-TK_1933",1933-05-10,"NL_vanBraambeek_Hendrik_1880",100
"NL_NT-TK_1933",1933-05-10,"NL_vandeBilt_Charles_1869",100
"NL_NT-TK_1933",1933-05-10,"NL_vandenHeuvel_Chris_1887",100
"NL_NT-TK_1933",1933-05-10,"NL_vandenTempel_Jan_1877",100
"NL_NT-TK_1933",1933-05-10,"NL_vanderHeide_Albert_1872",100
"NL_NT-TK_1933",1933-05-10,"NL_vanderPutt_Henri_1887",100
"NL_NT-TK_1933",1933-05-10,"NL_vanderSluis_Wiebe_1881",100
"NL_NT-TK_1933",1933-05-10,"NL_vanderWaerden_Theo_1876",100
"NL_NT-TK_1933",1933-05-10,"NL_vanderZaal_Cornelis_1893",100
"NL_NT-TK_1933",1933-05-10,"NL_vanDijk_Jannes_1871",100
"NL_NT-TK_1933",1933-05-10,"NL_vanDis_Cornelis_1893",100
"NL_NT-TK_1933",1933-05-10,"NL_vanDobben_Cornelis_1873",100
"NL_NT-TK_1933",1933-05-10,"NL_vanHellenberg_Jacques_1896",100
"NL_NT-TK_1933",1933-05-10,"NL_vanHouten_Harm_1892",100
"NL_NT-TK_1933",1933-05-10,"NL_vanKempen_Carel_1872",100
"NL_NT-TK_1933",1933-05-10,"NL_vanPoll_Max_1881",100
"NL_NT-TK_1933",1933-05-10,"NL_vanSchaik_Josef_1882",100
"NL_NT-TK_1933",1933-05-10,"NL_vanZadelhoff_Jan_1868",100
"NL_NT-TK_1933",1933-05-10,"NL_Verschuur_Timotheus_1886",100
"NL_NT-TK_1933",1933-05-10,"NL_Vervoorn_Cornelis_1883",100
"NL_NT-TK_1933",1933-05-10,"NL_Visscher_Hugo_1864",100
"NL_NT-TK_1933",1933-05-10,"NL_Vliegen_Willem_1862",100
"NL_NT-TK_1933",1933-05-10,"NL_Vos_Isidoor_1887",100
"NL_NT-TK_1933",1933-05-10,"NL_Weitkamp_Jan_1870",100
"NL_NT-TK_1933",1933-05-10,"NL_Westerman_William_1892",100
"NL_NT-TK_1933",1933-05-10,"NL_Wielinga_Piet_1867",100
"NL_NT-TK_1933",1933-05-10,"NL_Wijnkoop_David_1876",100
"NL_NT-TK_1933",1933-05-10,"NL_Zandt_Pieter_1880",100
"NL_NT-TK_1933",1933-05-10,"NL_Zijlstra_Albertus_1874",100
"NL_NT-TK_1937",1937-06-09,"NL_Aalberse_Piet_1871",100
"NL_NT-TK_1937",1937-06-09,"NL_Albarda_Willem_1877",100
"NL_NT-TK_1937",1937-06-09,"NL_Amelink_Herman_1881",100
"NL_NT-TK_1937",1937-06-09,"NL_Andriessen_Jan_1894",100
"NL_NT-TK_1937",1937-06-09,"NL_Bachg_Franciscus_1902",100
"NL_NT-TK_1937",1937-06-09,"NL_Bajetto_Max_1881",100
"NL_NT-TK_1937",1937-06-09,"NL_Bakker_Jouke_1873",100
"NL_NT-TK_1937",1937-06-09,"NL_Beaufort_Leo_1890",100
"NL_NT-TK_1937",1937-06-09,"NL_Bierema_Steven_1884",100
"NL_NT-TK_1937",1937-06-09,"NL_Bongaerts_Max_1875",100
"NL_NT-TK_1937",1937-06-09,"NL_Cohen_Mozes_1877",100
"NL_NT-TK_1937",1937-06-09,"NL_Colijn_Hendrik_1869",100
"NL_NT-TK_1937",1937-06-09,"NL_Deckers_Laurentius_1883",100
"NL_NT-TK_1937",1937-06-09,"NL_deGeer_Dirk_1870",100
"NL_NT-TK_1937",1937-06-09,"NL_deJong_Alida_1885",100
"NL_NT-TK_1937",1937-06-09,"NL_deVisser_Lou_1878",100
"NL_NT-TK_1937",1937-06-09,"NL_deVries_Agnes_1874",100
"NL_NT-TK_1937",1937-06-09,"NL_deWilde_Jacob_1879",100
"NL_NT-TK_1937",1937-06-09,"NL_Diepenhorst_Gerrit_1889",100
"NL_NT-TK_1937",1937-06-09,"NL_Dieters_Gerhardus_1902",100
"NL_NT-TK_1937",1937-06-09,"NL_Donker_Leendert_1899",100
"NL_NT-TK_1937",1937-06-09,"NL_Drees_Willem_1886",100
"NL_NT-TK_1937",1937-06-09,"NL_Droesen_Willem_1898",100
"NL_NT-TK_1937",1937-06-09,"NL_Drop_Willem_1880",100
"NL_NT-TK_1937",1937-06-09,"NL_Duymaer_Lodewijk_1865",100
"NL_NT-TK_1937",1937-06-09,"NL_Ebels_Fekko_1878",100
"NL_NT-TK_1937",1937-06-09,"NL_Effendi_Roestam_1903",100
"NL_NT-TK_1937",1937-06-09,"NL_Faber_Jan_1875",100
"NL_NT-TK_1937",1937-06-09,"NL_graafdeMarchant_Max_1894",100
"NL_NT-TK_1937",1937-06-09,"NL_Groen_Jaap_1887",100
"NL_NT-TK_1937",1937-06-09,"NL_Hermans_Henri_1874",100
"NL_NT-TK_1937",1937-06-09,"NL_Hilgenga_Jan_1883",100
"NL_NT-TK_1937",1937-06-09,"NL_IJsselmuiden_Joseph_1887",100
"NL_NT-TK_1937",1937-06-09,"NL_IJzerman_Arie_1879",100
"NL_NT-TK_1937",1937-06-09,"NL_Joekes_Dolf_1885",100
"NL_NT-TK_1937",1937-06-09,"NL_Katz_Frida_1885",100
"NL_NT-TK_1937",1937-06-09,"NL_Kersten_Gerrit_1882",100
"NL_NT-TK_1937",1937-06-09,"NL_Kievit_Arie_1882",100
"NL_NT-TK_1937",1937-06-09,"NL_Kortenhorst_Leonardus_1886",100
"NL_NT-TK_1937",1937-06-09,"NL_Krijger_Jan_1874",100
"NL_NT-TK_1937",1937-06-09,"NL_Krol_Tjeerd_1888",100
"NL_NT-TK_1937",1937-06-09,"NL_Kuiper_Kees_1875",100
"NL_NT-TK_1937",1937-06-09,"NL_Kupers_Evert_1885",100
"NL_NT-TK_1937",1937-06-09,"NL_Loerakker_Toon_1873",100
"NL_NT-TK_1937",1937-06-09,"NL_Meijerink_Hendrik_1884",100
"NL_NT-TK_1937",1937-06-09,"NL_Mes_Aloijs_1899",100
"NL_NT-TK_1937",1937-06-09,"NL_Moller_Hendrik_1869",100
"NL_NT-TK_1937",1937-06-09,"NL_Oud_Pieter_1886",100
"NL_NT-TK_1937",1937-06-09,"NL_Posthuma_Hessel_1887",100
"NL_NT-TK_1937",1937-06-09,"NL_Roosjen_Anton_1894",100
"NL_NT-TK_1937",1937-06-09,"NL_Ruijs_Gustave_1904",100
"NL_NT-TK_1937",1937-06-09,"NL_Ruyter_Henricus_1893",100
"NL_NT-TK_1937",1937-06-09,"NL_Schilthuis_Jan_1882",100
"NL_NT-TK_1937",1937-06-09,"NL_Schouten_Jan_1883",100
"NL_NT-TK_1937",1937-06-09,"NL_Serrarens_Jos_1888",100
"NL_NT-TK_1937",1937-06-09,"NL_Slotemaker_Jan_1869",100
"NL_NT-TK_1937",1937-06-09,"NL_Smeenk_Chris_1880",100
"NL_NT-TK_1937",1937-06-09,"NL_Steenberghe_Max_1899",100
"NL_NT-TK_1937",1937-06-09,"NL_Steinmetz_Willem_1891",100
"NL_NT-TK_1937",1937-06-09,"NL_Stokvis_Jo_1875",100
"NL_NT-TK_1937",1937-06-09,"NL_Stumpel_Eduard_1879",100
"NL_NT-TK_1937",1937-06-09,"NL_Suring_Johannes_1882",100
"NL_NT-TK_1937",1937-06-09,"NL_terLaan_Jan_1872",100
"NL_NT-TK_1937",1937-06-09,"NL_Terpstra_Jan_1888",100
"NL_NT-TK_1937",1937-06-09,"NL_Teulings_Frans_1891",100
"NL_NT-TK_1937",1937-06-09,"NL_Thijssen_Theo_1879",100
"NL_NT-TK_1937",1937-06-09,"NL_Tilanus_Hendrik_1884",100
"NL_NT-TK_1937",1937-06-09,"NL_Tjalma_Jetze_1893",100
"NL_NT-TK_1937",1937-06-09,"NL_Truyen_Peter_1877",100
"NL_NT-TK_1937",1937-06-09,"NL_vanBraambeek_Hendrik_1880",100
"NL_NT-TK_1937",1937-06-09,"NL_vandenHeuvel_Chris_1887",100
"NL_NT-TK_1937",1937-06-09,"NL_vandenTempel_Jan_1877",100
"NL_NT-TK_1937",1937-06-09,"NL_vanderGoes_Marinus_1900",100
"NL_NT-TK_1937",1937-06-09,"NL_vanderPutt_Henri_1887",100
"NL_NT-TK_1937",1937-06-09,"NL_vanderSluis_Wiebe_1881",100
"NL_NT-TK_1937",1937-06-09,"NL_vanderWaerden_Theo_1876",100
"NL_NT-TK_1937",1937-06-09,"NL_vanderZaal_Cornelis_1893",100
"NL_NT-TK_1937",1937-06-09,"NL_vanDijk_Jannes_1871",100
"NL_NT-TK_1937",1937-06-09,"NL_vanDijken_Tiemen_1897",100
"NL_NT-TK_1937",1937-06-09,"NL_vanGelderen_Bob_1891",100
"NL_NT-TK_1937",1937-06-09,"NL_vanHouten_Harm_1892",100
"NL_NT-TK_1937",1937-06-09,"NL_vanLidth_Otto_1881",100
"NL_NT-TK_1937",1937-06-09,"NL_vanLienden_Kees_1897",100
"NL_NT-TK_1937",1937-06-09,"NL_vanPoll_Max_1881",100
"NL_NT-TK_1937",1937-06-09,"NL_vanSchaik_Josef_1882",100
"NL_NT-TK_1937",1937-06-09,"NL_vanSleen_Harm_1890",100
"NL_NT-TK_1937",1937-06-09,"NL_Vos_Hein_1903",100
"NL_NT-TK_1937",1937-06-09,"NL_Vos_Isidoor_1887",100
"NL_NT-TK_1937",1937-06-09,"NL_Wagenaar_Willem_1895",100
"NL_NT-TK_1937",1937-06-09,"NL_Weitkamp_Jan_1870",100
"NL_NT-TK_1937",1937-06-09,"NL_Welter_Charles_1880",100
"NL_NT-TK_1937",1937-06-09,"NL_Wendelaar_Willem_1882",100
"NL_NT-TK_1937",1937-06-09,"NL_Wijnkoop_David_1876",100
"NL_NT-TK_1937",1937-06-09,"NL_Woudenberg_Jan_1891",100
"NL_NT-TK_1937",1937-06-09,"NL_Zandt_Pieter_1880",100
"NL_NT-TK_1937",1937-06-09,"NL_Zijlstra_Albertus_1874",100
"NL_NT-TK_1945",1945-11-21,"NL_Algera_Jacob_1902",100
"NL_NT-TK_1945",1945-11-21,"NL_Amelink_Herman_1881",100
"NL_NT-TK_1945",1945-11-21,"NL_Andriessen_Jan_1894",100
"NL_NT-TK_1945",1945-11-21,"NL_Baas_Gerrit_1884",100
"NL_NT-TK_1945",1945-11-21,"NL_Bachg_Franciscus_1902",100
"NL_NT-TK_1945",1945-11-21,"NL_Bajetto_Max_1881",100
"NL_NT-TK_1945",1945-11-21,"NL_Beaufort_Leo_1890",100
"NL_NT-TK_1945",1945-11-21,"NL_Bierema_Steven_1884",100
"NL_NT-TK_1945",1945-11-21,"NL_Bijlsma_Klaas_1890",100
"NL_NT-TK_1945",1945-11-21,"NL_Bommer_Jan_1901",100
"NL_NT-TK_1945",1945-11-21,"NL_Burger_Jaap_1904",100
"NL_NT-TK_1945",1945-11-21,"NL_Deckers_Laurentius_1883",100
"NL_NT-TK_1945",1945-11-21,"NL_deGroot_Paul_1899",100
"NL_NT-TK_1945",1945-11-21,"NL_deKort_Wim_1909",100
"NL_NT-TK_1945",1945-11-21,"NL_deRuiter_Jochem_1893",100
"NL_NT-TK_1945",1945-11-21,"NL_deVink_Netty_1909",100
"NL_NT-TK_1945",1945-11-21,"NL_deVries_Agnes_1874",100
"NL_NT-TK_1945",1945-11-21,"NL_deWilde_Jacob_1879",100
"NL_NT-TK_1945",1945-11-21,"NL_Diepenhorst_Gerrit_1889",100
"NL_NT-TK_1945",1945-11-21,"NL_Donker_Leendert_1899",100
"NL_NT-TK_1945",1945-11-21,"NL_Droesen_Willem_1898",100
"NL_NT-TK_1945",1945-11-21,"NL_Duymaer_Lodewijk_1865",100
"NL_NT-TK_1945",1945-11-21,"NL_Ebels_Fekko_1878",100
"NL_NT-TK_1945",1945-11-21,"NL_Effendi_Roestam_1903",100
"NL_NT-TK_1945",1945-11-21,"NL_Goedhart_Frans_1904",100
"NL_NT-TK_1945",1945-11-21,"NL_Groen_Jaap_1887",100
"NL_NT-TK_1945",1945-11-21,"NL_Heertjes_Pieter_1907",100
"NL_NT-TK_1945",1945-11-21,"NL_Hofstra_Henk_1904",100
"NL_NT-TK_1945",1945-11-21,"NL_IJsselmuiden_Joseph_1887",100
"NL_NT-TK_1945",1945-11-21,"NL_IJzerman_Arie_1879",100
"NL_NT-TK_1945",1945-11-21,"NL_Joekes_Dolf_1885",100
"NL_NT-TK_1945",1945-11-21,"NL_Jongen_Hub_1900",100
"NL_NT-TK_1945",1945-11-21,"NL_Kievit_Arie_1882",100
"NL_NT-TK_1945",1945-11-21,"NL_Kortenhorst_Leonardus_1886",100
"NL_NT-TK_1945",1945-11-21,"NL_Korthals_Henk_1911",100
"NL_NT-TK_1945",1945-11-21,"NL_Krijger_Jan_1874",100
"NL_NT-TK_1945",1945-11-21,"NL_Krol_Tjeerd_1888",100
"NL_NT-TK_1945",1945-11-21,"NL_Kupers_Evert_1885",100
"NL_NT-TK_1945",1945-11-21,"NL_lePoole_Jaap_1914",100
"NL_NT-TK_1945",1945-11-21,"NL_Loerakker_Toon_1873",100
"NL_NT-TK_1945",1945-11-21,"NL_Meijerink_Hendrik_1884",100
"NL_NT-TK_1945",1945-11-21,"NL_Mes_Aloijs_1899",100
"NL_NT-TK_1945",1945-11-21,"NL_Palar_Nico_1900",100
"NL_NT-TK_1945",1945-11-21,"NL_Ploeg_Henk_1894",100
"NL_NT-TK_1945",1945-11-21,"NL_Posthuma_Hessel_1887",100
"NL_NT-TK_1945",1945-11-21,"NL_Receveur_Constant_1905",100
"NL_NT-TK_1945",1945-11-21,"NL_Roolvink_Eugenius_1898",100
"NL_NT-TK_1945",1945-11-21,"NL_Roosjen_Anton_1894",100
"NL_NT-TK_1945",1945-11-21,"NL_Ruijs_Gustave_1904",100
"NL_NT-TK_1945",1945-11-21,"NL_Rutgers_Jan_1874",100
"NL_NT-TK_1945",1945-11-21,"NL_Ruyter_Henricus_1893",100
"NL_NT-TK_1945",1945-11-21,"NL_Schaepman_Theodoor_1879",100
"NL_NT-TK_1945",1945-11-21,"NL_Schilthuis_Jan_1882",100
"NL_NT-TK_1945",1945-11-21,"NL_Schmal_Jan_1894",100
"NL_NT-TK_1945",1945-11-21,"NL_Schouten_Jan_1883",100
"NL_NT-TK_1945",1945-11-21,"NL_Serrarens_Jos_1888",100
"NL_NT-TK_1945",1945-11-21,"NL_Smallenbroek_Jan_1909",100
"NL_NT-TK_1945",1945-11-21,"NL_Smeenk_Chris_1880",100
"NL_NT-TK_1945",1945-11-21,"NL_Soegondo_Setyadjit_1907",100
"NL_NT-TK_1945",1945-11-21,"NL_Steinmetz_Willem_1891",100
"NL_NT-TK_1945",1945-11-21,"NL_Stokvis_Jo_1875",100
"NL_NT-TK_1945",1945-11-21,"NL_Stumpel_Eduard_1879",100
"NL_NT-TK_1945",1945-11-21,"NL_Suurhoff_Ko_1905",100
"NL_NT-TK_1945",1945-11-21,"NL_Sweens_Josephus_1900",100
"NL_NT-TK_1945",1945-11-21,"NL_Tendeloo_Corry_1897",100
"NL_NT-TK_1945",1945-11-21,"NL_tenHagen_Kees_1904",100
"NL_NT-TK_1945",1945-11-21,"NL_Terpstra_Jan_1888",100
"NL_NT-TK_1945",1945-11-21,"NL_Teulings_Frans_1891",100
"NL_NT-TK_1945",1945-11-21,"NL_Tilanus_Hendrik_1884",100
"NL_NT-TK_1945",1945-11-21,"NL_Tjalma_Jetze_1893",100
"NL_NT-TK_1945",1945-11-21,"NL_Truyen_Peter_1877",100
"NL_NT-TK_1945",1945-11-21,"NL_vanBochove_Jan_1897",100
"NL_NT-TK_1945",1945-11-21,"NL_vanBraambeek_Hendrik_1880",100
"NL_NT-TK_1945",1945-11-21,"NL_vandenBorn_Henk_1889",100
"NL_NT-TK_1945",1945-11-21,"NL_vandenBrule_Hubertus_1889",100
"NL_NT-TK_1945",1945-11-21,"NL_vandenHeuvel_Chris_1887",100
"NL_NT-TK_1945",1945-11-21,"NL_vanderBrug_Rintje_1884",100
"NL_NT-TK_1945",1945-11-21,"NL_vanderGoes_Marinus_1900",100
"NL_NT-TK_1945",1945-11-21,"NL_vanderSluis_Wiebe_1881",100
"NL_NT-TK_1945",1945-11-21,"NL_vanderZaal_Cornelis_1893",100
"NL_NT-TK_1945",1945-11-21,"NL_vanDijken_Tiemen_1897",100
"NL_NT-TK_1945",1945-11-21,"NL_vanKempen_Carel_1872",100
"NL_NT-TK_1945",1945-11-21,"NL_vanKuilenburg_Herman_1898",100
"NL_NT-TK_1945",1945-11-21,"NL_vanLienden_Kees_1897",100
"NL_NT-TK_1945",1945-11-21,"NL_vanMaarseveen_Johannes_1894",100
"NL_NT-TK_1945",1945-11-21,"NL_vanPoll_Max_1881",100
"NL_NT-TK_1945",1945-11-21,"NL_vanSchaik_Josef_1882",100
"NL_NT-TK_1945",1945-11-21,"NL_vanSleen_Harm_1890",100
"NL_NT-TK_1945",1945-11-21,"NL_vanVelthoven_Huub_1896",100
"NL_NT-TK_1945",1945-11-21,"NL_Wagenaar_Gerben_1912",100
"NL_NT-TK_1945",1945-11-21,"NL_Weitkamp_Jan_1870",100
"NL_NT-TK_1945",1945-11-21,"NL_Wendelaar_Willem_1882",100
"NL_NT-TK_1945",1945-11-21,"NL_Wijkamp_Bernardus_1879",100
"NL_NT-TK_1945",1945-11-21,"NL_Wttewaall_Bob_1901",100
"NL_NT-TK_1945",1945-11-21,"NL_Zandt_Pieter_1880",100
"NL_NT-TK_1945",1945-11-21,"NL_Zijlstra_Albertus_1874",100
"NL_NT-TK_1945",1945-11-21,"NL_Zwijnenberg_Herman_1889",100
"NL_NT-TK_1946",1946-06-05,"NL_Algera_Jacob_1902",100
"NL_NT-TK_1946",1946-06-05,"NL_Andriessen_Jan_1894",100
"NL_NT-TK_1946",1946-06-05,"NL_Bachg_Franciscus_1902",100
"NL_NT-TK_1946",1946-06-05,"NL_Beel_Louis_1902",100
"NL_NT-TK_1946",1946-06-05,"NL_Beernink_Henk_1910",100
"NL_NT-TK_1946",1946-06-05,"NL_Bierema_Steven_1884",100
"NL_NT-TK_1946",1946-06-05,"NL_Borst_Cor_1891",100
"NL_NT-TK_1946",1946-06-05,"NL_Bruins_Sieuwert_1906",100
"NL_NT-TK_1946",1946-06-05,"NL_Burger_Jaap_1904",100
"NL_NT-TK_1946",1946-06-05,"NL_Dassen_Huub_1909",100
"NL_NT-TK_1946",1946-06-05,"NL_deGroot_Paul_1899",100
"NL_NT-TK_1946",1946-06-05,"NL_deKort_Wim_1909",100
"NL_NT-TK_1946",1946-06-05,"NL_denHartog_Floor_1898",100
"NL_NT-TK_1946",1946-06-05,"NL_deRuiter_Jochem_1893",100
"NL_NT-TK_1946",1946-06-05,"NL_deWilde_Jacob_1879",100
"NL_NT-TK_1946",1946-06-05,"NL_Donker_Leendert_1899",100
"NL_NT-TK_1946",1946-06-05,"NL_Drees_Willem_1886",100
"NL_NT-TK_1946",1946-06-05,"NL_Droesen_Willem_1898",100
"NL_NT-TK_1946",1946-06-05,"NL_Fokkema_Jan_1893",100
"NL_NT-TK_1946",1946-06-05,"NL_Fortanier_Jeanne_1907",100
"NL_NT-TK_1946",1946-06-05,"NL_Groen_Jaap_1887",100
"NL_NT-TK_1946",1946-06-05,"NL_Hacke_Aart_1893",100
"NL_NT-TK_1946",1946-06-05,"NL_Haken_Jan_1912",100
"NL_NT-TK_1946",1946-06-05,"NL_Hoogcarspel_Jan_1888",100
"NL_NT-TK_1946",1946-06-05,"NL_Hooij_Theo_1904",100
"NL_NT-TK_1946",1946-06-05,"NL_Joekes_Dolf_1885",100
"NL_NT-TK_1946",1946-06-05,"NL_Kikkert_Henk_1912",100
"NL_NT-TK_1946",1946-06-05,"NL_Koenen_Dries_1905",100
"NL_NT-TK_1946",1946-06-05,"NL_Koersen_Theo_1901",100
"NL_NT-TK_1946",1946-06-05,"NL_Kortenhorst_Leonardus_1886",100
"NL_NT-TK_1946",1946-06-05,"NL_Korthals_Henk_1911",100
"NL_NT-TK_1946",1946-06-05,"NL_Krol_Tjeerd_1888",100
"NL_NT-TK_1946",1946-06-05,"NL_Kupers_Evert_1885",100
"NL_NT-TK_1946",1946-06-05,"NL_Lieftinck_Piet_1902",100
"NL_NT-TK_1946",1946-06-05,"NL_Logemann_Johann_1892",100
"NL_NT-TK_1946",1946-06-05,"NL_Lucas_Anton_1892",100
"NL_NT-TK_1946",1946-06-05,"NL_Maenen_Jos_1888",100
"NL_NT-TK_1946",1946-06-05,"NL_Mansholt_Sicco_1908",100
"NL_NT-TK_1946",1946-06-05,"NL_Matser_Chris_1904",100
"NL_NT-TK_1946",1946-06-05,"NL_Meijerink_Hendrik_1884",100
"NL_NT-TK_1946",1946-06-05,"NL_Mol_Chris_1892",100
"NL_NT-TK_1946",1946-06-05,"NL_Palar_Nico_1900",100
"NL_NT-TK_1946",1946-06-05,"NL_Peters_Jan_1908",100
"NL_NT-TK_1946",1946-06-05,"NL_Romme_Carl_1896",100
"NL_NT-TK_1946",1946-06-05,"NL_Roolvink_Eugenius_1898",100
"NL_NT-TK_1946",1946-06-05,"NL_Roosjen_Anton_1894",100
"NL_NT-TK_1946",1946-06-05,"NL_Ruijs_Gustave_1904",100
"NL_NT-TK_1946",1946-06-05,"NL_Sassen_Maan_1911",100
"NL_NT-TK_1946",1946-06-05,"NL_Scheps_Johan_1900",100
"NL_NT-TK_1946",1946-06-05,"NL_Schermerhorn_Willem_1894",100
"NL_NT-TK_1946",1946-06-05,"NL_Schilthuis_Jan_1882",100
"NL_NT-TK_1946",1946-06-05,"NL_Schmal_Jan_1894",100
"NL_NT-TK_1946",1946-06-05,"NL_Schoonenberg_Fred_1910",100
"NL_NT-TK_1946",1946-06-05,"NL_Schouten_Jan_1883",100
"NL_NT-TK_1946",1946-06-05,"NL_Serrarens_Jos_1888",100
"NL_NT-TK_1946",1946-06-05,"NL_Smeenk_Chris_1880",100
"NL_NT-TK_1946",1946-06-05,"NL_Smits_Frans_1895",100
"NL_NT-TK_1946",1946-06-05,"NL_Spijkers_Jef_1904",100
"NL_NT-TK_1946",1946-06-05,"NL_Stapelkamp_Antoon_1886",100
"NL_NT-TK_1946",1946-06-05,"NL_Steinmetz_Willem_1891",100
"NL_NT-TK_1946",1946-06-05,"NL_Stokman_Jacobus_1903",100
"NL_NT-TK_1946",1946-06-05,"NL_Stokvis_Benno_1901",100
"NL_NT-TK_1946",1946-06-05,"NL_Stokvis_Jo_1875",100
"NL_NT-TK_1946",1946-06-05,"NL_Tendeloo_Corry_1897",100
"NL_NT-TK_1946",1946-06-05,"NL_tenHagen_Kees_1904",100
"NL_NT-TK_1946",1946-06-05,"NL_Terpstra_Jan_1888",100
"NL_NT-TK_1946",1946-06-05,"NL_Teulings_Frans_1891",100
"NL_NT-TK_1946",1946-06-05,"NL_Tilanus_Hendrik_1884",100
"NL_NT-TK_1946",1946-06-05,"NL_Tuin_Jan_1900",100
"NL_NT-TK_1946",1946-06-05,"NL_vandenBorn_Henk_1889",100
"NL_NT-TK_1946",1946-06-05,"NL_vandenHeuvel_Chris_1887",100
"NL_NT-TK_1946",1946-06-05,"NL_vandenMuijzenberg_Brecht_1897",100
"NL_NT-TK_1946",1946-06-05,"NL_vanderBrug_Rintje_1884",100
"NL_NT-TK_1946",1946-06-05,"NL_vanderFeltz_Willem_1882",100
"NL_NT-TK_1946",1946-06-05,"NL_vanderGoes_Marinus_1900",100
"NL_NT-TK_1946",1946-06-05,"NL_vanderLeeuw_Gerard_1890",100
"NL_NT-TK_1946",1946-06-05,"NL_vanderZaal_Cornelis_1893",100
"NL_NT-TK_1946",1946-06-05,"NL_vanDis_Cornelis_1893",100
"NL_NT-TK_1946",1946-06-05,"NL_vanLienden_Kees_1897",100
"NL_NT-TK_1946",1946-06-05,"NL_vanMaarseveen_Johannes_1894",100
"NL_NT-TK_1946",1946-06-05,"NL_vanPoll_Max_1881",100
"NL_NT-TK_1946",1946-06-05,"NL_vanSchaik_Josef_1882",100
"NL_NT-TK_1946",1946-06-05,"NL_vanSleen_Harm_1890",100
"NL_NT-TK_1946",1946-06-05,"NL_vanVliet_Frans_1902",100
"NL_NT-TK_1946",1946-06-05,"NL_vanWalsum_Gerard_1900",100
"NL_NT-TK_1946",1946-06-05,"NL_Verkerk_Elias_1899",100
"NL_NT-TK_1946",1946-06-05,"NL_Vermeer_Evert_1910",100
"NL_NT-TK_1946",1946-06-05,"NL_Vonk_Gijsbertus_1889",100
"NL_NT-TK_1946",1946-06-05,"NL_Vorrink_Koos_1891",100
"NL_NT-TK_1946",1946-06-05,"NL_Vos_Hein_1903",100
"NL_NT-TK_1946",1946-06-05,"NL_Wagenaar_Gerben_1912",100
"NL_NT-TK_1946",1946-06-05,"NL_Willems_Joan_1909",100
"NL_NT-TK_1946",1946-06-05,"NL_Wttewaall_Bob_1901",100
"NL_NT-TK_1946",1946-06-05,"NL_Zandt_Pieter_1880",100
"NL_NT-TK_1946",1946-06-05,"NL_Zegers_Jos_1894",100
"NL_NT-TK_1948",1948-07-28,"NL_Algera_Jacob_1902",100
"NL_NT-TK_1948",1948-07-28,"NL_Andriessen_Jan_1894",100
"NL_NT-TK_1948",1948-07-28,"NL_Bachg_Franciscus_1902",100
"NL_NT-TK_1948",1948-07-28,"NL_Beel_Louis_1902",100
"NL_NT-TK_1948",1948-07-28,"NL_Beernink_Henk_1910",100
"NL_NT-TK_1948",1948-07-28,"NL_Biewenga_Arend_1903",100
"NL_NT-TK_1948",1948-07-28,"NL_Borst_Cor_1891",100
"NL_NT-TK_1948",1948-07-28,"NL_Bruins_Sieuwert_1906",100
"NL_NT-TK_1948",1948-07-28,"NL_Burger_Jaap_1904",100
"NL_NT-TK_1948",1948-07-28,"NL_Cornelissen_Johan_1897",100
"NL_NT-TK_1948",1948-07-28,"NL_Dassen_Huub_1909",100
"NL_NT-TK_1948",1948-07-28,"NL_deGroot_Paul_1899",100
"NL_NT-TK_1948",1948-07-28,"NL_deHaas_Johannes_1905",100
"NL_NT-TK_1948",1948-07-28,"NL_deKadt_Jacques_1897",100
"NL_NT-TK_1948",1948-07-28,"NL_deKort_Wim_1909",100
"NL_NT-TK_1948",1948-07-28,"NL_denHartog_Floor_1898",100
"NL_NT-TK_1948",1948-07-28,"NL_deRuiter_Jochem_1893",100
"NL_NT-TK_1948",1948-07-28,"NL_Donker_Leendert_1899",100
"NL_NT-TK_1948",1948-07-28,"NL_Drees_Willem_1886",100
"NL_NT-TK_1948",1948-07-28,"NL_Droesen_Willem_1898",100
"NL_NT-TK_1948",1948-07-28,"NL_Engelbertink_Ben_1902",100
"NL_NT-TK_1948",1948-07-28,"NL_Fievez_Alexander_1902",100
"NL_NT-TK_1948",1948-07-28,"NL_Fokkema_Jan_1893",100
"NL_NT-TK_1948",1948-07-28,"NL_Fortanier_Jeanne_1907",100
"NL_NT-TK_1948",1948-07-28,"NL_Gerbrandy_Pieter_1885",100
"NL_NT-TK_1948",1948-07-28,"NL_Gielen_Jos_1898",100
"NL_NT-TK_1948",1948-07-28,"NL_Goedhart_Frans_1904",100
"NL_NT-TK_1948",1948-07-28,"NL_Gortzak_Henk_1908",100
"NL_NT-TK_1948",1948-07-28,"NL_Groen_Jaap_1887",100
"NL_NT-TK_1948",1948-07-28,"NL_Haken_Jan_1912",100
"NL_NT-TK_1948",1948-07-28,"NL_Hofstra_Henk_1904",100
"NL_NT-TK_1948",1948-07-28,"NL_Hoogcarspel_Jan_1888",100
"NL_NT-TK_1948",1948-07-28,"NL_Hooij_Theo_1904",100
"NL_NT-TK_1948",1948-07-28,"NL_IJsselmuiden_Joseph_1887",100
"NL_NT-TK_1948",1948-07-28,"NL_Janssen_Martinus_1903",100
"NL_NT-TK_1948",1948-07-28,"NL_Joekes_Dolf_1885",100
"NL_NT-TK_1948",1948-07-28,"NL_Kikkert_Henk_1912",100
"NL_NT-TK_1948",1948-07-28,"NL_Koersen_Theo_1901",100
"NL_NT-TK_1948",1948-07-28,"NL_Kortenhorst_Leonardus_1886",100
"NL_NT-TK_1948",1948-07-28,"NL_Korthals_Henk_1911",100
"NL_NT-TK_1948",1948-07-28,"NL_Krol_Tjeerd_1888",100
"NL_NT-TK_1948",1948-07-28,"NL_Lucas_Anton_1892",100
"NL_NT-TK_1948",1948-07-28,"NL_Maenen_Jos_1888",100
"NL_NT-TK_1948",1948-07-28,"NL_Mansholt_Sicco_1908",100
"NL_NT-TK_1948",1948-07-28,"NL_Meijerink_Hendrik_1884",100
"NL_NT-TK_1948",1948-07-28,"NL_Mol_Chris_1892",100
"NL_NT-TK_1948",1948-07-28,"NL_Nolte_Agnes_1896",100
"NL_NT-TK_1948",1948-07-28,"NL_Oud_Pieter_1886",100
"NL_NT-TK_1948",1948-07-28,"NL_Peters_Jan_1908",100
"NL_NT-TK_1948",1948-07-28,"NL_Posthumus_Siep_1910",100
"NL_NT-TK_1948",1948-07-28,"NL_Ritmeester_Govert_1883",100
"NL_NT-TK_1948",1948-07-28,"NL_Romme_Carl_1896",100
"NL_NT-TK_1948",1948-07-28,"NL_Roosjen_Anton_1894",100
"NL_NT-TK_1948",1948-07-28,"NL_Ruygers_Geert_1911",100
"NL_NT-TK_1948",1948-07-28,"NL_Sassen_Maan_1911",100
"NL_NT-TK_1948",1948-07-28,"NL_Scheps_Johan_1900",100
"NL_NT-TK_1948",1948-07-28,"NL_Schermerhorn_Willem_1894",100
"NL_NT-TK_1948",1948-07-28,"NL_Schilthuis_Jan_1882",100
"NL_NT-TK_1948",1948-07-28,"NL_Schmal_Jan_1894",100
"NL_NT-TK_1948",1948-07-28,"NL_Schouten_Jan_1883",100
"NL_NT-TK_1948",1948-07-28,"NL_Stapelkamp_Antoon_1886",100
"NL_NT-TK_1948",1948-07-28,"NL_Steinmetz_Willem_1891",100
"NL_NT-TK_1948",1948-07-28,"NL_Stokvis_Benno_1901",100
"NL_NT-TK_1948",1948-07-28,"NL_Stufkens_Nico_1890",100
"NL_NT-TK_1948",1948-07-28,"NL_Suurhoff_Ko_1905",100
"NL_NT-TK_1948",1948-07-28,"NL_Tendeloo_Corry_1897",100
"NL_NT-TK_1948",1948-07-28,"NL_tenHagen_Kees_1904",100
"NL_NT-TK_1948",1948-07-28,"NL_Terpstra_Jan_1888",100
"NL_NT-TK_1948",1948-07-28,"NL_Tilanus_Hendrik_1884",100
"NL_NT-TK_1948",1948-07-28,"NL_vandenBorn_Henk_1889",100
"NL_NT-TK_1948",1948-07-28,"NL_vandenHeuvel_Chris_1887",100
"NL_NT-TK_1948",1948-07-28,"NL_vandenHeuvel_Nico_1907",100
"NL_NT-TK_1948",1948-07-28,"NL_vanderBrug_Rintje_1884",100
"NL_NT-TK_1948",1948-07-28,"NL_vanderFeltz_Willem_1882",100
"NL_NT-TK_1948",1948-07-28,"NL_vanderGoes_Marinus_1900",100
"NL_NT-TK_1948",1948-07-28,"NL_vanderZaal_Cornelis_1893",100
"NL_NT-TK_1948",1948-07-28,"NL_vanderZanden_Harrie_1894",100
"NL_NT-TK_1948",1948-07-28,"NL_vandeWetering_Frits_1896",100
"NL_NT-TK_1948",1948-07-28,"NL_vanDis_Cornelis_1893",100
"NL_NT-TK_1948",1948-07-28,"NL_vanLienden_Kees_1897",100
"NL_NT-TK_1948",1948-07-28,"NL_vanMaarseveen_Johannes_1894",100
"NL_NT-TK_1948",1948-07-28,"NL_vanSchaik_Josef_1882",100
"NL_NT-TK_1948",1948-07-28,"NL_vanSleen_Harm_1890",100
"NL_NT-TK_1948",1948-07-28,"NL_vanThiel_Frans_1906",100
"NL_NT-TK_1948",1948-07-28,"NL_vanVliet_Frans_1902",100
"NL_NT-TK_1948",1948-07-28,"NL_Verkerk_Elias_1899",100
"NL_NT-TK_1948",1948-07-28,"NL_Vermeer_Evert_1910",100
"NL_NT-TK_1948",1948-07-28,"NL_Vondeling_Anne_1916",100
"NL_NT-TK_1948",1948-07-28,"NL_Vonk_Gijsbertus_1889",100
"NL_NT-TK_1948",1948-07-28,"NL_Vorrink_Koos_1891",100
"NL_NT-TK_1948",1948-07-28,"NL_Vos_Hein_1903",100
"NL_NT-TK_1948",1948-07-28,"NL_Wagenaar_Gerben_1912",100
"NL_NT-TK_1948",1948-07-28,"NL_Welter_Charles_1880",100
"NL_NT-TK_1948",1948-07-28,"NL_Willems_Joan_1909",100
"NL_NT-TK_1948",1948-07-28,"NL_Wttewaall_Bob_1901",100
"NL_NT-TK_1948",1948-07-28,"NL_Zandt_Pieter_1880",100
"NL_NT-TK_1948",1948-07-28,"NL_Zegering_Roelof_1912",100
"NL_NT-TK_1952",1952-07-16,"NL_Algera_Jacob_1902",100
"NL_NT-TK_1952",1952-07-16,"NL_Andriessen_Jan_1894",100
"NL_NT-TK_1952",1952-07-16,"NL_Ankersmit_Hendrik_1895",100
"NL_NT-TK_1952",1952-07-16,"NL_Beernink_Henk_1910",100
"NL_NT-TK_1952",1952-07-16,"NL_Berger_Jan_1918",100
"NL_NT-TK_1952",1952-07-16,"NL_Biewenga_Arend_1903",100
"NL_NT-TK_1952",1952-07-16,"NL_Blaisse_Pieter_1911",100
"NL_NT-TK_1952",1952-07-16,"NL_Bruins_Sieuwert_1906",100
"NL_NT-TK_1952",1952-07-16,"NL_Burger_Jaap_1904",100
"NL_NT-TK_1952",1952-07-16,"NL_Cals_Jo_1914",100
"NL_NT-TK_1952",1952-07-16,"NL_Cornelissen_Johan_1897",100
"NL_NT-TK_1952",1952-07-16,"NL_deGraaf_Theo_1912",100
"NL_NT-TK_1952",1952-07-16,"NL_deGroot_Paul_1899",100
"NL_NT-TK_1952",1952-07-16,"NL_deKadt_Jacques_1897",100
"NL_NT-TK_1952",1952-07-16,"NL_deLoor_Dirk_1900",100
"NL_NT-TK_1952",1952-07-16,"NL_denHartog_Floor_1898",100
"NL_NT-TK_1952",1952-07-16,"NL_deRuiter_Jochem_1893",100
"NL_NT-TK_1952",1952-07-16,"NL_deWaal_Anna_1906",100
"NL_NT-TK_1952",1952-07-16,"NL_Donker_Leendert_1899",100
"NL_NT-TK_1952",1952-07-16,"NL_Drees_Willem_1886",100
"NL_NT-TK_1952",1952-07-16,"NL_Droesen_Willem_1898",100
"NL_NT-TK_1952",1952-07-16,"NL_Egas_Cees_1913",100
"NL_NT-TK_1952",1952-07-16,"NL_Engelbertink_Ben_1902",100
"NL_NT-TK_1952",1952-07-16,"NL_Fens_Johannes_1900",100
"NL_NT-TK_1952",1952-07-16,"NL_Fokkema_Jan_1893",100
"NL_NT-TK_1952",1952-07-16,"NL_Fortanier_Jeanne_1907",100
"NL_NT-TK_1952",1952-07-16,"NL_Gerbrandy_Pieter_1885",100
"NL_NT-TK_1952",1952-07-16,"NL_Goedhart_Frans_1904",100
"NL_NT-TK_1952",1952-07-16,"NL_Gortzak_Henk_1908",100
"NL_NT-TK_1952",1952-07-16,"NL_Groen_Jaap_1887",100
"NL_NT-TK_1952",1952-07-16,"NL_Haken_Jan_1912",100
"NL_NT-TK_1952",1952-07-16,"NL_Hofstra_Henk_1904",100
"NL_NT-TK_1952",1952-07-16,"NL_Hooij_Theo_1904",100
"NL_NT-TK_1952",1952-07-16,"NL_Janssen_Martinus_1903",100
"NL_NT-TK_1952",1952-07-16,"NL_Kikkert_Henk_1912",100
"NL_NT-TK_1952",1952-07-16,"NL_Klompe_Marga_1912",100
"NL_NT-TK_1952",1952-07-16,"NL_Koersen_Theo_1901",100
"NL_NT-TK_1952",1952-07-16,"NL_Kortenhorst_Leonardus_1886",100
"NL_NT-TK_1952",1952-07-16,"NL_Korthals_Henk_1911",100
"NL_NT-TK_1952",1952-07-16,"NL_Krol_Tjeerd_1888",100
"NL_NT-TK_1952",1952-07-16,"NL_Lemaire_William_1907",100
"NL_NT-TK_1952",1952-07-16,"NL_Lips_Rie_1908",100
"NL_NT-TK_1952",1952-07-16,"NL_Lucas_Anton_1892",100
"NL_NT-TK_1952",1952-07-16,"NL_Maenen_Jos_1888",100
"NL_NT-TK_1952",1952-07-16,"NL_Mansholt_Sicco_1908",100
"NL_NT-TK_1952",1952-07-16,"NL_Mol_Chris_1892",100
"NL_NT-TK_1952",1952-07-16,"NL_Moorman_Harry_1899",100
"NL_NT-TK_1952",1952-07-16,"NL_Nederhorst_Gerard_1907",100
"NL_NT-TK_1952",1952-07-16,"NL_Oud_Pieter_1886",100
"NL_NT-TK_1952",1952-07-16,"NL_Peters_Jan_1908",100
"NL_NT-TK_1952",1952-07-16,"NL_Ploeg_Ans_1894",100
"NL_NT-TK_1952",1952-07-16,"NL_Posthumus_Siep_1910",100
"NL_NT-TK_1952",1952-07-16,"NL_Reuter_Frits_1912",100
"NL_NT-TK_1952",1952-07-16,"NL_Ritmeester_Govert_1883",100
"NL_NT-TK_1952",1952-07-16,"NL_Romme_Carl_1896",100
"NL_NT-TK_1952",1952-07-16,"NL_Roosjen_Anton_1894",100
"NL_NT-TK_1952",1952-07-16,"NL_Ruygers_Geert_1911",100
"NL_NT-TK_1952",1952-07-16,"NL_Scheps_Johan_1900",100
"NL_NT-TK_1952",1952-07-16,"NL_Schilthuis_Jan_1882",100
"NL_NT-TK_1952",1952-07-16,"NL_Schmal_Jan_1894",100
"NL_NT-TK_1952",1952-07-16,"NL_Schouten_Jan_1883",100
"NL_NT-TK_1952",1952-07-16,"NL_Serrarens_Jos_1888",100
"NL_NT-TK_1952",1952-07-16,"NL_Staf_Kees_1905",100
"NL_NT-TK_1952",1952-07-16,"NL_Stapelkamp_Antoon_1886",100
"NL_NT-TK_1952",1952-07-16,"NL_Stokman_Jacobus_1903",100
"NL_NT-TK_1952",1952-07-16,"NL_Stufkens_Nico_1890",100
"NL_NT-TK_1952",1952-07-16,"NL_Suurhoff_Ko_1905",100
"NL_NT-TK_1952",1952-07-16,"NL_Tendeloo_Corry_1897",100
"NL_NT-TK_1952",1952-07-16,"NL_tenHagen_Kees_1904",100
"NL_NT-TK_1952",1952-07-16,"NL_Terpstra_Jan_1888",100
"NL_NT-TK_1952",1952-07-16,"NL_Tilanus_Hendrik_1884",100
"NL_NT-TK_1952",1952-07-16,"NL_vandenBorn_Henk_1889",100
"NL_NT-TK_1952",1952-07-16,"NL_vandenHeuvel_Chris_1887",100
"NL_NT-TK_1952",1952-07-16,"NL_vandenHeuvel_Nico_1907",100
"NL_NT-TK_1952",1952-07-16,"NL_vanderGoes_Marinus_1900",100
"NL_NT-TK_1952",1952-07-16,"NL_vanderPloeg_Kees_1907",100
"NL_NT-TK_1952",1952-07-16,"NL_vanderWeijden_Martien_1900",100
"NL_NT-TK_1952",1952-07-16,"NL_vanderZaal_Cornelis_1893",100
"NL_NT-TK_1952",1952-07-16,"NL_vanderZanden_Harrie_1894",100
"NL_NT-TK_1952",1952-07-16,"NL_vandeWetering_Frits_1896",100
"NL_NT-TK_1952",1952-07-16,"NL_vanDis_Cornelis_1893",100
"NL_NT-TK_1952",1952-07-16,"NL_vanLeeuwen_Herman_1890",100
"NL_NT-TK_1952",1952-07-16,"NL_vanLienden_Kees_1897",100
"NL_NT-TK_1952",1952-07-16,"NL_vanLier_Theo_1916",100
"NL_NT-TK_1952",1952-07-16,"NL_vanMeel_Cees_1903",100
"NL_NT-TK_1952",1952-07-16,"NL_vanRijckevorsel_Karel_1913",100
"NL_NT-TK_1952",1952-07-16,"NL_vanSleen_Harm_1890",100
"NL_NT-TK_1952",1952-07-16,"NL_vanVliet_Frans_1902",100
"NL_NT-TK_1952",1952-07-16,"NL_Verkerk_Elias_1899",100
"NL_NT-TK_1952",1952-07-16,"NL_Vermeer_Evert_1910",100
"NL_NT-TK_1952",1952-07-16,"NL_Vondeling_Anne_1916",100
"NL_NT-TK_1952",1952-07-16,"NL_Vorrink_Koos_1891",100
"NL_NT-TK_1952",1952-07-16,"NL_Wagenaar_Gerben_1912",100
"NL_NT-TK_1952",1952-07-16,"NL_Welter_Charles_1880",100
"NL_NT-TK_1952",1952-07-16,"NL_Wijffels_Frans_1899",100
"NL_NT-TK_1952",1952-07-16,"NL_Willems_Joan_1909",100
"NL_NT-TK_1952",1952-07-16,"NL_Wttewaall_Bob_1901",100
"NL_NT-TK_1952",1952-07-16,"NL_Zandt_Pieter_1880",100
"NL_NT-TK_1952",1952-07-16,"NL_Zegering_Roelof_1912",100
"NL_NT-TK_1956",1956-11-07,"NL_Albering_Leo_1904",150
"NL_NT-TK_1956",1956-11-07,"NL_Andriessen_Jan_1894",150
"NL_NT-TK_1956",1956-11-07,"NL_Assmann_Wim_1907",150
"NL_NT-TK_1956",1956-11-07,"NL_Baart_Ies_1914",150
"NL_NT-TK_1956",1956-11-07,"NL_Bachg_Franciscus_1902",150
"NL_NT-TK_1956",1956-11-07,"NL_Baeten_Fons_1920",150
"NL_NT-TK_1956",1956-11-07,"NL_Bakker_Marcus_1923",150
"NL_NT-TK_1956",1956-11-07,"NL_Beernink_Henk_1910",150
"NL_NT-TK_1956",1956-11-07,"NL_Berkhouwer_Cees_1919",150
"NL_NT-TK_1956",1956-11-07,"NL_Biesheuvel_Barend_1920",150
"NL_NT-TK_1956",1956-11-07,"NL_Biewenga_Arend_1903",150
"NL_NT-TK_1956",1956-11-07,"NL_Blaisse_Pieter_1911",150
"NL_NT-TK_1956",1956-11-07,"NL_Blom_Jaap_1898",150
"NL_NT-TK_1956",1956-11-07,"NL_Boekhoven_Gerard_1909",150
"NL_NT-TK_1956",1956-11-07,"NL_Bommer_Jan_1901",150
"NL_NT-TK_1956",1956-11-07,"NL_Bruins_Sieuwert_1906",150
"NL_NT-TK_1956",1956-11-07,"NL_Burger_Jaap_1904",150
"NL_NT-TK_1956",1956-11-07,"NL_Calmeyer_Michael_1895",150
"NL_NT-TK_1956",1956-11-07,"NL_Cornelissen_Johan_1897",150
"NL_NT-TK_1956",1956-11-07,"NL_Daams_Frits_1920",150
"NL_NT-TK_1956",1956-11-07,"NL_deGraaf_Theo_1912",150
"NL_NT-TK_1956",1956-11-07,"NL_deGroot_Paul_1899",150
"NL_NT-TK_1956",1956-11-07,"NL_deKadt_Jacques_1897",150
"NL_NT-TK_1956",1956-11-07,"NL_deKort_Wim_1909",150
"NL_NT-TK_1956",1956-11-07,"NL_denHartog_Floor_1898",150
"NL_NT-TK_1956",1956-11-07,"NL_denUyl_Joop_1919",150
"NL_NT-TK_1956",1956-11-07,"NL_deRoos_Corrie_1899",150
"NL_NT-TK_1956",1956-11-07,"NL_deRuiter_Jochem_1893",150
"NL_NT-TK_1956",1956-11-07,"NL_deVink_Netty_1909",150
"NL_NT-TK_1956",1956-11-07,"NL_deVreeze_Jan_1913",150
"NL_NT-TK_1956",1956-11-07,"NL_deWolf_Dre_1912",150
"NL_NT-TK_1956",1956-11-07,"NL_Diepenhorst_Isaaec_1907",150
"NL_NT-TK_1956",1956-11-07,"NL_Droesen_Willem_1898",150
"NL_NT-TK_1956",1956-11-07,"NL_Duynstee_Bob_1920",150
"NL_NT-TK_1956",1956-11-07,"NL_Egas_Cees_1913",150
"NL_NT-TK_1956",1956-11-07,"NL_Engelbertink_Ben_1902",150
"NL_NT-TK_1956",1956-11-07,"NL_Fens_Johannes_1900",150
"NL_NT-TK_1956",1956-11-07,"NL_Fokkema_Jan_1893",150
"NL_NT-TK_1956",1956-11-07,"NL_Fortanier_Jeanne_1907",150
"NL_NT-TK_1956",1956-11-07,"NL_Franssen_Huub_1916",150
"NL_NT-TK_1956",1956-11-07,"NL_Gerbrandy_Pieter_1885",150
"NL_NT-TK_1956",1956-11-07,"NL_Goedhart_Frans_1904",150
"NL_NT-TK_1956",1956-11-07,"NL_Gortzak_Henk_1908",150
"NL_NT-TK_1956",1956-11-07,"NL_Groen_Jaap_1887",150
"NL_NT-TK_1956",1956-11-07,"NL_Hazenbosch_Cees_1921",150
"NL_NT-TK_1956",1956-11-07,"NL_Heroma_Took_1908",150
"NL_NT-TK_1956",1956-11-07,"NL_Janssen_Martinus_1903",150
"NL_NT-TK_1956",1956-11-07,"NL_Kikkert_Henk_1912",150
"NL_NT-TK_1956",1956-11-07,"NL_Kleijwegt_Cors_1899",150
"NL_NT-TK_1956",1956-11-07,"NL_Kleisterlee_Cor_1925",150
"NL_NT-TK_1956",1956-11-07,"NL_Kodde_David_1894",150
"NL_NT-TK_1956",1956-11-07,"NL_Koersen_Theo_1901",150
"NL_NT-TK_1956",1956-11-07,"NL_Koopman_Jo_1906",150
"NL_NT-TK_1956",1956-11-07,"NL_Kortenhorst_Leonardus_1886",150
"NL_NT-TK_1956",1956-11-07,"NL_Korthals_Henk_1911",150
"NL_NT-TK_1956",1956-11-07,"NL_Kramer_Jacob_1898",150
"NL_NT-TK_1956",1956-11-07,"NL_Krol_Tjeerd_1888",150
"NL_NT-TK_1956",1956-11-07,"NL_Lamberts_Jan_1911",150
"NL_NT-TK_1956",1956-11-07,"NL_Lips_Rie_1908",150
"NL_NT-TK_1956",1956-11-07,"NL_Lucas_Anton_1892",150
"NL_NT-TK_1956",1956-11-07,"NL_Maenen_Jos_1888",150
"NL_NT-TK_1956",1956-11-07,"NL_Meulink_Jan_1917",150
"NL_NT-TK_1956",1956-11-07,"NL_Mulders_Wiel_1899",150
"NL_NT-TK_1956",1956-11-07,"NL_Nederhorst_Gerard_1907",150
"NL_NT-TK_1956",1956-11-07,"NL_Nolte_Agnes_1896",150
"NL_NT-TK_1956",1956-11-07,"NL_Oud_Pieter_1886",150
"NL_NT-TK_1956",1956-11-07,"NL_Patijn_Connie_1908",150
"NL_NT-TK_1956",1956-11-07,"NL_Peschar_Harry_1921",150
"NL_NT-TK_1956",1956-11-07,"NL_Peters_Jan_1908",150
"NL_NT-TK_1956",1956-11-07,"NL_Peters_Willem_1916",150
"NL_NT-TK_1956",1956-11-07,"NL_Ploeg_Ans_1894",150
"NL_NT-TK_1956",1956-11-07,"NL_Posthumus_Siep_1910",150
"NL_NT-TK_1956",1956-11-07,"NL_Reehorst_Jan_1923",150
"NL_NT-TK_1956",1956-11-07,"NL_Reuter_Frits_1912",150
"NL_NT-TK_1956",1956-11-07,"NL_Ritmeester_Govert_1883",150
"NL_NT-TK_1956",1956-11-07,"NL_Roemers_Dirk_1915",150
"NL_NT-TK_1956",1956-11-07,"NL_Romme_Carl_1896",150
"NL_NT-TK_1956",1956-11-07,"NL_Roolvink_Eugenius_1898",150
"NL_NT-TK_1956",1956-11-07,"NL_Roosjen_Anton_1894",150
"NL_NT-TK_1956",1956-11-07,"NL_Ruygers_Geert_1911",150
"NL_NT-TK_1956",1956-11-07,"NL_Scheps_Johan_1900",150
"NL_NT-TK_1956",1956-11-07,"NL_Schilthuis_Tineke_1921",150
"NL_NT-TK_1956",1956-11-07,"NL_Schmal_Jan_1894",150
"NL_NT-TK_1956",1956-11-07,"NL_Scholten_Lubbertus_1898",150
"NL_NT-TK_1956",1956-11-07,"NL_Schuijt_Wim_1909",150
"NL_NT-TK_1956",1956-11-07,"NL_Schurer_Fedde_1898",150
"NL_NT-TK_1956",1956-11-07,"NL_Smallenbroek_Jan_1909",150
"NL_NT-TK_1956",1956-11-07,"NL_Stoffels_Joke_1917",150
"NL_NT-TK_1956",1956-11-07,"NL_Stokman_Jacobus_1903",150
"NL_NT-TK_1956",1956-11-07,"NL_Stufkens_Nico_1890",150
"NL_NT-TK_1956",1956-11-07,"NL_Tans_Sjeng_1912",150
"NL_NT-TK_1956",1956-11-07,"NL_Tellegen_Uke_1910",150
"NL_NT-TK_1956",1956-11-07,"NL_tenBroecke_Jeanette_1901",150
"NL_NT-TK_1956",1956-11-07,"NL_tenHagen_Kees_1904",150
"NL_NT-TK_1956",1956-11-07,"NL_Tilanus_Hendrik_1884",150
"NL_NT-TK_1956",1956-11-07,"NL_Toxopeus_Edzo_1918",150
"NL_NT-TK_1956",1956-11-07,"NL_vanBuel_Ben_1913",150
"NL_NT-TK_1956",1956-11-07,"NL_vandenBorn_Henk_1889",150
"NL_NT-TK_1956",1956-11-07,"NL_vandenHeuvel_Nico_1907",150
"NL_NT-TK_1956",1956-11-07,"NL_vandenTempel_Bas_1905",150
"NL_NT-TK_1956",1956-11-07,"NL_vanderGoes_Marinus_1900",150
"NL_NT-TK_1956",1956-11-07,"NL_vanderMei_Durk_1924",150
"NL_NT-TK_1956",1956-11-07,"NL_vanderPeijl_Cor_1912",150
"NL_NT-TK_1956",1956-11-07,"NL_vanderPloeg_Kees_1907",150
"NL_NT-TK_1956",1956-11-07,"NL_vanderWeijden_Martien_1900",150
"NL_NT-TK_1956",1956-11-07,"NL_vanderZaal_Cornelis_1893",150
"NL_NT-TK_1956",1956-11-07,"NL_vanderZanden_Harrie_1894",150
"NL_NT-TK_1956",1956-11-07,"NL_vandeWetering_Frits_1896",150
"NL_NT-TK_1956",1956-11-07,"NL_vanDijk_Frederik_1905",150
"NL_NT-TK_1956",1956-11-07,"NL_vanDis_Cornelis_1893",150
"NL_NT-TK_1956",1956-11-07,"NL_vanDongen_Sjef_1906",150
"NL_NT-TK_1956",1956-11-07,"NL_vanDoorn_Harry_1915",150
"NL_NT-TK_1956",1956-11-07,"NL_vanEibergen_Jan_1906",150
"NL_NT-TK_1956",1956-11-07,"NL_vanEijsden_Henk_1903",150
"NL_NT-TK_1956",1956-11-07,"NL_vanHelvoort_Martien_1906",150
"NL_NT-TK_1956",1956-11-07,"NL_vanKoeverden_Jo_1911",150
"NL_NT-TK_1956",1956-11-07,"NL_vanLeeuwen_Herman_1890",150
"NL_NT-TK_1956",1956-11-07,"NL_vanLienden_Kees_1897",150
"NL_NT-TK_1956",1956-11-07,"NL_vanLier_Theo_1916",150
"NL_NT-TK_1956",1956-11-07,"NL_vanMastrigt_Cor_1909",150
"NL_NT-TK_1956",1956-11-07,"NL_vanMeel_Cees_1903",150
"NL_NT-TK_1956",1956-11-07,"NL_vanRijckevorsel_Karel_1913",150
"NL_NT-TK_1956",1956-11-07,"NL_vanSleen_Harm_1890",150
"NL_NT-TK_1956",1956-11-07,"NL_vanThiel_Frans_1906",150
"NL_NT-TK_1956",1956-11-07,"NL_vanVliet_Frans_1902",150
"NL_NT-TK_1956",1956-11-07,"NL_Venverloo_Albert_1905",150
"NL_NT-TK_1956",1956-11-07,"NL_Verberk_Henk_1907",150
"NL_NT-TK_1956",1956-11-07,"NL_Verhoeven_Bernard_1897",150
"NL_NT-TK_1956",1956-11-07,"NL_Verkerk_Elias_1899",150
"NL_NT-TK_1956",1956-11-07,"NL_Vermeer_Anne_1916",150
"NL_NT-TK_1956",1956-11-07,"NL_Vermeer_Evert_1910",150
"NL_NT-TK_1956",1956-11-07,"NL_Vermooten_Willem_1898",150
"NL_NT-TK_1956",1956-11-07,"NL_Versteeg_Thieleman_1906",150
"NL_NT-TK_1956",1956-11-07,"NL_Visch_Eddy_1896",150
"NL_NT-TK_1956",1956-11-07,"NL_Vondeling_Anne_1916",150
"NL_NT-TK_1956",1956-11-07,"NL_Vredeling_Henk_1924",150
"NL_NT-TK_1956",1956-11-07,"NL_Vrolijk_Maarten_1919",150
"NL_NT-TK_1956",1956-11-07,"NL_Wagenaar_Gerben_1912",150
"NL_NT-TK_1956",1956-11-07,"NL_Weijters_Toon_1913",150
"NL_NT-TK_1956",1956-11-07,"NL_Welter_Charles_1880",150
"NL_NT-TK_1956",1956-11-07,"NL_Westerhout_Theo_1922",150
"NL_NT-TK_1956",1956-11-07,"NL_Wierda_Wiebe_1908",150
"NL_NT-TK_1956",1956-11-07,"NL_Willems_Joan_1909",150
"NL_NT-TK_1956",1956-11-07,"NL_Wttewaall_Bob_1901",150
"NL_NT-TK_1956",1956-11-07,"NL_Zandt_Pieter_1880",150
"NL_NT-TK_1956",1956-11-07,"NL_Zeelenberg_Nancy_1903",150
"NL_NT-TK_1956",1956-11-07,"NL_Zegering_Roelof_1912",150
"NL_NT-TK_1956",1956-11-07,"NL_Zwanikken_Johan_1908",150
"NL_NT-TK_1959",1959-03-21,"NL_Albering_Leo_1904",150
"NL_NT-TK_1959",1959-03-21,"NL_Andriessen_Jan_1894",150
"NL_NT-TK_1959",1959-03-21,"NL_Baeten_Fons_1920",150
"NL_NT-TK_1959",1959-03-21,"NL_Bakker_Marcus_1923",150
"NL_NT-TK_1959",1959-03-21,"NL_Beernink_Henk_1910",150
"NL_NT-TK_1959",1959-03-21,"NL_Berger_Jan_1918",150
"NL_NT-TK_1959",1959-03-21,"NL_Berkhouwer_Cees_1919",150
"NL_NT-TK_1959",1959-03-21,"NL_Biesheuvel_Barend_1920",150
"NL_NT-TK_1959",1959-03-21,"NL_Biewenga_Arend_1903",150
"NL_NT-TK_1959",1959-03-21,"NL_Blaisse_Pieter_1911",150
"NL_NT-TK_1959",1959-03-21,"NL_Blom_Jaap_1898",150
"NL_NT-TK_1959",1959-03-21,"NL_Bogaers_Pieter_1924",150
"NL_NT-TK_1959",1959-03-21,"NL_Bommer_Jan_1901",150
"NL_NT-TK_1959",1959-03-21,"NL_Borst_Cor_1891",150
"NL_NT-TK_1959",1959-03-21,"NL_Brouwer_Tiemen_1916",150
"NL_NT-TK_1959",1959-03-21,"NL_Bruins_Sieuwert_1906",150
"NL_NT-TK_1959",1959-03-21,"NL_Burger_Jaap_1904",150
"NL_NT-TK_1959",1959-03-21,"NL_Calmeyer_Michael_1895",150
"NL_NT-TK_1959",1959-03-21,"NL_Cals_Jo_1914",150
"NL_NT-TK_1959",1959-03-21,"NL_Cornelissen_Johan_1897",150
"NL_NT-TK_1959",1959-03-21,"NL_Couzy_Jean_1902",150
"NL_NT-TK_1959",1959-03-21,"NL_Daams_Frits_1920",150
"NL_NT-TK_1959",1959-03-21,"NL_deGraaf_Theo_1912",150
"NL_NT-TK_1959",1959-03-21,"NL_deGroot_Paul_1899",150
"NL_NT-TK_1959",1959-03-21,"NL_deKadt_Jacques_1897",150
"NL_NT-TK_1959",1959-03-21,"NL_deKort_Wim_1909",150
"NL_NT-TK_1959",1959-03-21,"NL_denHartog_Floor_1898",150
"NL_NT-TK_1959",1959-03-21,"NL_denUyl_Joop_1919",150
"NL_NT-TK_1959",1959-03-21,"NL_deRoos_Corrie_1899",150
"NL_NT-TK_1959",1959-03-21,"NL_deRuiter_Jochem_1893",150
"NL_NT-TK_1959",1959-03-21,"NL_deVink_Netty_1909",150
"NL_NT-TK_1959",1959-03-21,"NL_deVreeze_Jan_1913",150
"NL_NT-TK_1959",1959-03-21,"NL_deWolf_Dre_1912",150
"NL_NT-TK_1959",1959-03-21,"NL_Diepenhorst_Isaaec_1907",150
"NL_NT-TK_1959",1959-03-21,"NL_Droesen_Willem_1898",150
"NL_NT-TK_1959",1959-03-21,"NL_Duynstee_Bob_1920",150
"NL_NT-TK_1959",1959-03-21,"NL_Egas_Cees_1913",150
"NL_NT-TK_1959",1959-03-21,"NL_Engelbertink_Ben_1902",150
"NL_NT-TK_1959",1959-03-21,"NL_Fens_Johannes_1900",150
"NL_NT-TK_1959",1959-03-21,"NL_Franssen_Huub_1916",150
"NL_NT-TK_1959",1959-03-21,"NL_Geertsema_Molly_1918",150
"NL_NT-TK_1959",1959-03-21,"NL_Goedhart_Frans_1904",150
"NL_NT-TK_1959",1959-03-21,"NL_Hazenbosch_Cees_1921",150
"NL_NT-TK_1959",1959-03-21,"NL_Heroma_Took_1908",150
"NL_NT-TK_1959",1959-03-21,"NL_Hofstra_Henk_1904",150
"NL_NT-TK_1959",1959-03-21,"NL_Janssen_Martinus_1903",150
"NL_NT-TK_1959",1959-03-21,"NL_Kieft_Garmt_1913",150
"NL_NT-TK_1959",1959-03-21,"NL_Kikkert_Henk_1912",150
"NL_NT-TK_1959",1959-03-21,"NL_Kleijwegt_Cors_1899",150
"NL_NT-TK_1959",1959-03-21,"NL_Kleisterlee_Cor_1925",150
"NL_NT-TK_1959",1959-03-21,"NL_Klompe_Marga_1912",150
"NL_NT-TK_1959",1959-03-21,"NL_Kodde_David_1894",150
"NL_NT-TK_1959",1959-03-21,"NL_Koersen_Theo_1901",150
"NL_NT-TK_1959",1959-03-21,"NL_Kolfschoten_Eric_1917",150
"NL_NT-TK_1959",1959-03-21,"NL_Koopman_Jo_1906",150
"NL_NT-TK_1959",1959-03-21,"NL_Kortenhorst_Leonardus_1886",150
"NL_NT-TK_1959",1959-03-21,"NL_Korthals_Henk_1911",150
"NL_NT-TK_1959",1959-03-21,"NL_Kramer_Jacob_1898",150
"NL_NT-TK_1959",1959-03-21,"NL_Kranenburg_Ferdinand_1911",150
"NL_NT-TK_1959",1959-03-21,"NL_Laan_Dick_1922",150
"NL_NT-TK_1959",1959-03-21,"NL_Lamberts_Jan_1911",150
"NL_NT-TK_1959",1959-03-21,"NL_Lankhorst_Henk_1914",150
"NL_NT-TK_1959",1959-03-21,"NL_Lemaire_Trees_1919",150
"NL_NT-TK_1959",1959-03-21,"NL_Lucas_Anton_1892",150
"NL_NT-TK_1959",1959-03-21,"NL_Maenen_Jos_1888",150
"NL_NT-TK_1959",1959-03-21,"NL_Meulink_Jan_1917",150
"NL_NT-TK_1959",1959-03-21,"NL_Moorman_Harry_1899",150
"NL_NT-TK_1959",1959-03-21,"NL_Mulders_Wiel_1899",150
"NL_NT-TK_1959",1959-03-21,"NL_Nederhorst_Gerard_1907",150
"NL_NT-TK_1959",1959-03-21,"NL_Nolte_Agnes_1896",150
"NL_NT-TK_1959",1959-03-21,"NL_Oud_Pieter_1886",150
"NL_NT-TK_1959",1959-03-21,"NL_Patijn_Connie_1908",150
"NL_NT-TK_1959",1959-03-21,"NL_Peschar_Harry_1921",150
"NL_NT-TK_1959",1959-03-21,"NL_Peters_Jan_1908",150
"NL_NT-TK_1959",1959-03-21,"NL_Peters_Willem_1916",150
"NL_NT-TK_1959",1959-03-21,"NL_Posthumus_Siep_1910",150
"NL_NT-TK_1959",1959-03-21,"NL_Reehorst_Jan_1923",150
"NL_NT-TK_1959",1959-03-21,"NL_Ritmeester_Govert_1883",150
"NL_NT-TK_1959",1959-03-21,"NL_Roemers_Dirk_1915",150
"NL_NT-TK_1959",1959-03-21,"NL_Romme_Carl_1896",150
"NL_NT-TK_1959",1959-03-21,"NL_Roosjen_Anton_1894",150
"NL_NT-TK_1959",1959-03-21,"NL_Ruygers_Geert_1911",150
"NL_NT-TK_1959",1959-03-21,"NL_Samkalden_Ivo_1912",150
"NL_NT-TK_1959",1959-03-21,"NL_Scheps_Johan_1900",150
"NL_NT-TK_1959",1959-03-21,"NL_Schilthuis_Tineke_1921",150
"NL_NT-TK_1959",1959-03-21,"NL_Schmal_Jan_1894",150
"NL_NT-TK_1959",1959-03-21,"NL_Schmelzer_Norbert_1921",150
"NL_NT-TK_1959",1959-03-21,"NL_Schuitemaker_Dirk_1914",150
"NL_NT-TK_1959",1959-03-21,"NL_Schurer_Fedde_1898",150
"NL_NT-TK_1959",1959-03-21,"NL_Smallenbroek_Jan_1909",150
"NL_NT-TK_1959",1959-03-21,"NL_Stoffels_Joke_1917",150
"NL_NT-TK_1959",1959-03-21,"NL_Stokman_Jacobus_1903",150
"NL_NT-TK_1959",1959-03-21,"NL_Suurhoff_Ko_1905",150
"NL_NT-TK_1959",1959-03-21,"NL_Tans_Sjeng_1912",150
"NL_NT-TK_1959",1959-03-21,"NL_Tellegen_Uke_1910",150
"NL_NT-TK_1959",1959-03-21,"NL_tenBroecke_Jeanette_1901",150
"NL_NT-TK_1959",1959-03-21,"NL_Tilanus_Hendrik_1884",150
"NL_NT-TK_1959",1959-03-21,"NL_Toxopeus_Edzo_1918",150
"NL_NT-TK_1959",1959-03-21,"NL_vanAartsen_Jan_1909",150
"NL_NT-TK_1959",1959-03-21,"NL_vandenHeuvel_Nico_1907",150
"NL_NT-TK_1959",1959-03-21,"NL_vandenTempel_Bas_1905",150
"NL_NT-TK_1959",1959-03-21,"NL_vanderGoes_Marinus_1900",150
"NL_NT-TK_1959",1959-03-21,"NL_vanderMei_Durk_1924",150
"NL_NT-TK_1959",1959-03-21,"NL_vanderPeijl_Cor_1912",150
"NL_NT-TK_1959",1959-03-21,"NL_vanderPloeg_Kees_1907",150
"NL_NT-TK_1959",1959-03-21,"NL_vanderVeen_Binne_1916",150
"NL_NT-TK_1959",1959-03-21,"NL_vanderVeen_Nico_1916",150
"NL_NT-TK_1959",1959-03-21,"NL_vanderZanden_Harrie_1894",150
"NL_NT-TK_1959",1959-03-21,"NL_vandeWetering_Frits_1896",150
"NL_NT-TK_1959",1959-03-21,"NL_vanDijk_Frederik_1905",150
"NL_NT-TK_1959",1959-03-21,"NL_vanDis_Cornelis_1893",150
"NL_NT-TK_1959",1959-03-21,"NL_vanDongen_Sjef_1906",150
"NL_NT-TK_1959",1959-03-21,"NL_vanDoorn_Harry_1915",150
"NL_NT-TK_1959",1959-03-21,"NL_vanEibergen_Jan_1906",150
"NL_NT-TK_1959",1959-03-21,"NL_vanEijsden_Henk_1903",150
"NL_NT-TK_1959",1959-03-21,"NL_vanKoeverden_Jo_1911",150
"NL_NT-TK_1959",1959-03-21,"NL_vanLeeuwen_Herman_1890",150
"NL_NT-TK_1959",1959-03-21,"NL_vanLienden_Kees_1897",150
"NL_NT-TK_1959",1959-03-21,"NL_vanLier_Theo_1916",150
"NL_NT-TK_1959",1959-03-21,"NL_vanMastrigt_Cor_1909",150
"NL_NT-TK_1959",1959-03-21,"NL_vanMeel_Cees_1903",150
"NL_NT-TK_1959",1959-03-21,"NL_vanRijckevorsel_Karel_1913",150
"NL_NT-TK_1959",1959-03-21,"NL_vanSomeren_Haya_1926",150
"NL_NT-TK_1959",1959-03-21,"NL_vanThiel_Frans_1906",150
"NL_NT-TK_1959",1959-03-21,"NL_vanVliet_Frans_1902",150
"NL_NT-TK_1959",1959-03-21,"NL_Veldkamp_Gerard_1921",150
"NL_NT-TK_1959",1959-03-21,"NL_Venverloo_Albert_1905",150
"NL_NT-TK_1959",1959-03-21,"NL_Verkerk_Elias_1899",150
"NL_NT-TK_1959",1959-03-21,"NL_Vermeer_Anne_1916",150
"NL_NT-TK_1959",1959-03-21,"NL_Vermeer_Evert_1910",150
"NL_NT-TK_1959",1959-03-21,"NL_Vermooten_Willem_1898",150
"NL_NT-TK_1959",1959-03-21,"NL_Versteeg_Thieleman_1906",150
"NL_NT-TK_1959",1959-03-21,"NL_Visser_Martin_1914",150
"NL_NT-TK_1959",1959-03-21,"NL_Vondeling_Anne_1916",150
"NL_NT-TK_1959",1959-03-21,"NL_Vredeling_Henk_1924",150
"NL_NT-TK_1959",1959-03-21,"NL_Vrolijk_Maarten_1919",150
"NL_NT-TK_1959",1959-03-21,"NL_Weijters_Toon_1913",150
"NL_NT-TK_1959",1959-03-21,"NL_Welter_Charles_1880",150
"NL_NT-TK_1959",1959-03-21,"NL_Westerhout_Theo_1922",150
"NL_NT-TK_1959",1959-03-21,"NL_Wierda_Wiebe_1908",150
"NL_NT-TK_1959",1959-03-21,"NL_Willems_Joan_1909",150
"NL_NT-TK_1959",1959-03-21,"NL_Witte_Herman_1909",150
"NL_NT-TK_1959",1959-03-21,"NL_Wttewaall_Bob_1901",150
"NL_NT-TK_1959",1959-03-21,"NL_Zandt_Pieter_1880",150
"NL_NT-TK_1959",1959-03-21,"NL_Zegering_Roelof_1912",150
"NL_NT-TK_1959",1959-03-21,"NL_Zijlstra_Jelle_1918",150
"NL_NT-TK_1959",1959-03-21,"NL_Zwanikken_Johan_1908",150
"NL_NT-TK_1963",1963-06-06,"NL_Aalberse_Piet_1910",150
"NL_NT-TK_1963",1963-06-06,"NL_Aantjes_Wim_1923",150
"NL_NT-TK_1963",1963-06-06,"NL_Albering_Leo_1904",150
"NL_NT-TK_1963",1963-06-06,"NL_Andriessen_Jan_1894",150
"NL_NT-TK_1963",1963-06-06,"NL_Assmann_Wim_1907",150
"NL_NT-TK_1963",1963-06-06,"NL_Baart_Ies_1914",150
"NL_NT-TK_1963",1963-06-06,"NL_Baeten_Fons_1920",150
"NL_NT-TK_1963",1963-06-06,"NL_Bakker_Marcus_1923",150
"NL_NT-TK_1963",1963-06-06,"NL_Beernink_Henk_1910",150
"NL_NT-TK_1963",1963-06-06,"NL_Berger_Jan_1918",150
"NL_NT-TK_1963",1963-06-06,"NL_Berkhouwer_Cees_1919",150
"NL_NT-TK_1963",1963-06-06,"NL_Biesheuvel_Barend_1920",150
"NL_NT-TK_1963",1963-06-06,"NL_Blaisse_Pieter_1911",150
"NL_NT-TK_1963",1963-06-06,"NL_Blom_Jaap_1898",150
"NL_NT-TK_1963",1963-06-06,"NL_Bogaers_Pieter_1924",150
"NL_NT-TK_1963",1963-06-06,"NL_Bommer_Jan_1901",150
"NL_NT-TK_1963",1963-06-06,"NL_Bos_Corstiaan_1923",150
"NL_NT-TK_1963",1963-06-06,"NL_Brandsma_Cor_1904",150
"NL_NT-TK_1963",1963-06-06,"NL_Brautigam_Gerda_1913",150
"NL_NT-TK_1963",1963-06-06,"NL_Brouwer_Tiemen_1916",150
"NL_NT-TK_1963",1963-06-06,"NL_Bruggeman_Hans_1927",150
"NL_NT-TK_1963",1963-06-06,"NL_Corver_Han_1905",150
"NL_NT-TK_1963",1963-06-06,"NL_Couzy_Jean_1902",150
"NL_NT-TK_1963",1963-06-06,"NL_Daams_Frits_1920",150
"NL_NT-TK_1963",1963-06-06,"NL_deGroot_Paul_1899",150
"NL_NT-TK_1963",1963-06-06,"NL_deKort_Wim_1909",150
"NL_NT-TK_1963",1963-06-06,"NL_deVink_Netty_1909",150
"NL_NT-TK_1963",1963-06-06,"NL_deVreeze_Jan_1913",150
"NL_NT-TK_1963",1963-06-06,"NL_Diepenhorst_Isaaec_1907",150
"NL_NT-TK_1963",1963-06-06,"NL_Droesen_Willem_1898",150
"NL_NT-TK_1963",1963-06-06,"NL_Duynstee_Bob_1920",150
"NL_NT-TK_1963",1963-06-06,"NL_Egas_Cees_1913",150
"NL_NT-TK_1963",1963-06-06,"NL_Elfferich_Piet_1909",150
"NL_NT-TK_1963",1963-06-06,"NL_Engelbertink_Ben_1902",150
"NL_NT-TK_1963",1963-06-06,"NL_Engels_Piet_1923",150
"NL_NT-TK_1963",1963-06-06,"NL_Engelsman_Henk_1914",150
"NL_NT-TK_1963",1963-06-06,"NL_Franssen_Huub_1916",150
"NL_NT-TK_1963",1963-06-06,"NL_Geertsema_Molly_1918",150
"NL_NT-TK_1963",1963-06-06,"NL_Goedhart_Frans_1904",150
"NL_NT-TK_1963",1963-06-06,"NL_Harmsen_Evert_1930",150
"NL_NT-TK_1963",1963-06-06,"NL_Heroma_Took_1908",150
"NL_NT-TK_1963",1963-06-06,"NL_Hoekstra_Henk_1924",150
"NL_NT-TK_1963",1963-06-06,"NL_Jager_Tjalle_1914",150
"NL_NT-TK_1963",1963-06-06,"NL_Joekes_Theo_1923",150
"NL_NT-TK_1963",1963-06-06,"NL_Jongeling_Piet_1909",150
"NL_NT-TK_1963",1963-06-06,"NL_Kessel_Annie_1918",150
"NL_NT-TK_1963",1963-06-06,"NL_Kieft_Garmt_1913",150
"NL_NT-TK_1963",1963-06-06,"NL_Kikkert_Henk_1912",150
"NL_NT-TK_1963",1963-06-06,"NL_Kleijwegt_Cors_1899",150
"NL_NT-TK_1963",1963-06-06,"NL_Kleisterlee_Cor_1925",150
"NL_NT-TK_1963",1963-06-06,"NL_Koekoek_Hendrik_1912",150
"NL_NT-TK_1963",1963-06-06,"NL_Kok_Truus_1922",150
"NL_NT-TK_1963",1963-06-06,"NL_Kolfschoten_Eric_1917",150
"NL_NT-TK_1963",1963-06-06,"NL_Koopman_Jo_1906",150
"NL_NT-TK_1963",1963-06-06,"NL_Kranenburg_Ferdinand_1911",150
"NL_NT-TK_1963",1963-06-06,"NL_Kuiper_Ada_1908",150
"NL_NT-TK_1963",1963-06-06,"NL_Laan_Dick_1922",150
"NL_NT-TK_1963",1963-06-06,"NL_Lamberts_Jan_1911",150
"NL_NT-TK_1963",1963-06-06,"NL_Lankhorst_Henk_1914",150
"NL_NT-TK_1963",1963-06-06,"NL_Lemaire_Trees_1919",150
"NL_NT-TK_1963",1963-06-06,"NL_Lucas_Anton_1892",150
"NL_NT-TK_1963",1963-06-06,"NL_Maenen_Jan_1903",150
"NL_NT-TK_1963",1963-06-06,"NL_Meijer_Wim_1923",150
"NL_NT-TK_1963",1963-06-06,"NL_Mellema_Jur_1923",150
"NL_NT-TK_1963",1963-06-06,"NL_Meulink_Jan_1917",150
"NL_NT-TK_1963",1963-06-06,"NL_Mommersteeg_Joep_1917",150
"NL_NT-TK_1963",1963-06-06,"NL_Moorman_Harry_1899",150
"NL_NT-TK_1963",1963-06-06,"NL_Nederhorst_Gerard_1907",150
"NL_NT-TK_1963",1963-06-06,"NL_Nelissen_Roelof_1931",150
"NL_NT-TK_1963",1963-06-06,"NL_Notenboom_Harrij_1926",150
"NL_NT-TK_1963",1963-06-06,"NL_Oele_Ad_1923",150
"NL_NT-TK_1963",1963-06-06,"NL_Oldenbanning_Bert_1919",150
"NL_NT-TK_1963",1963-06-06,"NL_Patijn_Connie_1908",150
"NL_NT-TK_1963",1963-06-06,"NL_Peschar_Harry_1921",150
"NL_NT-TK_1963",1963-06-06,"NL_Posthumus_Siep_1910",150
"NL_NT-TK_1963",1963-06-06,"NL_Reehorst_Jan_1923",150
"NL_NT-TK_1963",1963-06-06,"NL_Roemers_Dirk_1915",150
"NL_NT-TK_1963",1963-06-06,"NL_Rutgers_Jacqueline_1908",150
"NL_NT-TK_1963",1963-06-06,"NL_Ruygers_Geert_1911",150
"NL_NT-TK_1963",1963-06-06,"NL_Scheps_Johan_1900",150
"NL_NT-TK_1963",1963-06-06,"NL_Schilthuis_Tineke_1921",150
"NL_NT-TK_1963",1963-06-06,"NL_Schoemaker_Herman_1916",150
"NL_NT-TK_1963",1963-06-06,"NL_Scholten_Willem_1927",150
"NL_NT-TK_1963",1963-06-06,"NL_Schuijt_Wim_1909",150
"NL_NT-TK_1963",1963-06-06,"NL_Schuring_Hein_1928",150
"NL_NT-TK_1963",1963-06-06,"NL_Singer_Hannie_1917",150
"NL_NT-TK_1963",1963-06-06,"NL_Slotemaker_Gerard_1899",150
"NL_NT-TK_1963",1963-06-06,"NL_Smallenbroek_Jan_1909",150
"NL_NT-TK_1963",1963-06-06,"NL_Stoffels_Joke_1917",150
"NL_NT-TK_1963",1963-06-06,"NL_Suurhoff_Ko_1905",150
"NL_NT-TK_1963",1963-06-06,"NL_Tans_Sjeng_1912",150
"NL_NT-TK_1963",1963-06-06,"NL_tenBroecke_Jeanette_1901",150
"NL_NT-TK_1963",1963-06-06,"NL_Tilanus_Arnold_1910",150
"NL_NT-TK_1963",1963-06-06,"NL_Tolman_Teun_1924",150
"NL_NT-TK_1963",1963-06-06,"NL_Tuijnman_Dany_1915",150
"NL_NT-TK_1963",1963-06-06,"NL_vanBennekom_Jan_1905",150
"NL_NT-TK_1963",1963-06-06,"NL_vanBuel_Ben_1913",150
"NL_NT-TK_1963",1963-06-06,"NL_vandenHeuvel_Nico_1907",150
"NL_NT-TK_1963",1963-06-06,"NL_vandenTempel_Bas_1905",150
"NL_NT-TK_1963",1963-06-06,"NL_vanderGoes_Marinus_1900",150
"NL_NT-TK_1963",1963-06-06,"NL_vanderMei_Durk_1924",150
"NL_NT-TK_1963",1963-06-06,"NL_vanderPeijl_Cor_1912",150
"NL_NT-TK_1963",1963-06-06,"NL_vanderPloeg_Kees_1907",150
"NL_NT-TK_1963",1963-06-06,"NL_vanderStoel_Max_1924",150
"NL_NT-TK_1963",1963-06-06,"NL_vanDijk_Klaas_1925",150
"NL_NT-TK_1963",1963-06-06,"NL_vanDis_Cornelis_1893",150
"NL_NT-TK_1963",1963-06-06,"NL_vanDongen_Sjef_1906",150
"NL_NT-TK_1963",1963-06-06,"NL_vanDoorn_Harry_1915",150
"NL_NT-TK_1963",1963-06-06,"NL_vanEibergen_Jan_1906",150
"NL_NT-TK_1963",1963-06-06,"NL_vanEijsden_Henk_1903",150
"NL_NT-TK_1963",1963-06-06,"NL_vanGelder_Wil_1911",150
"NL_NT-TK_1963",1963-06-06,"NL_vanHelvoort_Martien_1906",150
"NL_NT-TK_1963",1963-06-06,"NL_vanKoeverden_Jo_1911",150
"NL_NT-TK_1963",1963-06-06,"NL_vanLier_Theo_1916",150
"NL_NT-TK_1963",1963-06-06,"NL_vanMeel_Cees_1903",150
"NL_NT-TK_1963",1963-06-06,"NL_vanRijckevorsel_Karel_1913",150
"NL_NT-TK_1963",1963-06-06,"NL_vanSomeren_Haya_1926",150
"NL_NT-TK_1963",1963-06-06,"NL_vanSon_Louis_1922",150
"NL_NT-TK_1963",1963-06-06,"NL_vanThiel_Frans_1906",150
"NL_NT-TK_1963",1963-06-06,"NL_vanUrk_Auke_1913",150
"NL_NT-TK_1963",1963-06-06,"NL_Vermooten_Willem_1898",150
"NL_NT-TK_1963",1963-06-06,"NL_Versteeg_Thieleman_1906",150
"NL_NT-TK_1963",1963-06-06,"NL_Vis_Pieter_1922",150
"NL_NT-TK_1963",1963-06-06,"NL_Visser_Martin_1914",150
"NL_NT-TK_1963",1963-06-06,"NL_Vondeling_Anne_1916",150
"NL_NT-TK_1963",1963-06-06,"NL_Voogd_Poulus_1905",150
"NL_NT-TK_1963",1963-06-06,"NL_Vredeling_Henk_1924",150
"NL_NT-TK_1963",1963-06-06,"NL_Walburg_Tjebbe_1913",150
"NL_NT-TK_1963",1963-06-06,"NL_Weijters_Toon_1913",150
"NL_NT-TK_1963",1963-06-06,"NL_Westerhout_Theo_1922",150
"NL_NT-TK_1963",1963-06-06,"NL_Wieldraaijer_Ep_1927",150
"NL_NT-TK_1963",1963-06-06,"NL_Wierda_Wiebe_1908",150
"NL_NT-TK_1963",1963-06-06,"NL_Willems_Joan_1909",150
"NL_NT-TK_1963",1963-06-06,"NL_Witteveen_Johan_1921",150
"NL_NT-TK_1963",1963-06-06,"NL_Wttewaall_Bob_1901",150
"NL_NT-TK_1963",1963-06-06,"NL_Zegering_Roelof_1912",150
"NL_NT-TK_1963",1963-06-06,"NL_Zwanikken_Johan_1908",150
"NL_NT-TK_1967",1967-02-24,"NL_Aalberse_Piet_1910",150
"NL_NT-TK_1967",1967-02-24,"NL_Aantjes_Wim_1923",150
"NL_NT-TK_1967",1967-02-24,"NL_Aarden_Jacques_1914",150
"NL_NT-TK_1967",1967-02-24,"NL_Abma_Hette_1917",150
"NL_NT-TK_1967",1967-02-24,"NL_Albering_Leo_1904",150
"NL_NT-TK_1967",1967-02-24,"NL_Andriessen_Frans_1929",150
"NL_NT-TK_1967",1967-02-24,"NL_Assmann_Wim_1907",150
"NL_NT-TK_1967",1967-02-24,"NL_Bakker_Marcus_1923",150
"NL_NT-TK_1967",1967-02-24,"NL_Beernink_Henk_1910",150
"NL_NT-TK_1967",1967-02-24,"NL_Berg_Ed_1932",150
"NL_NT-TK_1967",1967-02-24,"NL_Berkhouwer_Cees_1919",150
"NL_NT-TK_1967",1967-02-24,"NL_Biesheuvel_Barend_1920",150
"NL_NT-TK_1967",1967-02-24,"NL_Bode_Pieter_1926",150
"NL_NT-TK_1967",1967-02-24,"NL_Boersma_Jaap_1929",150
"NL_NT-TK_1967",1967-02-24,"NL_Boertien_Kees_1927",150
"NL_NT-TK_1967",1967-02-24,"NL_Boot_Gijs_1914",150
"NL_NT-TK_1967",1967-02-24,"NL_Bos_Corstiaan_1923",150
"NL_NT-TK_1967",1967-02-24,"NL_Brautigam_Gerda_1913",150
"NL_NT-TK_1967",1967-02-24,"NL_Brouwer_Tiemen_1916",150
"NL_NT-TK_1967",1967-02-24,"NL_Cornelissen_Pam_1934",150
"NL_NT-TK_1967",1967-02-24,"NL_Daams_Frits_1920",150
"NL_NT-TK_1967",1967-02-24,"NL_deGoede_Aar_1928",150
"NL_NT-TK_1967",1967-02-24,"NL_deJong_Piet_1915",150
"NL_NT-TK_1967",1967-02-24,"NL_deKoster_Hans_1914",150
"NL_NT-TK_1967",1967-02-24,"NL_deMeijer_Jose_1915",150
"NL_NT-TK_1967",1967-02-24,"NL_denUyl_Joop_1919",150
"NL_NT-TK_1967",1967-02-24,"NL_deVreeze_Jan_1913",150
"NL_NT-TK_1967",1967-02-24,"NL_Diepenhorst_Isaaec_1916",150
"NL_NT-TK_1967",1967-02-24,"NL_Dijkstra_Minne_1937",150
"NL_NT-TK_1967",1967-02-24,"NL_Dusarduijn_Willy_1928",150
"NL_NT-TK_1967",1967-02-24,"NL_Egas_Cees_1913",150
"NL_NT-TK_1967",1967-02-24,"NL_Engelbertink_Ben_1902",150
"NL_NT-TK_1967",1967-02-24,"NL_Engels_Piet_1923",150
"NL_NT-TK_1967",1967-02-24,"NL_Fievez_Ferdinand_1920",150
"NL_NT-TK_1967",1967-02-24,"NL_Franssen_Huub_1916",150
"NL_NT-TK_1967",1967-02-24,"NL_Geelkerken_Nico_1907",150
"NL_NT-TK_1967",1967-02-24,"NL_Geertsema_Molly_1918",150
"NL_NT-TK_1967",1967-02-24,"NL_Goedhart_Frans_1904",150
"NL_NT-TK_1967",1967-02-24,"NL_Goudsmit_Anneke_1933",150
"NL_NT-TK_1967",1967-02-24,"NL_Goudzwaard_Bob_1934",150
"NL_NT-TK_1967",1967-02-24,"NL_Groensmit_Berthe_1919",150
"NL_NT-TK_1967",1967-02-24,"NL_Harmsen_Evert_1930",150
"NL_NT-TK_1967",1967-02-24,"NL_Heroma_Took_1908",150
"NL_NT-TK_1967",1967-02-24,"NL_Hoekstra_Henk_1924",150
"NL_NT-TK_1967",1967-02-24,"NL_Hogendorp_Theodorus_1909",150
"NL_NT-TK_1967",1967-02-24,"NL_Hutschemaekers_Dolf_1921",150
"NL_NT-TK_1967",1967-02-24,"NL_Imkamp_Sef_1925",150
"NL_NT-TK_1967",1967-02-24,"NL_Janssen_Paul_1927",150
"NL_NT-TK_1967",1967-02-24,"NL_Joekes_Theo_1923",150
"NL_NT-TK_1967",1967-02-24,"NL_Jongeling_Piet_1909",150
"NL_NT-TK_1967",1967-02-24,"NL_Kessel_Annie_1918",150
"NL_NT-TK_1967",1967-02-24,"NL_Keyzer_Mike_1911",150
"NL_NT-TK_1967",1967-02-24,"NL_Kieft_Garmt_1913",150
"NL_NT-TK_1967",1967-02-24,"NL_Kikkert_Henk_1912",150
"NL_NT-TK_1967",1967-02-24,"NL_Kleisterlee_Cor_1925",150
"NL_NT-TK_1967",1967-02-24,"NL_Klompe_Marga_1912",150
"NL_NT-TK_1967",1967-02-24,"NL_Koekoek_Hendrik_1912",150
"NL_NT-TK_1967",1967-02-24,"NL_Kok_Truus_1922",150
"NL_NT-TK_1967",1967-02-24,"NL_Koning_Henk_1933",150
"NL_NT-TK_1967",1967-02-24,"NL_Koudijs_Gerard_1906",150
"NL_NT-TK_1967",1967-02-24,"NL_Kremer_Wim_1918",150
"NL_NT-TK_1967",1967-02-24,"NL_Kronenburg_Hubert_1925",150
"NL_NT-TK_1967",1967-02-24,"NL_Krosse_Toon_1910",150
"NL_NT-TK_1967",1967-02-24,"NL_Laan_Reint_1914",150
"NL_NT-TK_1967",1967-02-24,"NL_Lamberts_Jan_1911",150
"NL_NT-TK_1967",1967-02-24,"NL_Lankhorst_Henk_1914",150
"NL_NT-TK_1967",1967-02-24,"NL_Lardinois_Pierre_1924",150
"NL_NT-TK_1967",1967-02-24,"NL_Leffertstra_Pieter_1933",150
"NL_NT-TK_1967",1967-02-24,"NL_Lems_Arie_1928",150
"NL_NT-TK_1967",1967-02-24,"NL_Luns_Joseph_1911",150
"NL_NT-TK_1967",1967-02-24,"NL_Maenen_Jan_1903",150
"NL_NT-TK_1967",1967-02-24,"NL_Masman_Jan_1929",150
"NL_NT-TK_1967",1967-02-24,"NL_Mellema_Jur_1923",150
"NL_NT-TK_1967",1967-02-24,"NL_Mommersteeg_Joep_1917",150
"NL_NT-TK_1967",1967-02-24,"NL_Nederhorst_Gerard_1907",150
"NL_NT-TK_1967",1967-02-24,"NL_Nelissen_Roelof_1931",150
"NL_NT-TK_1967",1967-02-24,"NL_Notenboom_Harrij_1926",150
"NL_NT-TK_1967",1967-02-24,"NL_Nuijens_Toon_1912",150
"NL_NT-TK_1967",1967-02-24,"NL_Nypels_Erwin_1933",150
"NL_NT-TK_1967",1967-02-24,"NL_Oele_Ad_1923",150
"NL_NT-TK_1967",1967-02-24,"NL_Peijnenburg_Rinus_1928",150
"NL_NT-TK_1967",1967-02-24,"NL_Peschar_Harry_1921",150
"NL_NT-TK_1967",1967-02-24,"NL_Portheine_Frits_1923",150
"NL_NT-TK_1967",1967-02-24,"NL_Posthumus_Siep_1910",150
"NL_NT-TK_1967",1967-02-24,"NL_Rietkerk_Koos_1927",150
"NL_NT-TK_1967",1967-02-24,"NL_Roemers_Dirk_1915",150
"NL_NT-TK_1967",1967-02-24,"NL_Roolvink_Bauke_1912",150
"NL_NT-TK_1967",1967-02-24,"NL_Ruygers_Geert_1911",150
"NL_NT-TK_1967",1967-02-24,"NL_Schakel_Maarten_1917",150
"NL_NT-TK_1967",1967-02-24,"NL_Schmelzer_Norbert_1921",150
"NL_NT-TK_1967",1967-02-24,"NL_Scholten_Willem_1927",150
"NL_NT-TK_1967",1967-02-24,"NL_Schuring_Hein_1928",150
"NL_NT-TK_1967",1967-02-24,"NL_Singer_Hannie_1917",150
"NL_NT-TK_1967",1967-02-24,"NL_Tans_Sjeng_1912",150
"NL_NT-TK_1967",1967-02-24,"NL_Tilanus_Arnold_1910",150
"NL_NT-TK_1967",1967-02-24,"NL_Tolman_Teun_1924",150
"NL_NT-TK_1967",1967-02-24,"NL_Toxopeus_Edzo_1918",150
"NL_NT-TK_1967",1967-02-24,"NL_Tuijnman_Dany_1915",150
"NL_NT-TK_1967",1967-02-24,"NL_vanBeek_Cas_1914",150
"NL_NT-TK_1967",1967-02-24,"NL_vanBennekom_Jan_1905",150
"NL_NT-TK_1967",1967-02-24,"NL_vanBuel_Ben_1913",150
"NL_NT-TK_1967",1967-02-24,"NL_vandeBrake_Johan_1916",150
"NL_NT-TK_1967",1967-02-24,"NL_vandenDoel_Hans_1937",150
"NL_NT-TK_1967",1967-02-24,"NL_vandenHeuvel_Nico_1907",150
"NL_NT-TK_1967",1967-02-24,"NL_vanderGevel_Wouter_1915",150
"NL_NT-TK_1967",1967-02-24,"NL_vanderLek_Bram_1931",150
"NL_NT-TK_1967",1967-02-24,"NL_vanderMei_Durk_1924",150
"NL_NT-TK_1967",1967-02-24,"NL_vanderPeijl_Cor_1912",150
"NL_NT-TK_1967",1967-02-24,"NL_vanderPloeg_Kees_1907",150
"NL_NT-TK_1967",1967-02-24,"NL_vanderPloeg_Sake_1920",150
"NL_NT-TK_1967",1967-02-24,"NL_vanderSluis_Wietze_1923",150
"NL_NT-TK_1967",1967-02-24,"NL_vanderSpek_Fred_1923",150
"NL_NT-TK_1967",1967-02-24,"NL_vanderStoel_Max_1924",150
"NL_NT-TK_1967",1967-02-24,"NL_vanDijk_Klaas_1925",150
"NL_NT-TK_1967",1967-02-24,"NL_vanDis_Cornelis_1893",150
"NL_NT-TK_1967",1967-02-24,"NL_vanDoorn_Harry_1915",150
"NL_NT-TK_1967",1967-02-24,"NL_vanhetSchip_Wim_1918",150
"NL_NT-TK_1967",1967-02-24,"NL_vanKoeverden_Jo_1911",150
"NL_NT-TK_1967",1967-02-24,"NL_vanLeeuwen_Hannie_1926",150
"NL_NT-TK_1967",1967-02-24,"NL_vanLier_Theo_1916",150
"NL_NT-TK_1967",1967-02-24,"NL_vanMierlo_Hans_1931",150
"NL_NT-TK_1967",1967-02-24,"NL_vanSchaik_Theo_1917",150
"NL_NT-TK_1967",1967-02-24,"NL_vanSomeren_Haya_1926",150
"NL_NT-TK_1967",1967-02-24,"NL_vanSon_Louis_1922",150
"NL_NT-TK_1967",1967-02-24,"NL_vanThiel_Frans_1906",150
"NL_NT-TK_1967",1967-02-24,"NL_vanThijn_Ed_1934",150
"NL_NT-TK_1967",1967-02-24,"NL_Veder_Els_1921",150
"NL_NT-TK_1967",1967-02-24,"NL_Verlaan_Nico_1932",150
"NL_NT-TK_1967",1967-02-24,"NL_Visser_Erik_1935",150
"NL_NT-TK_1967",1967-02-24,"NL_Vondeling_Anne_1916",150
"NL_NT-TK_1967",1967-02-24,"NL_Vonhoff_Henk_1931",150
"NL_NT-TK_1967",1967-02-24,"NL_Voogd_Joop_1916",150
"NL_NT-TK_1967",1967-02-24,"NL_Vredeling_Henk_1924",150
"NL_NT-TK_1967",1967-02-24,"NL_Vrolijk_Maarten_1919",150
"NL_NT-TK_1967",1967-02-24,"NL_Walburg_Tjebbe_1913",150
"NL_NT-TK_1967",1967-02-24,"NL_Weijters_Toon_1913",150
"NL_NT-TK_1967",1967-02-24,"NL_Westerhout_Theo_1922",150
"NL_NT-TK_1967",1967-02-24,"NL_Westerterp_Tjerk_1930",150
"NL_NT-TK_1967",1967-02-24,"NL_Wiebenga_Hans_1917",150
"NL_NT-TK_1967",1967-02-24,"NL_Wieldraaijer_Ep_1927",150
"NL_NT-TK_1967",1967-02-24,"NL_Wierda_Wiebe_1908",150
"NL_NT-TK_1967",1967-02-24,"NL_Wierenga_Ko_1933",150
"NL_NT-TK_1967",1967-02-24,"NL_Willems_Joan_1909",150
"NL_NT-TK_1967",1967-02-24,"NL_Witteveen_Johan_1921",150
"NL_NT-TK_1967",1967-02-24,"NL_Wolff_Joop_1927",150
"NL_NT-TK_1967",1967-02-24,"NL_Wttewaall_Bob_1901",150
"NL_NT-TK_1967",1967-02-24,"NL_Zegering_Roelof_1912",150
"NL_NT-TK_1967",1967-02-24,"NL_Zijlstra_Rinse_1927",150
"NL_NT-TK_1971",1971-05-12,"NL_Aantjes_Wim_1923",150
"NL_NT-TK_1971",1971-05-12,"NL_Aarden_Jacques_1914",150
"NL_NT-TK_1971",1971-05-12,"NL_Abma_Hette_1917",150
"NL_NT-TK_1971",1971-05-12,"NL_Andriessen_Frans_1929",150
"NL_NT-TK_1971",1971-05-12,"NL_Assmann_Wim_1907",150
"NL_NT-TK_1971",1971-05-12,"NL_Bakker_Joop_1921",150
"NL_NT-TK_1971",1971-05-12,"NL_Bakker_Marcus_1923",150
"NL_NT-TK_1971",1971-05-12,"NL_Barendregt_Nel_1936",150
"NL_NT-TK_1971",1971-05-12,"NL_Berger_Jan_1918",150
"NL_NT-TK_1971",1971-05-12,"NL_Berkhouwer_Cees_1919",150
"NL_NT-TK_1971",1971-05-12,"NL_Biesheuvel_Barend_1920",150
"NL_NT-TK_1971",1971-05-12,"NL_Boersma_Jaap_1929",150
"NL_NT-TK_1971",1971-05-12,"NL_Boertien_Kees_1927",150
"NL_NT-TK_1971",1971-05-12,"NL_Bos_Corstiaan_1923",150
"NL_NT-TK_1971",1971-05-12,"NL_Brautigam_Gerda_1913",150
"NL_NT-TK_1971",1971-05-12,"NL_Bremen_Wiel_1925",150
"NL_NT-TK_1971",1971-05-12,"NL_Brouwer_Tiemen_1916",150
"NL_NT-TK_1971",1971-05-12,"NL_Cornelissen_Pam_1934",150
"NL_NT-TK_1971",1971-05-12,"NL_Dankert_Piet_1934",150
"NL_NT-TK_1971",1971-05-12,"NL_deBeer_Pol_1934",150
"NL_NT-TK_1971",1971-05-12,"NL_deBekker_Leo_1923",150
"NL_NT-TK_1971",1971-05-12,"NL_deGaay_Bas_1937",150
"NL_NT-TK_1971",1971-05-12,"NL_deGoede_Aar_1928",150
"NL_NT-TK_1971",1971-05-12,"NL_deKoning_Jan_1926",150
"NL_NT-TK_1971",1971-05-12,"NL_deKoster_Hans_1914",150
"NL_NT-TK_1971",1971-05-12,"NL_denUyl_Joop_1919",150
"NL_NT-TK_1971",1971-05-12,"NL_deRuiter_Piet_1939",150
"NL_NT-TK_1971",1971-05-12,"NL_Dijkstra_Minne_1937",150
"NL_NT-TK_1971",1971-05-12,"NL_Dolman_Dick_1935",150
"NL_NT-TK_1971",1971-05-12,"NL_Drees_Wim_1922",150
"NL_NT-TK_1971",1971-05-12,"NL_Dusarduijn_Willy_1928",150
"NL_NT-TK_1971",1971-05-12,"NL_Egas_Cees_1913",150
"NL_NT-TK_1971",1971-05-12,"NL_Engels_Piet_1923",150
"NL_NT-TK_1971",1971-05-12,"NL_Engwirda_Maarten_1943",150
"NL_NT-TK_1971",1971-05-12,"NL_Fievez_Ferdinand_1920",150
"NL_NT-TK_1971",1971-05-12,"NL_Franssen_Huub_1916",150
"NL_NT-TK_1971",1971-05-12,"NL_Gardeniers_Til_1925",150
"NL_NT-TK_1971",1971-05-12,"NL_Geelkerken_Nico_1907",150
"NL_NT-TK_1971",1971-05-12,"NL_Geertsema_Molly_1918",150
"NL_NT-TK_1971",1971-05-12,"NL_Geurtsen_Aart_1926",150
"NL_NT-TK_1971",1971-05-12,"NL_Goudsmit_Anneke_1933",150
"NL_NT-TK_1971",1971-05-12,"NL_Groensmit_Berthe_1919",150
"NL_NT-TK_1971",1971-05-12,"NL_Grosheide_Hans_1930",150
"NL_NT-TK_1971",1971-05-12,"NL_Haars_Bert_1913",150
"NL_NT-TK_1971",1971-05-12,"NL_Haas_Ineke_1935",150
"NL_NT-TK_1971",1971-05-12,"NL_Heijmans_Jan_1923",150
"NL_NT-TK_1971",1971-05-12,"NL_Hermes_Ad_1929",150
"NL_NT-TK_1971",1971-05-12,"NL_Hoekstra_Henk_1924",150
"NL_NT-TK_1971",1971-05-12,"NL_Hutschemaekers_Dolf_1921",150
"NL_NT-TK_1971",1971-05-12,"NL_Imkamp_Sef_1925",150
"NL_NT-TK_1971",1971-05-12,"NL_Jans_Henk_1926",150
"NL_NT-TK_1971",1971-05-12,"NL_Joekes_Theo_1923",150
"NL_NT-TK_1971",1971-05-12,"NL_Jongeling_Piet_1909",150
"NL_NT-TK_1971",1971-05-12,"NL_Kappeyne_Annelien_1936",150
"NL_NT-TK_1971",1971-05-12,"NL_Keuning_Sierk_1934",150
"NL_NT-TK_1971",1971-05-12,"NL_Kikkert_Henk_1912",150
"NL_NT-TK_1971",1971-05-12,"NL_Klaassens_Eefje_1936",150
"NL_NT-TK_1971",1971-05-12,"NL_Kleisterlee_Cor_1925",150
"NL_NT-TK_1971",1971-05-12,"NL_Knot_Jan_1917",150
"NL_NT-TK_1971",1971-05-12,"NL_Koekoek_Hendrik_1912",150
"NL_NT-TK_1971",1971-05-12,"NL_Koning_Henk_1933",150
"NL_NT-TK_1971",1971-05-12,"NL_Koudijs_Gerard_1906",150
"NL_NT-TK_1971",1971-05-12,"NL_Kremer_Wim_1918",150
"NL_NT-TK_1971",1971-05-12,"NL_Krosse_Toon_1910",150
"NL_NT-TK_1971",1971-05-12,"NL_Kruisinga_Roelof_1922",150
"NL_NT-TK_1971",1971-05-12,"NL_Laban_Cees_1925",150
"NL_NT-TK_1971",1971-05-12,"NL_Lamberts_Jan_1911",150
"NL_NT-TK_1971",1971-05-12,"NL_Lardinois_Pierre_1924",150
"NL_NT-TK_1971",1971-05-12,"NL_Lems_Arie_1928",150
"NL_NT-TK_1971",1971-05-12,"NL_Luns_Joseph_1911",150
"NL_NT-TK_1971",1971-05-12,"NL_Masman_Jan_1929",150
"NL_NT-TK_1971",1971-05-12,"NL_Meijer_Wim_1939",150
"NL_NT-TK_1971",1971-05-12,"NL_Meis_Fre_1921",150
"NL_NT-TK_1971",1971-05-12,"NL_Mellema_Jur_1923",150
"NL_NT-TK_1971",1971-05-12,"NL_Mensert_Andre_1924",150
"NL_NT-TK_1971",1971-05-12,"NL_Mommersteeg_Joep_1917",150
"NL_NT-TK_1971",1971-05-12,"NL_Nelissen_Roelof_1931",150
"NL_NT-TK_1971",1971-05-12,"NL_Nooteboom_Govert_1930",150
"NL_NT-TK_1971",1971-05-12,"NL_Notenboom_Harrij_1926",150
"NL_NT-TK_1971",1971-05-12,"NL_Nypels_Erwin_1933",150
"NL_NT-TK_1971",1971-05-12,"NL_Oele_Ad_1923",150
"NL_NT-TK_1971",1971-05-12,"NL_Peijnenburg_Rinus_1928",150
"NL_NT-TK_1971",1971-05-12,"NL_Pors_Hendrik_1928",150
"NL_NT-TK_1971",1971-05-12,"NL_Portheine_Frits_1923",150
"NL_NT-TK_1971",1971-05-12,"NL_Pronk_Jan_1940",150
"NL_NT-TK_1971",1971-05-12,"NL_Rietkerk_Koos_1927",150
"NL_NT-TK_1971",1971-05-12,"NL_Roels_Peter_1925",150
"NL_NT-TK_1971",1971-05-12,"NL_Roethof_Hein_1921",150
"NL_NT-TK_1971",1971-05-12,"NL_Roolvink_Bauke_1912",150
"NL_NT-TK_1971",1971-05-12,"NL_Schaefer_Jan_1940",150
"NL_NT-TK_1971",1971-05-12,"NL_Schakel_Maarten_1917",150
"NL_NT-TK_1971",1971-05-12,"NL_Scholten_Willem_1927",150
"NL_NT-TK_1971",1971-05-12,"NL_Schuitemaker_Wybrand_1918",150
"NL_NT-TK_1971",1971-05-12,"NL_Spinks_John_1928",150
"NL_NT-TK_1971",1971-05-12,"NL_Stemerdink_Bram_1936",150
"NL_NT-TK_1971",1971-05-12,"NL_Stoffelen_Piet_1939",150
"NL_NT-TK_1971",1971-05-12,"NL_tePas_Ab_1910",150
"NL_NT-TK_1971",1971-05-12,"NL_terBeek_Relus_1944",150
"NL_NT-TK_1971",1971-05-12,"NL_Terlouw_Jan_1931",150
"NL_NT-TK_1971",1971-05-12,"NL_terWoorst_Gerard_1926",150
"NL_NT-TK_1971",1971-05-12,"NL_Tilanus_Arnold_1910",150
"NL_NT-TK_1971",1971-05-12,"NL_Tolman_Teun_1924",150
"NL_NT-TK_1971",1971-05-12,"NL_Tuijnman_Dany_1915",150
"NL_NT-TK_1971",1971-05-12,"NL_Udink_Be_1926",150
"NL_NT-TK_1971",1971-05-12,"NL_vandenDoel_Hans_1937",150
"NL_NT-TK_1971",1971-05-12,"NL_vanderGun_Frans_1918",150
"NL_NT-TK_1971",1971-05-12,"NL_vanderSanden_Piet_1924",150
"NL_NT-TK_1971",1971-05-12,"NL_vanderSpek_Fred_1923",150
"NL_NT-TK_1971",1971-05-12,"NL_vanderStoel_Max_1924",150
"NL_NT-TK_1971",1971-05-12,"NL_vanDijk_Klaas_1925",150
"NL_NT-TK_1971",1971-05-12,"NL_vanDis_Cor_1923",150
"NL_NT-TK_1971",1971-05-12,"NL_vanElsen_Joop_1916",150
"NL_NT-TK_1971",1971-05-12,"NL_vanhetSchip_Wim_1918",150
"NL_NT-TK_1971",1971-05-12,"NL_vanLeeuwen_Hannie_1926",150
"NL_NT-TK_1971",1971-05-12,"NL_vanLier_Theo_1916",150
"NL_NT-TK_1971",1971-05-12,"NL_vanMierlo_Hans_1931",150
"NL_NT-TK_1971",1971-05-12,"NL_vanOoijen_David_1939",150
"NL_NT-TK_1971",1971-05-12,"NL_vanRossum_Henk_1919",150
"NL_NT-TK_1971",1971-05-12,"NL_vanSchaik_Theo_1917",150
"NL_NT-TK_1971",1971-05-12,"NL_vanSon_Louis_1922",150
"NL_NT-TK_1971",1971-05-12,"NL_vanThiel_Frans_1906",150
"NL_NT-TK_1971",1971-05-12,"NL_vanThijn_Ed_1934",150
"NL_NT-TK_1971",1971-05-12,"NL_vanVeen_Chris_1922",150
"NL_NT-TK_1971",1971-05-12,"NL_vanVeenendaal_Fia_1918",150
"NL_NT-TK_1971",1971-05-12,"NL_Veder_Els_1921",150
"NL_NT-TK_1971",1971-05-12,"NL_Veerman_Antoon_1916",150
"NL_NT-TK_1971",1971-05-12,"NL_Vellenga_Jakob_1920",150
"NL_NT-TK_1971",1971-05-12,"NL_Verbrugh_Bart_1916",150
"NL_NT-TK_1971",1971-05-12,"NL_Verdijk_Tom_1920",150
"NL_NT-TK_1971",1971-05-12,"NL_Veringa_Gerard_1924",150
"NL_NT-TK_1971",1971-05-12,"NL_Verwoert_Eef_1932",150
"NL_NT-TK_1971",1971-05-12,"NL_Visser_Erik_1935",150
"NL_NT-TK_1971",1971-05-12,"NL_Vondeling_Anne_1916",150
"NL_NT-TK_1971",1971-05-12,"NL_Vonhoff_Henk_1931",150
"NL_NT-TK_1971",1971-05-12,"NL_Voogd_Joop_1916",150
"NL_NT-TK_1971",1971-05-12,"NL_Voortman_Arend_1930",150
"NL_NT-TK_1971",1971-05-12,"NL_Vredeling_Henk_1924",150
"NL_NT-TK_1971",1971-05-12,"NL_Vrolijk_Maarten_1919",150
"NL_NT-TK_1971",1971-05-12,"NL_Walburg_Tjebbe_1913",150
"NL_NT-TK_1971",1971-05-12,"NL_Weijers_Steef_1929",150
"NL_NT-TK_1971",1971-05-12,"NL_Weijters_Toon_1913",150
"NL_NT-TK_1971",1971-05-12,"NL_Westerterp_Tjerk_1930",150
"NL_NT-TK_1971",1971-05-12,"NL_Wiebenga_Hans_1917",150
"NL_NT-TK_1971",1971-05-12,"NL_Wiegel_Hans_1941",150
"NL_NT-TK_1971",1971-05-12,"NL_Wieldraaijer_Ep_1927",150
"NL_NT-TK_1971",1971-05-12,"NL_Wierenga_Ko_1933",150
"NL_NT-TK_1971",1971-05-12,"NL_Wilbers_Wil_1931",150
"NL_NT-TK_1971",1971-05-12,"NL_Wolff_Joop_1927",150
"NL_NT-TK_1971",1971-05-12,"NL_Zelissen_Piet_1941",150
"NL_NT-TK_1972",1972-12-08,"NL_Aantjes_Wim_1923",150
"NL_NT-TK_1972",1972-12-08,"NL_Abma_Hette_1917",150
"NL_NT-TK_1972",1972-12-08,"NL_Andriessen_Frans_1929",150
"NL_NT-TK_1972",1972-12-08,"NL_Bakker_Marcus_1923",150
"NL_NT-TK_1972",1972-12-08,"NL_Barendregt_Nel_1936",150
"NL_NT-TK_1972",1972-12-08,"NL_Beekmans_Jan_1927",150
"NL_NT-TK_1972",1972-12-08,"NL_Berger_Jan_1918",150
"NL_NT-TK_1972",1972-12-08,"NL_Berkhouwer_Cees_1919",150
"NL_NT-TK_1972",1972-12-08,"NL_Beuker_Klaas_1924",150
"NL_NT-TK_1972",1972-12-08,"NL_Biesheuvel_Barend_1920",150
"NL_NT-TK_1972",1972-12-08,"NL_Boersma_Jaap_1929",150
"NL_NT-TK_1972",1972-12-08,"NL_Boertien_Kees_1927",150
"NL_NT-TK_1972",1972-12-08,"NL_Bremen_Wiel_1925",150
"NL_NT-TK_1972",1972-12-08,"NL_Brouwer_Tiemen_1916",150
"NL_NT-TK_1972",1972-12-08,"NL_Coppes_Dolf_1925",150
"NL_NT-TK_1972",1972-12-08,"NL_Cornelissen_Pam_1934",150
"NL_NT-TK_1972",1972-12-08,"NL_Dankert_Piet_1934",150
"NL_NT-TK_1972",1972-12-08,"NL_deBeer_Pol_1934",150
"NL_NT-TK_1972",1972-12-08,"NL_deBekker_Leo_1923",150
"NL_NT-TK_1972",1972-12-08,"NL_deBoer_Hans_1937",150
"NL_NT-TK_1972",1972-12-08,"NL_deBoois_Rie_1936",150
"NL_NT-TK_1972",1972-12-08,"NL_deBrauw_Mauk_1925",150
"NL_NT-TK_1972",1972-12-08,"NL_Dees_Dick_1944",150
"NL_NT-TK_1972",1972-12-08,"NL_deGaay_Bas_1937",150
"NL_NT-TK_1972",1972-12-08,"NL_deGoede_Aar_1928",150
"NL_NT-TK_1972",1972-12-08,"NL_deKoning_Jan_1926",150
"NL_NT-TK_1972",1972-12-08,"NL_deLeeuw_Andre_1935",150
"NL_NT-TK_1972",1972-12-08,"NL_denUyl_Joop_1919",150
"NL_NT-TK_1972",1972-12-08,"NL_deRuiter_Piet_1939",150
"NL_NT-TK_1972",1972-12-08,"NL_Dolman_Dick_1935",150
"NL_NT-TK_1972",1972-12-08,"NL_Dragstra_Frits_1927",150
"NL_NT-TK_1972",1972-12-08,"NL_Drees_Wim_1922",150
"NL_NT-TK_1972",1972-12-08,"NL_Epema_Meiny_1930",150
"NL_NT-TK_1972",1972-12-08,"NL_Fievez_Ferdinand_1920",150
"NL_NT-TK_1972",1972-12-08,"NL_Franssen_Huub_1916",150
"NL_NT-TK_1972",1972-12-08,"NL_Gardeniers_Til_1925",150
"NL_NT-TK_1972",1972-12-08,"NL_Geurtsen_Aart_1926",150
"NL_NT-TK_1972",1972-12-08,"NL_Goudsmit_Anneke_1933",150
"NL_NT-TK_1972",1972-12-08,"NL_Groensmit_Berthe_1919",150
"NL_NT-TK_1972",1972-12-08,"NL_Gruijters_Hans_1931",150
"NL_NT-TK_1972",1972-12-08,"NL_Haas_Ineke_1935",150
"NL_NT-TK_1972",1972-12-08,"NL_Hartmeijer_Henk_1937",150
"NL_NT-TK_1972",1972-12-08,"NL_Heijmans_Jan_1923",150
"NL_NT-TK_1972",1972-12-08,"NL_Hermes_Ad_1929",150
"NL_NT-TK_1972",1972-12-08,"NL_Hermsen_Ben_1922",150
"NL_NT-TK_1972",1972-12-08,"NL_Hoekstra_Henk_1924",150
"NL_NT-TK_1972",1972-12-08,"NL_Honig_Victor_1919",150
"NL_NT-TK_1972",1972-12-08,"NL_Hutschemaekers_Dolf_1921",150
"NL_NT-TK_1972",1972-12-08,"NL_Jansen_Leo_1934",150
"NL_NT-TK_1972",1972-12-08,"NL_Janssen_Paul_1927",150
"NL_NT-TK_1972",1972-12-08,"NL_Joekes_Theo_1923",150
"NL_NT-TK_1972",1972-12-08,"NL_Jongeling_Piet_1909",150
"NL_NT-TK_1972",1972-12-08,"NL_Jurgens_Erik_1935",150
"NL_NT-TK_1972",1972-12-08,"NL_Kappeyne_Annelien_1936",150
"NL_NT-TK_1972",1972-12-08,"NL_Keja_Wim_1925",150
"NL_NT-TK_1972",1972-12-08,"NL_Keuning_Klaas_1916",150
"NL_NT-TK_1972",1972-12-08,"NL_Keuning_Sierk_1934",150
"NL_NT-TK_1972",1972-12-08,"NL_Klaassens_Eefje_1936",150
"NL_NT-TK_1972",1972-12-08,"NL_Klein_Ger_1925",150
"NL_NT-TK_1972",1972-12-08,"NL_Kleisterlee_Cor_1925",150
"NL_NT-TK_1972",1972-12-08,"NL_Knot_Jan_1917",150
"NL_NT-TK_1972",1972-12-08,"NL_Koekoek_Hendrik_1912",150
"NL_NT-TK_1972",1972-12-08,"NL_Kombrink_Hans_1946",150
"NL_NT-TK_1972",1972-12-08,"NL_Koning_Henk_1933",150
"NL_NT-TK_1972",1972-12-08,"NL_Kosto_Aad_1938",150
"NL_NT-TK_1972",1972-12-08,"NL_Kroes_Neelie_1941",150
"NL_NT-TK_1972",1972-12-08,"NL_Krosse_Toon_1910",150
"NL_NT-TK_1972",1972-12-08,"NL_Laban_Cees_1925",150
"NL_NT-TK_1972",1972-12-08,"NL_Lamberts_Jan_1911",150
"NL_NT-TK_1972",1972-12-08,"NL_Masman_Jan_1929",150
"NL_NT-TK_1972",1972-12-08,"NL_Meijer_Wim_1939",150
"NL_NT-TK_1972",1972-12-08,"NL_Meis_Fre_1921",150
"NL_NT-TK_1972",1972-12-08,"NL_Mommersteeg_Joep_1917",150
"NL_NT-TK_1972",1972-12-08,"NL_Nelissen_Roelof_1931",150
"NL_NT-TK_1972",1972-12-08,"NL_Notenboom_Harrij_1926",150
"NL_NT-TK_1972",1972-12-08,"NL_Nuijens_Toon_1912",150
"NL_NT-TK_1972",1972-12-08,"NL_Oele_Ad_1923",150
"NL_NT-TK_1972",1972-12-08,"NL_Peijnenburg_Rinus_1928",150
"NL_NT-TK_1972",1972-12-08,"NL_Ploeg_Ad_1927",150
"NL_NT-TK_1972",1972-12-08,"NL_Poppe_Stan_1924",150
"NL_NT-TK_1972",1972-12-08,"NL_Portheine_Frits_1923",150
"NL_NT-TK_1972",1972-12-08,"NL_Pronk_Jan_1940",150
"NL_NT-TK_1972",1972-12-08,"NL_Roels_Peter_1925",150
"NL_NT-TK_1972",1972-12-08,"NL_Roethof_Hein_1921",150
"NL_NT-TK_1972",1972-12-08,"NL_Roolvink_Bauke_1912",150
"NL_NT-TK_1972",1972-12-08,"NL_Salomons_Nora_1945",150
"NL_NT-TK_1972",1972-12-08,"NL_Schaefer_Jan_1940",150
"NL_NT-TK_1972",1972-12-08,"NL_Schakel_Maarten_1917",150
"NL_NT-TK_1972",1972-12-08,"NL_Schouten_Ad_1941",150
"NL_NT-TK_1972",1972-12-08,"NL_Spinks_John_1928",150
"NL_NT-TK_1972",1972-12-08,"NL_Stemerdink_Bram_1936",150
"NL_NT-TK_1972",1972-12-08,"NL_Stoffelen_Piet_1939",150
"NL_NT-TK_1972",1972-12-08,"NL_terBeek_Relus_1944",150
"NL_NT-TK_1972",1972-12-08,"NL_Terlouw_Jan_1931",150
"NL_NT-TK_1972",1972-12-08,"NL_Tilanus_Arnold_1910",150
"NL_NT-TK_1972",1972-12-08,"NL_Tolman_Teun_1924",150
"NL_NT-TK_1972",1972-12-08,"NL_Tuijnman_Dany_1915",150
"NL_NT-TK_1972",1972-12-08,"NL_vanAardenne_Gijs_1930",150
"NL_NT-TK_1972",1972-12-08,"NL_vanDam_Gerrit_1922",150
"NL_NT-TK_1972",1972-12-08,"NL_vandenDoel_Hans_1937",150
"NL_NT-TK_1972",1972-12-08,"NL_vanderGun_Frans_1918",150
"NL_NT-TK_1972",1972-12-08,"NL_vanderLek_Bram_1931",150
"NL_NT-TK_1972",1972-12-08,"NL_vanderMei_Durk_1924",150
"NL_NT-TK_1972",1972-12-08,"NL_vanderSpek_Fred_1923",150
"NL_NT-TK_1972",1972-12-08,"NL_vanderStoel_Max_1924",150
"NL_NT-TK_1972",1972-12-08,"NL_vanDijk_Klaas_1925",150
"NL_NT-TK_1972",1972-12-08,"NL_vanDis_Cor_1923",150
"NL_NT-TK_1972",1972-12-08,"NL_vanElsen_Joop_1916",150
"NL_NT-TK_1972",1972-12-08,"NL_vanGorkum_Pier_1931",150
"NL_NT-TK_1972",1972-12-08,"NL_vanhetSchip_Wim_1918",150
"NL_NT-TK_1972",1972-12-08,"NL_vanHulten_Michel_1930",150
"NL_NT-TK_1972",1972-12-08,"NL_vanLeeuwen_Hannie_1926",150
"NL_NT-TK_1972",1972-12-08,"NL_vanLeijenhorst_Gerard_1928",150
"NL_NT-TK_1972",1972-12-08,"NL_vanLier_Theo_1916",150
"NL_NT-TK_1972",1972-12-08,"NL_vanMierlo_Hans_1931",150
"NL_NT-TK_1972",1972-12-08,"NL_vanOoijen_David_1939",150
"NL_NT-TK_1972",1972-12-08,"NL_vanRossum_Henk_1919",150
"NL_NT-TK_1972",1972-12-08,"NL_vanSchaik_Theo_1917",150
"NL_NT-TK_1972",1972-12-08,"NL_vanThijn_Ed_1934",150
"NL_NT-TK_1972",1972-12-08,"NL_vanVeenendaal_Fia_1918",150
"NL_NT-TK_1972",1972-12-08,"NL_vanZeil_Piet_1927",150
"NL_NT-TK_1972",1972-12-08,"NL_Veder_Els_1921",150
"NL_NT-TK_1972",1972-12-08,"NL_Veerman_Antoon_1916",150
"NL_NT-TK_1972",1972-12-08,"NL_Vellenga_Jakob_1920",150
"NL_NT-TK_1972",1972-12-08,"NL_Verbrugh_Bart_1916",150
"NL_NT-TK_1972",1972-12-08,"NL_Vermaat_Arend_1939",150
"NL_NT-TK_1972",1972-12-08,"NL_Vondeling_Anne_1916",150
"NL_NT-TK_1972",1972-12-08,"NL_Voogd_Joop_1916",150
"NL_NT-TK_1972",1972-12-08,"NL_Voortman_Arend_1930",150
"NL_NT-TK_1972",1972-12-08,"NL_Vredeling_Henk_1924",150
"NL_NT-TK_1972",1972-12-08,"NL_Waalkens_Harry_1922",150
"NL_NT-TK_1972",1972-12-08,"NL_Walburg_Tjebbe_1913",150
"NL_NT-TK_1972",1972-12-08,"NL_Waltmans_Henk_1930",150
"NL_NT-TK_1972",1972-12-08,"NL_Weijters_Toon_1913",150
"NL_NT-TK_1972",1972-12-08,"NL_Westerterp_Tjerk_1930",150
"NL_NT-TK_1972",1972-12-08,"NL_Wiegel_Hans_1941",150
"NL_NT-TK_1972",1972-12-08,"NL_Wieldraaijer_Ep_1927",150
"NL_NT-TK_1972",1972-12-08,"NL_Wierenga_Ko_1933",150
"NL_NT-TK_1972",1972-12-08,"NL_Wisselink_Herman_1918",150
"NL_NT-TK_1972",1972-12-08,"NL_Wolff_Joop_1927",150
"NL_NT-TK_1977",1977-06-09,"NL_Aantjes_Wim_1923",150
"NL_NT-TK_1977",1977-06-09,"NL_Aarts_Harry_1930",150
"NL_NT-TK_1977",1977-06-09,"NL_Abma_Hette_1917",150
"NL_NT-TK_1977",1977-06-09,"NL_Albers_Wim_1920",150
"NL_NT-TK_1977",1977-06-09,"NL_Andriessen_Frans_1929",150
"NL_NT-TK_1977",1977-06-09,"NL_Bakker_Marcus_1923",150
"NL_NT-TK_1977",1977-06-09,"NL_Beckers_Ria_1938",150
"NL_NT-TK_1977",1977-06-09,"NL_Berkhouwer_Cees_1919",150
"NL_NT-TK_1977",1977-06-09,"NL_Beumer_Bouke_1934",150
"NL_NT-TK_1977",1977-06-09,"NL_Boersma_Jaap_1929",150
"NL_NT-TK_1977",1977-06-09,"NL_Braams_Reinier_1923",150
"NL_NT-TK_1977",1977-06-09,"NL_Braks_Gerrit_1933",150
"NL_NT-TK_1977",1977-06-09,"NL_Bremen_Wiel_1925",150
"NL_NT-TK_1977",1977-06-09,"NL_Brinkhorst_Laurens_1937",150
"NL_NT-TK_1977",1977-06-09,"NL_Castricum_Frits_1947",150
"NL_NT-TK_1977",1977-06-09,"NL_Cornelissen_Dien_1924",150
"NL_NT-TK_1977",1977-06-09,"NL_Cornelissen_Pam_1934",150
"NL_NT-TK_1977",1977-06-09,"NL_Dankert_Piet_1934",150
"NL_NT-TK_1977",1977-06-09,"NL_deBeer_Pol_1934",150
"NL_NT-TK_1977",1977-06-09,"NL_deBoer_Hans_1937",150
"NL_NT-TK_1977",1977-06-09,"NL_deBoer_Joep_1924",150
"NL_NT-TK_1977",1977-06-09,"NL_deBoois_Rie_1936",150
"NL_NT-TK_1977",1977-06-09,"NL_Dees_Dick_1944",150
"NL_NT-TK_1977",1977-06-09,"NL_deGraaf_Arie_1947",150
"NL_NT-TK_1977",1977-06-09,"NL_deKoning_Jan_1926",150
"NL_NT-TK_1977",1977-06-09,"NL_denUyl_Joop_1919",150
"NL_NT-TK_1977",1977-06-09,"NL_deVries_Klaas_1943",150
"NL_NT-TK_1977",1977-06-09,"NL_Dijkman_Stef_1935",150
"NL_NT-TK_1977",1977-06-09,"NL_Dolman_Dick_1935",150
"NL_NT-TK_1977",1977-06-09,"NL_Drees_Wim_1922",150
"NL_NT-TK_1977",1977-06-09,"NL_Drenth_Herman_1916",150
"NL_NT-TK_1977",1977-06-09,"NL_Duisenberg_Wim_1935",150
"NL_NT-TK_1977",1977-06-09,"NL_Engwirda_Maarten_1943",150
"NL_NT-TK_1977",1977-06-09,"NL_Epema_Meiny_1930",150
"NL_NT-TK_1977",1977-06-09,"NL_Evenhuis_Albert_1941",150
"NL_NT-TK_1977",1977-06-09,"NL_Evenhuis_Hanske_1921",150
"NL_NT-TK_1977",1977-06-09,"NL_Eversdijk_Huib_1933",150
"NL_NT-TK_1977",1977-06-09,"NL_Faber_Sytze_1937",150
"NL_NT-TK_1977",1977-06-09,"NL_Gardeniers_Til_1925",150
"NL_NT-TK_1977",1977-06-09,"NL_Geurtsen_Aart_1926",150
"NL_NT-TK_1977",1977-06-09,"NL_Ginjaar_Nell_1931",150
"NL_NT-TK_1977",1977-06-09,"NL_Gualtherie_Hans_1941",150
"NL_NT-TK_1977",1977-06-09,"NL_Haas_Ineke_1935",150
"NL_NT-TK_1977",1977-06-09,"NL_Hartmeijer_Henk_1937",150
"NL_NT-TK_1977",1977-06-09,"NL_Hazekamp_Ted_1926",150
"NL_NT-TK_1977",1977-06-09,"NL_Hendriks_Jo_1923",150
"NL_NT-TK_1977",1977-06-09,"NL_Hermans_Loek_1951",150
"NL_NT-TK_1977",1977-06-09,"NL_Hermes_Ad_1929",150
"NL_NT-TK_1977",1977-06-09,"NL_Hoekstra_Henk_1924",150
"NL_NT-TK_1977",1977-06-09,"NL_Jacobse_Huub_1925",150
"NL_NT-TK_1977",1977-06-09,"NL_Jansen_Leo_1934",150
"NL_NT-TK_1977",1977-06-09,"NL_Joekes_Theo_1923",150
"NL_NT-TK_1977",1977-06-09,"NL_Kappeyne_Annelien_1936",150
"NL_NT-TK_1977",1977-06-09,"NL_Keja_Wim_1925",150
"NL_NT-TK_1977",1977-06-09,"NL_Klein_Ger_1925",150
"NL_NT-TK_1977",1977-06-09,"NL_Kleisterlee_Cor_1925",150
"NL_NT-TK_1977",1977-06-09,"NL_Knol_Henk_1931",150
"NL_NT-TK_1977",1977-06-09,"NL_Koekoek_Hendrik_1912",150
"NL_NT-TK_1977",1977-06-09,"NL_Kolthoff_Kees_1936",150
"NL_NT-TK_1977",1977-06-09,"NL_Kombrink_Hans_1946",150
"NL_NT-TK_1977",1977-06-09,"NL_Koning_Henk_1933",150
"NL_NT-TK_1977",1977-06-09,"NL_Konings_Martin_1929",150
"NL_NT-TK_1977",1977-06-09,"NL_Kosto_Aad_1938",150
"NL_NT-TK_1977",1977-06-09,"NL_Kraaijeveld_Jeltien_1932",150
"NL_NT-TK_1977",1977-06-09,"NL_Kroes_Neelie_1941",150
"NL_NT-TK_1977",1977-06-09,"NL_Krouwel_Annie_1928",150
"NL_NT-TK_1977",1977-06-09,"NL_Kruisinga_Roelof_1922",150
"NL_NT-TK_1977",1977-06-09,"NL_Laban_Cees_1925",150
"NL_NT-TK_1977",1977-06-09,"NL_Lambers_Ineke_1946",150
"NL_NT-TK_1977",1977-06-09,"NL_Langedijk_Siepie_1940",150
"NL_NT-TK_1977",1977-06-09,"NL_Lansink_Ad_1934",150
"NL_NT-TK_1977",1977-06-09,"NL_Lauxtermann_Herman_1929",150
"NL_NT-TK_1977",1977-06-09,"NL_Lubbers_Ruud_1939",150
"NL_NT-TK_1977",1977-06-09,"NL_Meijer_Wim_1939",150
"NL_NT-TK_1977",1977-06-09,"NL_Mertens_Chel_1939",150
"NL_NT-TK_1977",1977-06-09,"NL_Molleman_Henk_1935",150
"NL_NT-TK_1977",1977-06-09,"NL_Mueller_Ina_1927",150
"NL_NT-TK_1977",1977-06-09,"NL_Nijpels_Ed_1950",150
"NL_NT-TK_1977",1977-06-09,"NL_Notenboom_Harrij_1926",150
"NL_NT-TK_1977",1977-06-09,"NL_Nypels_Erwin_1933",150
"NL_NT-TK_1977",1977-06-09,"NL_Patijn_Schelto_1936",150
"NL_NT-TK_1977",1977-06-09,"NL_Peijnenburg_Rinus_1928",150
"NL_NT-TK_1977",1977-06-09,"NL_Ploeg_Ad_1927",150
"NL_NT-TK_1977",1977-06-09,"NL_Poppe_Stan_1924",150
"NL_NT-TK_1977",1977-06-09,"NL_Portheine_Frits_1923",150
"NL_NT-TK_1977",1977-06-09,"NL_Pronk_Jan_1940",150
"NL_NT-TK_1977",1977-06-09,"NL_Rienks_Hessel_1932",150
"NL_NT-TK_1977",1977-06-09,"NL_Rietkerk_Koos_1927",150
"NL_NT-TK_1977",1977-06-09,"NL_Roels_Peter_1925",150
"NL_NT-TK_1977",1977-06-09,"NL_Roethof_Hein_1921",150
"NL_NT-TK_1977",1977-06-09,"NL_Salomons_Nora_1945",150
"NL_NT-TK_1977",1977-06-09,"NL_Schaapman_Ge_1926",150
"NL_NT-TK_1977",1977-06-09,"NL_Schaefer_Jan_1940",150
"NL_NT-TK_1977",1977-06-09,"NL_Schakel_Maarten_1917",150
"NL_NT-TK_1977",1977-06-09,"NL_Scherpenhuizen_Jaap_1934",150
"NL_NT-TK_1977",1977-06-09,"NL_Scholten_Jan_1932",150
"NL_NT-TK_1977",1977-06-09,"NL_Spieker_Bonno_1935",150
"NL_NT-TK_1977",1977-06-09,"NL_Stoffelen_Piet_1939",150
"NL_NT-TK_1977",1977-06-09,"NL_terBeek_Relus_1944",150
"NL_NT-TK_1977",1977-06-09,"NL_Terlouw_Jan_1931",150
"NL_NT-TK_1977",1977-06-09,"NL_Terpstra_Erica_1943",150
"NL_NT-TK_1977",1977-06-09,"NL_Tolman_Teun_1924",150
"NL_NT-TK_1977",1977-06-09,"NL_Tuijnman_Dany_1915",150
"NL_NT-TK_1977",1977-06-09,"NL_Tuinstra_Elida_1931",150
"NL_NT-TK_1977",1977-06-09,"NL_vanAardenne_Gijs_1930",150
"NL_NT-TK_1977",1977-06-09,"NL_vanAgt_Dries_1931",150
"NL_NT-TK_1977",1977-06-09,"NL_vanDam_Gerrit_1922",150
"NL_NT-TK_1977",1977-06-09,"NL_vanDam_Marcel_1938",150
"NL_NT-TK_1977",1977-06-09,"NL_vandenBergh_Harry_1942",150
"NL_NT-TK_1977",1977-06-09,"NL_vandenBroek_Hans_1936",150
"NL_NT-TK_1977",1977-06-09,"NL_vanderDoef_Jaap_1934",150
"NL_NT-TK_1977",1977-06-09,"NL_vanderGun_Frans_1918",150
"NL_NT-TK_1977",1977-06-09,"NL_vanderHek_Arie_1938",150
"NL_NT-TK_1977",1977-06-09,"NL_vanderLek_Bram_1931",150
"NL_NT-TK_1977",1977-06-09,"NL_vanderLinden_Rene_1943",150
"NL_NT-TK_1977",1977-06-09,"NL_vanderMei_Durk_1924",150
"NL_NT-TK_1977",1977-06-09,"NL_vanderSanden_Piet_1924",150
"NL_NT-TK_1977",1977-06-09,"NL_vanderStee_Fons_1928",150
"NL_NT-TK_1977",1977-06-09,"NL_vanderStoel_Max_1924",150
"NL_NT-TK_1977",1977-06-09,"NL_vandeVen_Jan_1925",150
"NL_NT-TK_1977",1977-06-09,"NL_vanDijk_Kees_1931",150
"NL_NT-TK_1977",1977-06-09,"NL_vanDis_Cor_1923",150
"NL_NT-TK_1977",1977-06-09,"NL_vanEekelen_Wim_1931",150
"NL_NT-TK_1977",1977-06-09,"NL_vanHouwelingen_Jan_1939",150
"NL_NT-TK_1977",1977-06-09,"NL_vanHulten_Michel_1930",150
"NL_NT-TK_1977",1977-06-09,"NL_vanKemenade_Jos_1937",150
"NL_NT-TK_1977",1977-06-09,"NL_vanLeeuwen_Hannie_1926",150
"NL_NT-TK_1977",1977-06-09,"NL_vanLeijenhorst_Gerard_1928",150
"NL_NT-TK_1977",1977-06-09,"NL_vanMuiden_Gerard_1931",150
"NL_NT-TK_1977",1977-06-09,"NL_vanOoijen_David_1939",150
"NL_NT-TK_1977",1977-06-09,"NL_vanRossum_Henk_1919",150
"NL_NT-TK_1977",1977-06-09,"NL_vanThijn_Ed_1934",150
"NL_NT-TK_1977",1977-06-09,"NL_vanZeil_Piet_1927",150
"NL_NT-TK_1977",1977-06-09,"NL_Veder_Els_1921",150
"NL_NT-TK_1977",1977-06-09,"NL_Veerman_Antoon_1916",150
"NL_NT-TK_1977",1977-06-09,"NL_Vellenga_Jakob_1920",150
"NL_NT-TK_1977",1977-06-09,"NL_Verbrugh_Bart_1916",150
"NL_NT-TK_1977",1977-06-09,"NL_Vondeling_Anne_1916",150
"NL_NT-TK_1977",1977-06-09,"NL_Voogd_Joop_1916",150
"NL_NT-TK_1977",1977-06-09,"NL_Voortman_Arend_1930",150
"NL_NT-TK_1977",1977-06-09,"NL_Waalkens_Harry_1922",150
"NL_NT-TK_1977",1977-06-09,"NL_Weijers_Steef_1929",150
"NL_NT-TK_1977",1977-06-09,"NL_Westerterp_Tjerk_1930",150
"NL_NT-TK_1977",1977-06-09,"NL_Wiegel_Hans_1941",150
"NL_NT-TK_1977",1977-06-09,"NL_Wierenga_Ko_1933",150
"NL_NT-TK_1977",1977-06-09,"NL_Wisselink_Herman_1918",150
"NL_NT-TK_1977",1977-06-09,"NL_Woeltgens_Thijs_1943",150
"NL_NT-TK_1977",1977-06-09,"NL_Worrell_Joop_1938",150
"NL_NT-TK_1977",1977-06-09,"NL_Zeevalking_Henk_1922",150
"NL_NT-TK_1981",1981-06-11,"NL_Aarts_Harry_1930",150
"NL_NT-TK_1981",1981-06-11,"NL_Bakker_Ernst_1946",150
"NL_NT-TK_1981",1981-06-11,"NL_Bakker_Marcus_1923",150
"NL_NT-TK_1981",1981-06-11,"NL_Beckers_Ria_1938",150
"NL_NT-TK_1981",1981-06-11,"NL_Beelaerts_Pieter_1932",150
"NL_NT-TK_1981",1981-06-11,"NL_Beinema_Marten_1932",150
"NL_NT-TK_1981",1981-06-11,"NL_Blaauw_Jan_1941",150
"NL_NT-TK_1981",1981-06-11,"NL_Blauw_Piet_1939",150
"NL_NT-TK_1981",1981-06-11,"NL_Bolkestein_Frits_1933",150
"NL_NT-TK_1981",1981-06-11,"NL_Braams_Reinier_1923",150
"NL_NT-TK_1981",1981-06-11,"NL_Braks_Gerrit_1933",150
"NL_NT-TK_1981",1981-06-11,"NL_Brinkhorst_Laurens_1937",150
"NL_NT-TK_1981",1981-06-11,"NL_Brokx_Gerrit_1933",150
"NL_NT-TK_1981",1981-06-11,"NL_Brouwer_Ina_1950",150
"NL_NT-TK_1981",1981-06-11,"NL_Buurmeijer_Flip_1940",150
"NL_NT-TK_1981",1981-06-11,"NL_Castricum_Frits_1947",150
"NL_NT-TK_1981",1981-06-11,"NL_Cornelissen_Dien_1924",150
"NL_NT-TK_1981",1981-06-11,"NL_Cornelissen_Pam_1934",150
"NL_NT-TK_1981",1981-06-11,"NL_Cotterell_Grace_1937",150
"NL_NT-TK_1981",1981-06-11,"NL_deBeer_Pol_1934",150
"NL_NT-TK_1981",1981-06-11,"NL_deBoer_Hans_1937",150
"NL_NT-TK_1981",1981-06-11,"NL_deBoer_Joep_1924",150
"NL_NT-TK_1981",1981-06-11,"NL_deBoois_Rie_1936",150
"NL_NT-TK_1981",1981-06-11,"NL_Dees_Dick_1944",150
"NL_NT-TK_1981",1981-06-11,"NL_Deetman_Wim_1945",150
"NL_NT-TK_1981",1981-06-11,"NL_deGraaf_Louw_1930",150
"NL_NT-TK_1981",1981-06-11,"NL_Dekker_Suzanne_1949",150
"NL_NT-TK_1981",1981-06-11,"NL_deKoning_Jan_1926",150
"NL_NT-TK_1981",1981-06-11,"NL_deKorte_Rudolf_1936",150
"NL_NT-TK_1981",1981-06-11,"NL_deKwaadsteniet_Willem_1928",150
"NL_NT-TK_1981",1981-06-11,"NL_denUyl_Joop_1919",150
"NL_NT-TK_1981",1981-06-11,"NL_dePree_Wilfried_1938",150
"NL_NT-TK_1981",1981-06-11,"NL_deRuiter_Job_1930",150
"NL_NT-TK_1981",1981-06-11,"NL_deVries_Bert_1938",150
"NL_NT-TK_1981",1981-06-11,"NL_deVries_Klaas_1943",150
"NL_NT-TK_1981",1981-06-11,"NL_deWaart_Jules_1942",150
"NL_NT-TK_1981",1981-06-11,"NL_Dijkman_Stef_1935",150
"NL_NT-TK_1981",1981-06-11,"NL_Dolman_Dick_1935",150
"NL_NT-TK_1981",1981-06-11,"NL_Duinker_Dirk_1934",150
"NL_NT-TK_1981",1981-06-11,"NL_Engwirda_Maarten_1943",150
"NL_NT-TK_1981",1981-06-11,"NL_Epema_Meiny_1930",150
"NL_NT-TK_1981",1981-06-11,"NL_Evenhuis_Albert_1941",150
"NL_NT-TK_1981",1981-06-11,"NL_Evenhuis_Hanske_1921",150
"NL_NT-TK_1981",1981-06-11,"NL_Eversdijk_Huib_1933",150
"NL_NT-TK_1981",1981-06-11,"NL_Faber_Sytze_1937",150
"NL_NT-TK_1981",1981-06-11,"NL_Frinking_Ton_1931",150
"NL_NT-TK_1981",1981-06-11,"NL_Gardeniers_Til_1925",150
"NL_NT-TK_1981",1981-06-11,"NL_Gerritse_Gerrit_1937",150
"NL_NT-TK_1981",1981-06-11,"NL_Ginjaar_Nell_1931",150
"NL_NT-TK_1981",1981-06-11,"NL_Groenman_Louise_1940",150
"NL_NT-TK_1981",1981-06-11,"NL_Gualtherie_Hans_1941",150
"NL_NT-TK_1981",1981-06-11,"NL_Haas_Ineke_1935",150
"NL_NT-TK_1981",1981-06-11,"NL_Hennekam_Ben_1941",150
"NL_NT-TK_1981",1981-06-11,"NL_Hermans_Loek_1951",150
"NL_NT-TK_1981",1981-06-11,"NL_Hermes_Ad_1929",150
"NL_NT-TK_1981",1981-06-11,"NL_Hermsen_Ben_1922",150
"NL_NT-TK_1981",1981-06-11,"NL_Jabaaij_Wijnie_1939",150
"NL_NT-TK_1981",1981-06-11,"NL_Jacobse_Huub_1925",150
"NL_NT-TK_1981",1981-06-11,"NL_Janmaat_Minouche_1945",150
"NL_NT-TK_1981",1981-06-11,"NL_Joekes_Theo_1923",150
"NL_NT-TK_1981",1981-06-11,"NL_Keja_Wim_1925",150
"NL_NT-TK_1981",1981-06-11,"NL_Knol_Henk_1931",150
"NL_NT-TK_1981",1981-06-11,"NL_Kohnstamm_Jacob_1949",150
"NL_NT-TK_1981",1981-06-11,"NL_Kombrink_Hans_1946",150
"NL_NT-TK_1981",1981-06-11,"NL_Konings_Martin_1929",150
"NL_NT-TK_1981",1981-06-11,"NL_Kosto_Aad_1938",150
"NL_NT-TK_1981",1981-06-11,"NL_Kraaijeveld_Jeltien_1932",150
"NL_NT-TK_1981",1981-06-11,"NL_Krajenbrink_Jan_1941",150
"NL_NT-TK_1981",1981-06-11,"NL_Lambers_Ineke_1946",150
"NL_NT-TK_1981",1981-06-11,"NL_Lankhorst_Peter_1947",150
"NL_NT-TK_1981",1981-06-11,"NL_Leerling_Meindert_1936",150
"NL_NT-TK_1981",1981-06-11,"NL_Lubbers_Ruud_1939",150
"NL_NT-TK_1981",1981-06-11,"NL_Mateman_Wim_1945",150
"NL_NT-TK_1981",1981-06-11,"NL_Meijer_Wim_1939",150
"NL_NT-TK_1981",1981-06-11,"NL_Mertens_Chel_1939",150
"NL_NT-TK_1981",1981-06-11,"NL_Mik_Gerrit_1922",150
"NL_NT-TK_1981",1981-06-11,"NL_Mommersteeg_Joep_1917",150
"NL_NT-TK_1981",1981-06-11,"NL_Moor_Frans_1940",150
"NL_NT-TK_1981",1981-06-11,"NL_Mueller_Ina_1927",150
"NL_NT-TK_1981",1981-06-11,"NL_Niessen_Frits_1936",150
"NL_NT-TK_1981",1981-06-11,"NL_Nijpels_Ed_1950",150
"NL_NT-TK_1981",1981-06-11,"NL_Nuis_Aad_1933",150
"NL_NT-TK_1981",1981-06-11,"NL_Nypels_Erwin_1933",150
"NL_NT-TK_1981",1981-06-11,"NL_Oomen_Ria_1950",150
"NL_NT-TK_1981",1981-06-11,"NL_Patijn_Schelto_1936",150
"NL_NT-TK_1981",1981-06-11,"NL_Ploeg_Ad_1927",150
"NL_NT-TK_1981",1981-06-11,"NL_Poppe_Stan_1924",150
"NL_NT-TK_1981",1981-06-11,"NL_Rienks_Hessel_1932",150
"NL_NT-TK_1981",1981-06-11,"NL_Rietkerk_Koos_1927",150
"NL_NT-TK_1981",1981-06-11,"NL_Roethof_Hein_1921",150
"NL_NT-TK_1981",1981-06-11,"NL_Salomons_Nora_1945",150
"NL_NT-TK_1981",1981-06-11,"NL_Schaapman_Ge_1926",150
"NL_NT-TK_1981",1981-06-11,"NL_Scherpenhuizen_Jaap_1934",150
"NL_NT-TK_1981",1981-06-11,"NL_Schutte_Gert_1939",150
"NL_NT-TK_1981",1981-06-11,"NL_Stemerdink_Bram_1936",150
"NL_NT-TK_1981",1981-06-11,"NL_Stoffelen_Piet_1939",150
"NL_NT-TK_1981",1981-06-11,"NL_Tazelaar_Rob_1937",150
"NL_NT-TK_1981",1981-06-11,"NL_terBeek_Relus_1944",150
"NL_NT-TK_1981",1981-06-11,"NL_Terlouw_Jan_1931",150
"NL_NT-TK_1981",1981-06-11,"NL_Terpstra_Erica_1943",150
"NL_NT-TK_1981",1981-06-11,"NL_terVeer_Pieter_1944",150
"NL_NT-TK_1981",1981-06-11,"NL_Tommel_Dick_1942",150
"NL_NT-TK_1981",1981-06-11,"NL_Toussaint_Rene_1928",150
"NL_NT-TK_1981",1981-06-11,"NL_Tripels_Max_1920",150
"NL_NT-TK_1981",1981-06-11,"NL_Tuinstra_Elida_1931",150
"NL_NT-TK_1981",1981-06-11,"NL_vanAgt_Dries_1931",150
"NL_NT-TK_1981",1981-06-11,"NL_vanAmelsvoort_Marius_1930",150
"NL_NT-TK_1981",1981-06-11,"NL_vanDam_Gerrit_1922",150
"NL_NT-TK_1981",1981-06-11,"NL_vanDam_Marcel_1938",150
"NL_NT-TK_1981",1981-06-11,"NL_vandenAnker_Kees_1931",150
"NL_NT-TK_1981",1981-06-11,"NL_vandenBergh_Harry_1942",150
"NL_NT-TK_1981",1981-06-11,"NL_vandenBroek_Hans_1936",150
"NL_NT-TK_1981",1981-06-11,"NL_vandenToorn_Rob_1947",150
"NL_NT-TK_1981",1981-06-11,"NL_vanderDoef_Jaap_1934",150
"NL_NT-TK_1981",1981-06-11,"NL_vanderHek_Arie_1938",150
"NL_NT-TK_1981",1981-06-11,"NL_vanderLinden_Rene_1943",150
"NL_NT-TK_1981",1981-06-11,"NL_vanderSanden_Piet_1924",150
"NL_NT-TK_1981",1981-06-11,"NL_vanderSpek_Fred_1923",150
"NL_NT-TK_1981",1981-06-11,"NL_vanderStoel_Max_1924",150
"NL_NT-TK_1981",1981-06-11,"NL_vanderVlies_Bas_1942",150
"NL_NT-TK_1981",1981-06-11,"NL_vanDijk_Kees_1931",150
"NL_NT-TK_1981",1981-06-11,"NL_vanDis_Cor_1923",150
"NL_NT-TK_1981",1981-06-11,"NL_vanErp_Broos_1933",150
"NL_NT-TK_1981",1981-06-11,"NL_vanEs_Andree_1953",150
"NL_NT-TK_1981",1981-06-11,"NL_vanHouwelingen_Jan_1939",150
"NL_NT-TK_1981",1981-06-11,"NL_vanKemenade_Jos_1937",150
"NL_NT-TK_1981",1981-06-11,"NL_vanLeijenhorst_Gerard_1928",150
"NL_NT-TK_1981",1981-06-11,"NL_vanNoord_Jan_1930",150
"NL_NT-TK_1981",1981-06-11,"NL_vanOoijen_David_1939",150
"NL_NT-TK_1981",1981-06-11,"NL_vanRossum_Henk_1919",150
"NL_NT-TK_1981",1981-06-11,"NL_vanThijn_Ed_1934",150
"NL_NT-TK_1981",1981-06-11,"NL_vanVlijmen_Thijs_1930",150
"NL_NT-TK_1981",1981-06-11,"NL_vanZeil_Piet_1927",150
"NL_NT-TK_1981",1981-06-11,"NL_Veldhuizen_Jan_1939",150
"NL_NT-TK_1981",1981-06-11,"NL_Waalkens_Harry_1922",150
"NL_NT-TK_1981",1981-06-11,"NL_Wagenaar_Aad_1940",150
"NL_NT-TK_1981",1981-06-11,"NL_Wallage_Jacques_1946",150
"NL_NT-TK_1981",1981-06-11,"NL_Waltmans_Henk_1930",150
"NL_NT-TK_1981",1981-06-11,"NL_Weijers_Steef_1929",150
"NL_NT-TK_1981",1981-06-11,"NL_Willems_Wilbert_1946",150
"NL_NT-TK_1981",1981-06-11,"NL_Woeltgens_Thijs_1943",150
"NL_NT-TK_1981",1981-06-11,"NL_Wolff_Joop_1927",150
"NL_NT-TK_1981",1981-06-11,"NL_Wolters_Frans_1943",150
"NL_NT-TK_1981",1981-06-11,"NL_Worrell_Joop_1938",150
"NL_NT-TK_1981",1981-06-11,"NL_Zijlstra_Kees_1931",150
"NL_NT-TK_1982",1982-09-17,"NL_Aarts_Harry_1930",150
"NL_NT-TK_1982",1982-09-17,"NL_Beckers_Ria_1938",150
"NL_NT-TK_1982",1982-09-17,"NL_Beinema_Marten_1932",150
"NL_NT-TK_1982",1982-09-17,"NL_Blaauw_Jan_1941",150
"NL_NT-TK_1982",1982-09-17,"NL_Blauw_Piet_1939",150
"NL_NT-TK_1982",1982-09-17,"NL_Bolkestein_Frits_1933",150
"NL_NT-TK_1982",1982-09-17,"NL_Braams_Reinier_1923",150
"NL_NT-TK_1982",1982-09-17,"NL_Braks_Gerrit_1933",150
"NL_NT-TK_1982",1982-09-17,"NL_Brinkhorst_Laurens_1937",150
"NL_NT-TK_1982",1982-09-17,"NL_Brouwer_Ina_1950",150
"NL_NT-TK_1982",1982-09-17,"NL_Buurmeijer_Flip_1940",150
"NL_NT-TK_1982",1982-09-17,"NL_Castricum_Frits_1947",150
"NL_NT-TK_1982",1982-09-17,"NL_Cornelissen_Dien_1924",150
"NL_NT-TK_1982",1982-09-17,"NL_Dales_Ien_1931",150
"NL_NT-TK_1982",1982-09-17,"NL_deBeer_Pol_1934",150
"NL_NT-TK_1982",1982-09-17,"NL_deBoer_Hans_1937",150
"NL_NT-TK_1982",1982-09-17,"NL_deBoer_Joep_1924",150
"NL_NT-TK_1982",1982-09-17,"NL_deBoois_Rie_1936",150
"NL_NT-TK_1982",1982-09-17,"NL_Dees_Dick_1944",150
"NL_NT-TK_1982",1982-09-17,"NL_Deetman_Wim_1945",150
"NL_NT-TK_1982",1982-09-17,"NL_deGraaf_Louw_1930",150
"NL_NT-TK_1982",1982-09-17,"NL_deGrave_Frank_1955",150
"NL_NT-TK_1982",1982-09-17,"NL_deKoning_Jan_1926",150
"NL_NT-TK_1982",1982-09-17,"NL_deKorte_Rudolf_1936",150
"NL_NT-TK_1982",1982-09-17,"NL_deKwaadsteniet_Willem_1928",150
"NL_NT-TK_1982",1982-09-17,"NL_denOuden_Greetje_1940",150
"NL_NT-TK_1982",1982-09-17,"NL_denUyl_Joop_1919",150
"NL_NT-TK_1982",1982-09-17,"NL_dePree_Wilfried_1938",150
"NL_NT-TK_1982",1982-09-17,"NL_deRuiter_Job_1930",150
"NL_NT-TK_1982",1982-09-17,"NL_deVries_Bert_1938",150
"NL_NT-TK_1982",1982-09-17,"NL_deVries_Klaas_1943",150
"NL_NT-TK_1982",1982-09-17,"NL_deWaart_Jules_1942",150
"NL_NT-TK_1982",1982-09-17,"NL_Dijkman_Stef_1935",150
"NL_NT-TK_1982",1982-09-17,"NL_Dolman_Dick_1935",150
"NL_NT-TK_1982",1982-09-17,"NL_Duinker_Dirk_1934",150
"NL_NT-TK_1982",1982-09-17,"NL_Engwirda_Maarten_1943",150
"NL_NT-TK_1982",1982-09-17,"NL_Eshuis_Evelien_1942",150
"NL_NT-TK_1982",1982-09-17,"NL_Evenhuis_Albert_1941",150
"NL_NT-TK_1982",1982-09-17,"NL_Evenhuis_Hanske_1921",150
"NL_NT-TK_1982",1982-09-17,"NL_Eversdijk_Huib_1933",150
"NL_NT-TK_1982",1982-09-17,"NL_Faber_Sytze_1937",150
"NL_NT-TK_1982",1982-09-17,"NL_Frinking_Ton_1931",150
"NL_NT-TK_1982",1982-09-17,"NL_Gerritse_Gerrit_1937",150
"NL_NT-TK_1982",1982-09-17,"NL_Ginjaar_Nell_1931",150
"NL_NT-TK_1982",1982-09-17,"NL_Groenman_Louise_1940",150
"NL_NT-TK_1982",1982-09-17,"NL_Gualtherie_Hans_1941",150
"NL_NT-TK_1982",1982-09-17,"NL_Haas_Ineke_1935",150
"NL_NT-TK_1982",1982-09-17,"NL_Hennekam_Ben_1941",150
"NL_NT-TK_1982",1982-09-17,"NL_Herfkens_Eveline_1952",150
"NL_NT-TK_1982",1982-09-17,"NL_Hermans_Loek_1951",150
"NL_NT-TK_1982",1982-09-17,"NL_Hermes_Ad_1929",150
"NL_NT-TK_1982",1982-09-17,"NL_Hermsen_Ben_1922",150
"NL_NT-TK_1982",1982-09-17,"NL_Hummel_Rein_1947",150
"NL_NT-TK_1982",1982-09-17,"NL_Jabaaij_Wijnie_1939",150
"NL_NT-TK_1982",1982-09-17,"NL_Jacobse_Huub_1925",150
"NL_NT-TK_1982",1982-09-17,"NL_Janmaat_Hans_1934",150
"NL_NT-TK_1982",1982-09-17,"NL_Joekes_Theo_1923",150
"NL_NT-TK_1982",1982-09-17,"NL_Jorritsma_Annemarie_1950",150
"NL_NT-TK_1982",1982-09-17,"NL_Keja_Wim_1925",150
"NL_NT-TK_1982",1982-09-17,"NL_Knol_Henk_1931",150
"NL_NT-TK_1982",1982-09-17,"NL_Kombrink_Hans_1946",150
"NL_NT-TK_1982",1982-09-17,"NL_Koning_Henk_1933",150
"NL_NT-TK_1982",1982-09-17,"NL_Konings_Martin_1929",150
"NL_NT-TK_1982",1982-09-17,"NL_Korthals_Benk_1944",150
"NL_NT-TK_1982",1982-09-17,"NL_Kosto_Aad_1938",150
"NL_NT-TK_1982",1982-09-17,"NL_Kraaijeveld_Jeltien_1932",150
"NL_NT-TK_1982",1982-09-17,"NL_Krajenbrink_Jan_1941",150
"NL_NT-TK_1982",1982-09-17,"NL_Kroes_Neelie_1941",150
"NL_NT-TK_1982",1982-09-17,"NL_Lambers_Ineke_1946",150
"NL_NT-TK_1982",1982-09-17,"NL_Lankhorst_Peter_1947",150
"NL_NT-TK_1982",1982-09-17,"NL_Leerling_Meindert_1936",150
"NL_NT-TK_1982",1982-09-17,"NL_Linschoten_Robin_1956",150
"NL_NT-TK_1982",1982-09-17,"NL_Lubbers_Ruud_1939",150
"NL_NT-TK_1982",1982-09-17,"NL_Mateman_Wim_1945",150
"NL_NT-TK_1982",1982-09-17,"NL_Meijer_Wim_1939",150
"NL_NT-TK_1982",1982-09-17,"NL_Mik_Gerrit_1922",150
"NL_NT-TK_1982",1982-09-17,"NL_Moor_Frans_1940",150
"NL_NT-TK_1982",1982-09-17,"NL_Mueller_Ina_1927",150
"NL_NT-TK_1982",1982-09-17,"NL_Niessen_Frits_1936",150
"NL_NT-TK_1982",1982-09-17,"NL_Nijpels_Ed_1950",150
"NL_NT-TK_1982",1982-09-17,"NL_Oomen_Ria_1950",150
"NL_NT-TK_1982",1982-09-17,"NL_Patijn_Schelto_1936",150
"NL_NT-TK_1982",1982-09-17,"NL_Ploeg_Ad_1927",150
"NL_NT-TK_1982",1982-09-17,"NL_Poppe_Stan_1924",150
"NL_NT-TK_1982",1982-09-17,"NL_Rempt_Len_1927",150
"NL_NT-TK_1982",1982-09-17,"NL_Rienks_Hessel_1932",150
"NL_NT-TK_1982",1982-09-17,"NL_Rietkerk_Koos_1927",150
"NL_NT-TK_1982",1982-09-17,"NL_Salomons_Nora_1945",150
"NL_NT-TK_1982",1982-09-17,"NL_Scherpenhuizen_Jaap_1934",150
"NL_NT-TK_1982",1982-09-17,"NL_Schreuders_Gijs_1947",150
"NL_NT-TK_1982",1982-09-17,"NL_Schutte_Gert_1939",150
"NL_NT-TK_1982",1982-09-17,"NL_Spieker_Bonno_1935",150
"NL_NT-TK_1982",1982-09-17,"NL_Stemerdink_Bram_1936",150
"NL_NT-TK_1982",1982-09-17,"NL_Stoffelen_Piet_1939",150
"NL_NT-TK_1982",1982-09-17,"NL_Tazelaar_Rob_1937",150
"NL_NT-TK_1982",1982-09-17,"NL_terBeek_Relus_1944",150
"NL_NT-TK_1982",1982-09-17,"NL_Terpstra_Erica_1943",150
"NL_NT-TK_1982",1982-09-17,"NL_terVeld_Elske_1944",150
"NL_NT-TK_1982",1982-09-17,"NL_teVeldhuis_Jan_1947",150
"NL_NT-TK_1982",1982-09-17,"NL_Toussaint_Rene_1928",150
"NL_NT-TK_1982",1982-09-17,"NL_Tripels_Max_1920",150
"NL_NT-TK_1982",1982-09-17,"NL_Tuinstra_Elida_1931",150
"NL_NT-TK_1982",1982-09-17,"NL_Ubels_Cathy_1928",150
"NL_NT-TK_1982",1982-09-17,"NL_vanAardenne_Gijs_1930",150
"NL_NT-TK_1982",1982-09-17,"NL_vanAgt_Dries_1931",150
"NL_NT-TK_1982",1982-09-17,"NL_vanAmelsvoort_Marius_1930",150
"NL_NT-TK_1982",1982-09-17,"NL_vanBaars_Ton_1922",150
"NL_NT-TK_1982",1982-09-17,"NL_vanDam_Gerrit_1922",150
"NL_NT-TK_1982",1982-09-17,"NL_vanDam_Marcel_1938",150
"NL_NT-TK_1982",1982-09-17,"NL_vandenAnker_Kees_1931",150
"NL_NT-TK_1982",1982-09-17,"NL_vandenBergh_Harry_1942",150
"NL_NT-TK_1982",1982-09-17,"NL_vandenBroek_Hans_1936",150
"NL_NT-TK_1982",1982-09-17,"NL_vandenToorn_Rob_1947",150
"NL_NT-TK_1982",1982-09-17,"NL_vanderDoef_Jaap_1934",150
"NL_NT-TK_1982",1982-09-17,"NL_vanderHek_Arie_1938",150
"NL_NT-TK_1982",1982-09-17,"NL_vanderLinden_Rene_1943",150
"NL_NT-TK_1982",1982-09-17,"NL_vanderLouw_Andre_1933",150
"NL_NT-TK_1982",1982-09-17,"NL_vanderSanden_Piet_1924",150
"NL_NT-TK_1982",1982-09-17,"NL_vanderSpek_Fred_1923",150
"NL_NT-TK_1982",1982-09-17,"NL_vanderVlies_Bas_1942",150
"NL_NT-TK_1982",1982-09-17,"NL_vanDijk_Kees_1931",150
"NL_NT-TK_1982",1982-09-17,"NL_vanDis_Cor_1923",150
"NL_NT-TK_1982",1982-09-17,"NL_vanEekelen_Wim_1931",150
"NL_NT-TK_1982",1982-09-17,"NL_vanErp_Broos_1933",150
"NL_NT-TK_1982",1982-09-17,"NL_vanEs_Andree_1953",150
"NL_NT-TK_1982",1982-09-17,"NL_vanHouwelingen_Jan_1939",150
"NL_NT-TK_1982",1982-09-17,"NL_vanKemenade_Jos_1937",150
"NL_NT-TK_1982",1982-09-17,"NL_vanLeijenhorst_Gerard_1928",150
"NL_NT-TK_1982",1982-09-17,"NL_vanNoord_Jan_1930",150
"NL_NT-TK_1982",1982-09-17,"NL_vanOoijen_David_1939",150
"NL_NT-TK_1982",1982-09-17,"NL_vanRey_Jos_1945",150
"NL_NT-TK_1982",1982-09-17,"NL_vanRossum_Henk_1919",150
"NL_NT-TK_1982",1982-09-17,"NL_vanThijn_Ed_1934",150
"NL_NT-TK_1982",1982-09-17,"NL_vanVlijmen_Thijs_1930",150
"NL_NT-TK_1982",1982-09-17,"NL_vanZeil_Piet_1927",150
"NL_NT-TK_1982",1982-09-17,"NL_Veldhoen_Henk_1944",150
"NL_NT-TK_1982",1982-09-17,"NL_Voorhoeve_Joris_1945",150
"NL_NT-TK_1982",1982-09-17,"NL_Waalkens_Harry_1922",150
"NL_NT-TK_1982",1982-09-17,"NL_Wagenaar_Aad_1940",150
"NL_NT-TK_1982",1982-09-17,"NL_Wallage_Jacques_1946",150
"NL_NT-TK_1982",1982-09-17,"NL_Weijers_Steef_1929",150
"NL_NT-TK_1982",1982-09-17,"NL_Weisglas_Frans_1946",150
"NL_NT-TK_1982",1982-09-17,"NL_Wiebenga_Jan_1947",150
"NL_NT-TK_1982",1982-09-17,"NL_Willems_Wilbert_1946",150
"NL_NT-TK_1982",1982-09-17,"NL_Woeltgens_Thijs_1943",150
"NL_NT-TK_1982",1982-09-17,"NL_Wolters_Frans_1943",150
"NL_NT-TK_1982",1982-09-17,"NL_Worrell_Joop_1938",150
"NL_NT-TK_1982",1982-09-17,"NL_Zijlstra_Kees_1931",150
"NL_NT-TK_1986",1986-06-04,"NL_Aarts_Harry_1930",150
"NL_NT-TK_1986",1986-06-04,"NL_Alders_Hans_1952",150
"NL_NT-TK_1986",1986-06-04,"NL_Beckers_Ria_1938",150
"NL_NT-TK_1986",1986-06-04,"NL_Beinema_Marten_1932",150
"NL_NT-TK_1986",1986-06-04,"NL_Blauw_Piet_1939",150
"NL_NT-TK_1986",1986-06-04,"NL_Bolkestein_Frits_1933",150
"NL_NT-TK_1986",1986-06-04,"NL_Borgman_Fred_1946",150
"NL_NT-TK_1986",1986-06-04,"NL_Braams_Reinier_1923",150
"NL_NT-TK_1986",1986-06-04,"NL_Braks_Gerrit_1933",150
"NL_NT-TK_1986",1986-06-04,"NL_Brinkman_Elco_1948",150
"NL_NT-TK_1986",1986-06-04,"NL_Brokx_Gerrit_1933",150
"NL_NT-TK_1986",1986-06-04,"NL_Buurmeijer_Flip_1940",150
"NL_NT-TK_1986",1986-06-04,"NL_Castricum_Frits_1947",150
"NL_NT-TK_1986",1986-06-04,"NL_Dales_Ien_1931",150
"NL_NT-TK_1986",1986-06-04,"NL_deBeer_Pol_1934",150
"NL_NT-TK_1986",1986-06-04,"NL_deBoer_Joep_1924",150
"NL_NT-TK_1986",1986-06-04,"NL_deBoois_Rie_1936",150
"NL_NT-TK_1986",1986-06-04,"NL_deCloe_Dick_1947",150
"NL_NT-TK_1986",1986-06-04,"NL_Dees_Dick_1944",150
"NL_NT-TK_1986",1986-06-04,"NL_Deetman_Wim_1945",150
"NL_NT-TK_1986",1986-06-04,"NL_deGraaf_Louw_1930",150
"NL_NT-TK_1986",1986-06-04,"NL_deGrave_Frank_1955",150
"NL_NT-TK_1986",1986-06-04,"NL_deHoop_Jaap_1948",150
"NL_NT-TK_1986",1986-06-04,"NL_deKoning_Jan_1926",150
"NL_NT-TK_1986",1986-06-04,"NL_deKorte_Rudolf_1936",150
"NL_NT-TK_1986",1986-06-04,"NL_deLeeuw_Johan_1953",150
"NL_NT-TK_1986",1986-06-04,"NL_denUyl_Joop_1919",150
"NL_NT-TK_1986",1986-06-04,"NL_dePree_Wilfried_1938",150
"NL_NT-TK_1986",1986-06-04,"NL_deVisser_Piet_1931",150
"NL_NT-TK_1986",1986-06-04,"NL_deVries_Bert_1938",150
"NL_NT-TK_1986",1986-06-04,"NL_deVries_Klaas_1943",150
"NL_NT-TK_1986",1986-06-04,"NL_Doelman_Ali_1932",150
"NL_NT-TK_1986",1986-06-04,"NL_Dolman_Dick_1935",150
"NL_NT-TK_1986",1986-06-04,"NL_Eisma_Doeke_1939",150
"NL_NT-TK_1986",1986-06-04,"NL_Engwirda_Maarten_1943",150
"NL_NT-TK_1986",1986-06-04,"NL_Evenhuis_Albert_1941",150
"NL_NT-TK_1986",1986-06-04,"NL_Eversdijk_Huib_1933",150
"NL_NT-TK_1986",1986-06-04,"NL_Franssen_Jan_1951",150
"NL_NT-TK_1986",1986-06-04,"NL_Frinking_Ton_1931",150
"NL_NT-TK_1986",1986-06-04,"NL_Frissen_Leon_1950",150
"NL_NT-TK_1986",1986-06-04,"NL_Gerritse_Gerrit_1937",150
"NL_NT-TK_1986",1986-06-04,"NL_Ginjaar_Nell_1931",150
"NL_NT-TK_1986",1986-06-04,"NL_Groenman_Louise_1940",150
"NL_NT-TK_1986",1986-06-04,"NL_Gualtherie_Hans_1941",150
"NL_NT-TK_1986",1986-06-04,"NL_Haas_Ineke_1935",150
"NL_NT-TK_1986",1986-06-04,"NL_Hennekam_Ben_1941",150
"NL_NT-TK_1986",1986-06-04,"NL_Herfkens_Eveline_1952",150
"NL_NT-TK_1986",1986-06-04,"NL_Hermans_Loek_1951",150
"NL_NT-TK_1986",1986-06-04,"NL_Hermes_Ad_1929",150
"NL_NT-TK_1986",1986-06-04,"NL_Hummel_Rein_1947",150
"NL_NT-TK_1986",1986-06-04,"NL_Huys_Servaas_1940",150
"NL_NT-TK_1986",1986-06-04,"NL_Jabaaij_Wijnie_1939",150
"NL_NT-TK_1986",1986-06-04,"NL_Joekes_Theo_1923",150
"NL_NT-TK_1986",1986-06-04,"NL_Knol_Henk_1931",150
"NL_NT-TK_1986",1986-06-04,"NL_Kohnstamm_Jacob_1949",150
"NL_NT-TK_1986",1986-06-04,"NL_Kok_Wim_1938",150
"NL_NT-TK_1986",1986-06-04,"NL_Kombrink_Hans_1946",150
"NL_NT-TK_1986",1986-06-04,"NL_Koning_Henk_1933",150
"NL_NT-TK_1986",1986-06-04,"NL_Korte_Virginie_1929",150
"NL_NT-TK_1986",1986-06-04,"NL_Korthals_Benk_1944",150
"NL_NT-TK_1986",1986-06-04,"NL_Kosto_Aad_1938",150
"NL_NT-TK_1986",1986-06-04,"NL_Kraaijeveld_Jeltien_1932",150
"NL_NT-TK_1986",1986-06-04,"NL_Krajenbrink_Jan_1941",150
"NL_NT-TK_1986",1986-06-04,"NL_Kroes_Neelie_1941",150
"NL_NT-TK_1986",1986-06-04,"NL_Laning_Frouwke_1937",150
"NL_NT-TK_1986",1986-06-04,"NL_Lankhorst_Peter_1947",150
"NL_NT-TK_1986",1986-06-04,"NL_Lansink_Ad_1934",150
"NL_NT-TK_1986",1986-06-04,"NL_Leerling_Meindert_1936",150
"NL_NT-TK_1986",1986-06-04,"NL_Leijnse_Frans_1947",150
"NL_NT-TK_1986",1986-06-04,"NL_Lilipaly_John_1943",150
"NL_NT-TK_1986",1986-06-04,"NL_Linschoten_Robin_1956",150
"NL_NT-TK_1986",1986-06-04,"NL_Lubbers_Ruud_1939",150
"NL_NT-TK_1986",1986-06-04,"NL_Mateman_Wim_1945",150
"NL_NT-TK_1986",1986-06-04,"NL_Meijer_Wim_1939",150
"NL_NT-TK_1986",1986-06-04,"NL_Melkert_Ad_1956",150
"NL_NT-TK_1986",1986-06-04,"NL_Moor_Frans_1940",150
"NL_NT-TK_1986",1986-06-04,"NL_Mueller_Ina_1927",150
"NL_NT-TK_1986",1986-06-04,"NL_Niessen_Frits_1936",150
"NL_NT-TK_1986",1986-06-04,"NL_Nijland_Jan_1935",150
"NL_NT-TK_1986",1986-06-04,"NL_Nijpels_Ed_1950",150
"NL_NT-TK_1986",1986-06-04,"NL_Nuis_Aad_1933",150
"NL_NT-TK_1986",1986-06-04,"NL_Nypels_Erwin_1933",150
"NL_NT-TK_1986",1986-06-04,"NL_Oomen_Ria_1950",150
"NL_NT-TK_1986",1986-06-04,"NL_Ploeg_Ad_1927",150
"NL_NT-TK_1986",1986-06-04,"NL_Poppe_Stan_1924",150
"NL_NT-TK_1986",1986-06-04,"NL_Pronk_Jan_1940",150
"NL_NT-TK_1986",1986-06-04,"NL_Rienks_Hessel_1932",150
"NL_NT-TK_1986",1986-06-04,"NL_Roethof_Hein_1921",150
"NL_NT-TK_1986",1986-06-04,"NL_Ruding_Onno_1939",150
"NL_NT-TK_1986",1986-06-04,"NL_Schaefer_Jan_1940",150
"NL_NT-TK_1986",1986-06-04,"NL_Schartman_Haje_1937",150
"NL_NT-TK_1986",1986-06-04,"NL_Scherpenhuizen_Jaap_1934",150
"NL_NT-TK_1986",1986-06-04,"NL_Schoo_Eegje_1944",150
"NL_NT-TK_1986",1986-06-04,"NL_Schutte_Gert_1939",150
"NL_NT-TK_1986",1986-06-04,"NL_Soutendijk_Marian_1948",150
"NL_NT-TK_1986",1986-06-04,"NL_Spieker_Bonno_1935",150
"NL_NT-TK_1986",1986-06-04,"NL_Stemerdink_Bram_1936",150
"NL_NT-TK_1986",1986-06-04,"NL_Stoffelen_Piet_1939",150
"NL_NT-TK_1986",1986-06-04,"NL_Swildens_Willie_1945",150
"NL_NT-TK_1986",1986-06-04,"NL_Tazelaar_Rob_1937",150
"NL_NT-TK_1986",1986-06-04,"NL_Tegelaar_Haty_1930",150
"NL_NT-TK_1986",1986-06-04,"NL_terBeek_Relus_1944",150
"NL_NT-TK_1986",1986-06-04,"NL_Terpstra_Erica_1943",150
"NL_NT-TK_1986",1986-06-04,"NL_Terpstra_Gerrit_1940",150
"NL_NT-TK_1986",1986-06-04,"NL_terVeld_Elske_1944",150
"NL_NT-TK_1986",1986-06-04,"NL_teVeldhuis_Jan_1947",150
"NL_NT-TK_1986",1986-06-04,"NL_Tommel_Dick_1942",150
"NL_NT-TK_1986",1986-06-04,"NL_Tuinstra_Klaas_1945",150
"NL_NT-TK_1986",1986-06-04,"NL_vanAmelsvoort_Marius_1930",150
"NL_NT-TK_1986",1986-06-04,"NL_vandeCamp_Wim_1953",150
"NL_NT-TK_1986",1986-06-04,"NL_vandenBerg_Koos_1942",150
"NL_NT-TK_1986",1986-06-04,"NL_vandenBergh_Harry_1942",150
"NL_NT-TK_1986",1986-06-04,"NL_vandenBroek_Hans_1936",150
"NL_NT-TK_1986",1986-06-04,"NL_vanderBurg_Vincent_1945",150
"NL_NT-TK_1986",1986-06-04,"NL_vanderHeijden_Frans_1938",150
"NL_NT-TK_1986",1986-06-04,"NL_vanderHek_Arie_1938",150
"NL_NT-TK_1986",1986-06-04,"NL_vanderLinden_Rene_1943",150
"NL_NT-TK_1986",1986-06-04,"NL_vanderSanden_Piet_1924",150
"NL_NT-TK_1986",1986-06-04,"NL_vanderVlies_Bas_1942",150
"NL_NT-TK_1986",1986-06-04,"NL_vanDijk_Kees_1931",150
"NL_NT-TK_1986",1986-06-04,"NL_vanDis_Cor_1923",150
"NL_NT-TK_1986",1986-06-04,"NL_vanEekelen_Wim_1931",150
"NL_NT-TK_1986",1986-06-04,"NL_vanEs_Andree_1953",150
"NL_NT-TK_1986",1986-06-04,"NL_vanGelder_Wim_1947",150
"NL_NT-TK_1986",1986-06-04,"NL_vanHouwelingen_Jan_1939",150
"NL_NT-TK_1986",1986-06-04,"NL_vanIersel_Joost_1940",150
"NL_NT-TK_1986",1986-06-04,"NL_vanLeijenhorst_Gerard_1928",150
"NL_NT-TK_1986",1986-06-04,"NL_vanMierlo_Hans_1931",150
"NL_NT-TK_1986",1986-06-04,"NL_vanNieuwenhoven_Jeltje_1943",150
"NL_NT-TK_1986",1986-06-04,"NL_vanNoord_Jan_1930",150
"NL_NT-TK_1986",1986-06-04,"NL_vanRey_Jos_1945",150
"NL_NT-TK_1986",1986-06-04,"NL_vanTraa_Maarten_1945",150
"NL_NT-TK_1986",1986-06-04,"NL_vanVlijmen_Thijs_1930",150
"NL_NT-TK_1986",1986-06-04,"NL_vanZeil_Piet_1927",150
"NL_NT-TK_1986",1986-06-04,"NL_Veldhoen_Henk_1944",150
"NL_NT-TK_1986",1986-06-04,"NL_Vermeend_Willem_1948",150
"NL_NT-TK_1986",1986-06-04,"NL_Verspaget_Josephine_1946",150
"NL_NT-TK_1986",1986-06-04,"NL_Voorhoeve_Joris_1945",150
"NL_NT-TK_1986",1986-06-04,"NL_Vos_Henk_1943",150
"NL_NT-TK_1986",1986-06-04,"NL_Vreugdenhil_Tom_1933",150
"NL_NT-TK_1986",1986-06-04,"NL_Vriens_Yvonne_1943",150
"NL_NT-TK_1986",1986-06-04,"NL_Wallage_Jacques_1946",150
"NL_NT-TK_1986",1986-06-04,"NL_Weijers_Steef_1929",150
"NL_NT-TK_1986",1986-06-04,"NL_Weisglas_Frans_1946",150
"NL_NT-TK_1986",1986-06-04,"NL_Wiebenga_Jan_1947",150
"NL_NT-TK_1986",1986-06-04,"NL_Woeltgens_Thijs_1943",150
"NL_NT-TK_1986",1986-06-04,"NL_Wolffensperger_Gerrit_1944",150
"NL_NT-TK_1986",1986-06-04,"NL_Wolters_Frans_1943",150
"NL_NT-TK_1986",1986-06-04,"NL_Worrell_Joop_1938",150
"NL_NT-TK_1986",1986-06-04,"NL_Zijlstra_Kees_1931",150
"NL_NT-TK_1989",1989-09-15,"NL_Aarts_Harry_1930",150
"NL_NT-TK_1989",1989-09-15,"NL_Achttienribbe_Jan_1943",150
"NL_NT-TK_1989",1989-09-15,"NL_Alders_Hans_1952",150
"NL_NT-TK_1989",1989-09-15,"NL_Apostolou_Thanasis_1946",150
"NL_NT-TK_1989",1989-09-15,"NL_Beckers_Ria_1938",150
"NL_NT-TK_1989",1989-09-15,"NL_Beijlen_Jacqueline_1953",150
"NL_NT-TK_1989",1989-09-15,"NL_Beinema_Marten_1932",150
"NL_NT-TK_1989",1989-09-15,"NL_Biesheuvel_Pieter_1949",150
"NL_NT-TK_1989",1989-09-15,"NL_Blauw_Piet_1939",150
"NL_NT-TK_1989",1989-09-15,"NL_Boers_Mieke_1946",150
"NL_NT-TK_1989",1989-09-15,"NL_Bolkestein_Frits_1933",150
"NL_NT-TK_1989",1989-09-15,"NL_Borgman_Fred_1946",150
"NL_NT-TK_1989",1989-09-15,"NL_Braks_Gerrit_1933",150
"NL_NT-TK_1989",1989-09-15,"NL_Brinkman_Elco_1948",150
"NL_NT-TK_1989",1989-09-15,"NL_Brouwer_Ina_1950",150
"NL_NT-TK_1989",1989-09-15,"NL_Bukman_Piet_1934",150
"NL_NT-TK_1989",1989-09-15,"NL_Buurmeijer_Flip_1940",150
"NL_NT-TK_1989",1989-09-15,"NL_Castricum_Frits_1947",150
"NL_NT-TK_1989",1989-09-15,"NL_deCloe_Dick_1947",150
"NL_NT-TK_1989",1989-09-15,"NL_Dees_Dick_1944",150
"NL_NT-TK_1989",1989-09-15,"NL_Deetman_Wim_1945",150
"NL_NT-TK_1989",1989-09-15,"NL_deGrave_Frank_1955",150
"NL_NT-TK_1989",1989-09-15,"NL_deHoop_Jaap_1948",150
"NL_NT-TK_1989",1989-09-15,"NL_deJong_Gerrit_1944",150
"NL_NT-TK_1989",1989-09-15,"NL_deKorte_Rudolf_1936",150
"NL_NT-TK_1989",1989-09-15,"NL_deLeeuw_Johan_1953",150
"NL_NT-TK_1989",1989-09-15,"NL_dePree_Wilfried_1938",150
"NL_NT-TK_1989",1989-09-15,"NL_deVries_Bert_1938",150
"NL_NT-TK_1989",1989-09-15,"NL_Dijkstal_Hans_1943",150
"NL_NT-TK_1989",1989-09-15,"NL_Doelman_Ali_1932",150
"NL_NT-TK_1989",1989-09-15,"NL_Dolman_Dick_1935",150
"NL_NT-TK_1989",1989-09-15,"NL_Eisma_Doeke_1939",150
"NL_NT-TK_1989",1989-09-15,"NL_Esselink_Berry_1944",150
"NL_NT-TK_1989",1989-09-15,"NL_Eversdijk_Huib_1933",150
"NL_NT-TK_1989",1989-09-15,"NL_Franssen_Jan_1951",150
"NL_NT-TK_1989",1989-09-15,"NL_Frinking_Ton_1931",150
"NL_NT-TK_1989",1989-09-15,"NL_Frissen_Leon_1950",150
"NL_NT-TK_1989",1989-09-15,"NL_Gerritse_Gerrit_1937",150
"NL_NT-TK_1989",1989-09-15,"NL_Ginjaar_Nell_1931",150
"NL_NT-TK_1989",1989-09-15,"NL_Groenman_Louise_1940",150
"NL_NT-TK_1989",1989-09-15,"NL_Gualtherie_Hans_1941",150
"NL_NT-TK_1989",1989-09-15,"NL_Haas_Ineke_1935",150
"NL_NT-TK_1989",1989-09-15,"NL_Heerma_Enneues_1944",150
"NL_NT-TK_1989",1989-09-15,"NL_Hennekam_Ben_1941",150
"NL_NT-TK_1989",1989-09-15,"NL_Herfkens_Eveline_1952",150
"NL_NT-TK_1989",1989-09-15,"NL_Hermans_Loek_1951",150
"NL_NT-TK_1989",1989-09-15,"NL_Hermes_Ad_1929",150
"NL_NT-TK_1989",1989-09-15,"NL_Huibers_Hans_1961",150
"NL_NT-TK_1989",1989-09-15,"NL_Huys_Servaas_1940",150
"NL_NT-TK_1989",1989-09-15,"NL_Janmaat_Hans_1934",150
"NL_NT-TK_1989",1989-09-15,"NL_Jorritsma_Annemarie_1950",150
"NL_NT-TK_1989",1989-09-15,"NL_Kalsbeek_Ella_1955",150
"NL_NT-TK_1989",1989-09-15,"NL_Koetje_Helmer_1953",150
"NL_NT-TK_1989",1989-09-15,"NL_Koffeman_Gert_1948",150
"NL_NT-TK_1989",1989-09-15,"NL_Kohnstamm_Jacob_1949",150
"NL_NT-TK_1989",1989-09-15,"NL_Kok_Wim_1938",150
"NL_NT-TK_1989",1989-09-15,"NL_Kombrink_Hans_1946",150
"NL_NT-TK_1989",1989-09-15,"NL_Koning_Henk_1933",150
"NL_NT-TK_1989",1989-09-15,"NL_Korthals_Benk_1944",150
"NL_NT-TK_1989",1989-09-15,"NL_Korthals_Frits_1931",150
"NL_NT-TK_1989",1989-09-15,"NL_Kosto_Aad_1938",150
"NL_NT-TK_1989",1989-09-15,"NL_Krajenbrink_Jan_1941",150
"NL_NT-TK_1989",1989-09-15,"NL_Laning_Frouwke_1937",150
"NL_NT-TK_1989",1989-09-15,"NL_Lankhorst_Peter_1947",150
"NL_NT-TK_1989",1989-09-15,"NL_Lansink_Ad_1934",150
"NL_NT-TK_1989",1989-09-15,"NL_Leerling_Meindert_1936",150
"NL_NT-TK_1989",1989-09-15,"NL_Leijnse_Frans_1947",150
"NL_NT-TK_1989",1989-09-15,"NL_Lilipaly_John_1943",150
"NL_NT-TK_1989",1989-09-15,"NL_Linschoten_Robin_1956",150
"NL_NT-TK_1989",1989-09-15,"NL_Lonink_Jan_1951",150
"NL_NT-TK_1989",1989-09-15,"NL_Lubbers_Ruud_1939",150
"NL_NT-TK_1989",1989-09-15,"NL_Mateman_Wim_1945",150
"NL_NT-TK_1989",1989-09-15,"NL_Melkert_Ad_1956",150
"NL_NT-TK_1989",1989-09-15,"NL_Moor_Frans_1940",150
"NL_NT-TK_1989",1989-09-15,"NL_Netelenbos_Tineke_1944",150
"NL_NT-TK_1989",1989-09-15,"NL_Niessen_Frits_1936",150
"NL_NT-TK_1989",1989-09-15,"NL_Nijhuis_Ad_1944",150
"NL_NT-TK_1989",1989-09-15,"NL_Nijland_Jan_1935",150
"NL_NT-TK_1989",1989-09-15,"NL_Nijpels_Ed_1950",150
"NL_NT-TK_1989",1989-09-15,"NL_Nuis_Aad_1933",150
"NL_NT-TK_1989",1989-09-15,"NL_Paulis_Walter_1933",150
"NL_NT-TK_1989",1989-09-15,"NL_Pronk_Jan_1940",150
"NL_NT-TK_1989",1989-09-15,"NL_Reitsma_Jacob_1945",150
"NL_NT-TK_1989",1989-09-15,"NL_Roosen_Riet_1934",150
"NL_NT-TK_1989",1989-09-15,"NL_Rosenmoeller_Paul_1956",150
"NL_NT-TK_1989",1989-09-15,"NL_Ruigrok_Marianne_1945",150
"NL_NT-TK_1989",1989-09-15,"NL_Schaefer_Jan_1940",150
"NL_NT-TK_1989",1989-09-15,"NL_Schartman_Haje_1937",150
"NL_NT-TK_1989",1989-09-15,"NL_Scheltema_Olga_1939",150
"NL_NT-TK_1989",1989-09-15,"NL_Schimmel_Arthie_1953",150
"NL_NT-TK_1989",1989-09-15,"NL_Schoots_Leo_1945",150
"NL_NT-TK_1989",1989-09-15,"NL_Schutte_Gert_1939",150
"NL_NT-TK_1989",1989-09-15,"NL_Smits_Ries_1944",150
"NL_NT-TK_1989",1989-09-15,"NL_Soutendijk_Marian_1948",150
"NL_NT-TK_1989",1989-09-15,"NL_Spieker_Bonno_1935",150
"NL_NT-TK_1989",1989-09-15,"NL_Stemerdink_Bram_1936",150
"NL_NT-TK_1989",1989-09-15,"NL_Stoffelen_Piet_1939",150
"NL_NT-TK_1989",1989-09-15,"NL_Swildens_Willie_1945",150
"NL_NT-TK_1989",1989-09-15,"NL_Tegelaar_Haty_1930",150
"NL_NT-TK_1989",1989-09-15,"NL_terBeek_Relus_1944",150
"NL_NT-TK_1989",1989-09-15,"NL_Terpstra_Erica_1943",150
"NL_NT-TK_1989",1989-09-15,"NL_Terpstra_Gerrit_1940",150
"NL_NT-TK_1989",1989-09-15,"NL_terVeer_Pieter_1944",150
"NL_NT-TK_1989",1989-09-15,"NL_terVeld_Elske_1944",150
"NL_NT-TK_1989",1989-09-15,"NL_teVeldhuis_Jan_1947",150
"NL_NT-TK_1989",1989-09-15,"NL_Tommel_Dick_1942",150
"NL_NT-TK_1989",1989-09-15,"NL_vanAmelsvoort_Marius_1930",150
"NL_NT-TK_1989",1989-09-15,"NL_vandeCamp_Wim_1953",150
"NL_NT-TK_1989",1989-09-15,"NL_vandenBerg_Joop_1941jun",150
"NL_NT-TK_1989",1989-09-15,"NL_vandenBerg_Koos_1942",150
"NL_NT-TK_1989",1989-09-15,"NL_vandenBroek_Hans_1936",150
"NL_NT-TK_1989",1989-09-15,"NL_vanderBurg_Vincent_1945",150
"NL_NT-TK_1989",1989-09-15,"NL_vanderHeijden_Frans_1938",150
"NL_NT-TK_1989",1989-09-15,"NL_vanderLinden_Rene_1943",150
"NL_NT-TK_1989",1989-09-15,"NL_vanderVaart_Koos_1950",150
"NL_NT-TK_1989",1989-09-15,"NL_vanderVlies_Bas_1942",150
"NL_NT-TK_1989",1989-09-15,"NL_vanDis_Cor_1923",150
"NL_NT-TK_1989",1989-09-15,"NL_vanEs_Andree_1953",150
"NL_NT-TK_1989",1989-09-15,"NL_vanGelder_Wim_1947",150
"NL_NT-TK_1989",1989-09-15,"NL_vanGijzel_Rob_1954",150
"NL_NT-TK_1989",1989-09-15,"NL_vanHeemskerck_Sari_1940",150
"NL_NT-TK_1989",1989-09-15,"NL_vanHouwelingen_Jan_1939",150
"NL_NT-TK_1989",1989-09-15,"NL_vanIersel_Joost_1940",150
"NL_NT-TK_1989",1989-09-15,"NL_vanLeijenhorst_Gerard_1928",150
"NL_NT-TK_1989",1989-09-15,"NL_vanMiddelkoop_Eimert_1949",150
"NL_NT-TK_1989",1989-09-15,"NL_vanMierlo_Hans_1931",150
"NL_NT-TK_1989",1989-09-15,"NL_vanNieuwenhoven_Jeltje_1943",150
"NL_NT-TK_1989",1989-09-15,"NL_vanNoord_Jan_1930",150
"NL_NT-TK_1989",1989-09-15,"NL_vanOtterloo_Gerrit_1949",150
"NL_NT-TK_1989",1989-09-15,"NL_vanRijn_Leni_1936",150
"NL_NT-TK_1989",1989-09-15,"NL_vanRooy_Yvonne_1951",150
"NL_NT-TK_1989",1989-09-15,"NL_vanTraa_Maarten_1945",150
"NL_NT-TK_1989",1989-09-15,"NL_vanVlijmen_Thijs_1930",150
"NL_NT-TK_1989",1989-09-15,"NL_vanVoorsttotVoorst_Berend_1944",150
"NL_NT-TK_1989",1989-09-15,"NL_Vermeend_Willem_1948",150
"NL_NT-TK_1989",1989-09-15,"NL_Versnel_Machteld_1940",150
"NL_NT-TK_1989",1989-09-15,"NL_Verspaget_Josephine_1946",150
"NL_NT-TK_1989",1989-09-15,"NL_Vliegenthart_Margo_1958",150
"NL_NT-TK_1989",1989-09-15,"NL_Voorhoeve_Joris_1945",150
"NL_NT-TK_1989",1989-09-15,"NL_Vos_Henk_1943",150
"NL_NT-TK_1989",1989-09-15,"NL_Wallage_Jacques_1946",150
"NL_NT-TK_1989",1989-09-15,"NL_Weisglas_Frans_1946",150
"NL_NT-TK_1989",1989-09-15,"NL_Wiebenga_Jan_1947",150
"NL_NT-TK_1989",1989-09-15,"NL_Willems_Wilbert_1946",150
"NL_NT-TK_1989",1989-09-15,"NL_Witteveen_Tineke_1947",150
"NL_NT-TK_1989",1989-09-15,"NL_Woeltgens_Thijs_1943",150
"NL_NT-TK_1989",1989-09-15,"NL_Wolffensperger_Gerrit_1944",150
"NL_NT-TK_1989",1989-09-15,"NL_Wolters_Frans_1943",150
"NL_NT-TK_1989",1989-09-15,"NL_Ybema_Gerrit_1945",150
"NL_NT-TK_1989",1989-09-15,"NL_Zijlstra_Kees_1931",150
"NL_NT-TK_1994",1994-05-18,"NL_Adelmund_Karin_1949",150
"NL_NT-TK_1994",1994-05-18,"NL_Aiking_Liesbeth_1928",150
"NL_NT-TK_1994",1994-05-18,"NL_Apostolou_Thanasis_1946",150
"NL_NT-TK_1994",1994-05-18,"NL_Augusteijn_Marijke_1944",150
"NL_NT-TK_1994",1994-05-18,"NL_Bakker_Bert_1958",150
"NL_NT-TK_1994",1994-05-18,"NL_Beinema_Marten_1932",150
"NL_NT-TK_1994",1994-05-18,"NL_Biesheuvel_Pieter_1949",150
"NL_NT-TK_1994",1994-05-18,"NL_Bijleveld_Ank_1962",150
"NL_NT-TK_1994",1994-05-18,"NL_Blaauw_Jan_1941",150
"NL_NT-TK_1994",1994-05-18,"NL_Blauw_Piet_1939",150
"NL_NT-TK_1994",1994-05-18,"NL_Boers_Mieke_1946",150
"NL_NT-TK_1994",1994-05-18,"NL_Bolkestein_Frits_1933",150
"NL_NT-TK_1994",1994-05-18,"NL_Boogaard_Leo_1928",150
"NL_NT-TK_1994",1994-05-18,"NL_Brinkman_Elco_1948",150
"NL_NT-TK_1994",1994-05-18,"NL_Bukman_Piet_1934",150
"NL_NT-TK_1994",1994-05-18,"NL_Buurmeijer_Flip_1940",150
"NL_NT-TK_1994",1994-05-18,"NL_Cherribi_Sam_1959",150
"NL_NT-TK_1994",1994-05-18,"NL_Cornielje_Clemens_1958",150
"NL_NT-TK_1994",1994-05-18,"NL_Crone_Ferd_1954",150
"NL_NT-TK_1994",1994-05-18,"NL_Dankers_Nancy_1949",150
"NL_NT-TK_1994",1994-05-18,"NL_deCloe_Dick_1947",150
"NL_NT-TK_1994",1994-05-18,"NL_Dees_Dick_1944",150
"NL_NT-TK_1994",1994-05-18,"NL_Deetman_Wim_1945",150
"NL_NT-TK_1994",1994-05-18,"NL_deGraaf_Thom_1957",150
"NL_NT-TK_1994",1994-05-18,"NL_deHoop_Jaap_1948",150
"NL_NT-TK_1994",1994-05-18,"NL_deJong_Gerrit_1944",150
"NL_NT-TK_1994",1994-05-18,"NL_deKoning_Marijn_1943",150
"NL_NT-TK_1994",1994-05-18,"NL_deKorte_Rudolf_1936",150
"NL_NT-TK_1994",1994-05-18,"NL_deVries_Bibi_1963",150
"NL_NT-TK_1994",1994-05-18,"NL_deVries_Monique_1947",150
"NL_NT-TK_1994",1994-05-18,"NL_Dijksma_Sharon_1971",150
"NL_NT-TK_1994",1994-05-18,"NL_Dijksman_Gerda_1957",150
"NL_NT-TK_1994",1994-05-18,"NL_Dijkstal_Hans_1943",150
"NL_NT-TK_1994",1994-05-18,"NL_Dittrich_Boris_1955",150
"NL_NT-TK_1994",1994-05-18,"NL_Doelman_Ali_1932",150
"NL_NT-TK_1994",1994-05-18,"NL_Duivesteijn_Adri_1950",150
"NL_NT-TK_1994",1994-05-18,"NL_Esselink_Berry_1944",150
"NL_NT-TK_1994",1994-05-18,"NL_Fermina_Hubert_1948",150
"NL_NT-TK_1994",1994-05-18,"NL_Franssen_Jan_1951",150
"NL_NT-TK_1994",1994-05-18,"NL_Gabor_Dzsingisz_1940",150
"NL_NT-TK_1994",1994-05-18,"NL_Giskes_Francine_1951",150
"NL_NT-TK_1994",1994-05-18,"NL_Groenman_Louise_1940",150
"NL_NT-TK_1994",1994-05-18,"NL_Heerma_Enneues_1944",150
"NL_NT-TK_1994",1994-05-18,"NL_Hendriks_Theo_1928",150
"NL_NT-TK_1994",1994-05-18,"NL_Hessing_Enric_1947",150
"NL_NT-TK_1994",1994-05-18,"NL_Hillen_Hans_1947",150
"NL_NT-TK_1994",1994-05-18,"NL_Hirsch_Ernst_1950",150
"NL_NT-TK_1994",1994-05-18,"NL_Hoekema_Jan_1952",150
"NL_NT-TK_1994",1994-05-18,"NL_Hoogervorst_Hans_1956",150
"NL_NT-TK_1994",1994-05-18,"NL_Janmaat_Hans_1934",150
"NL_NT-TK_1994",1994-05-18,"NL_Jorritsma_Annemarie_1950",150
"NL_NT-TK_1994",1994-05-18,"NL_Jorritsma_Joke_1941",150
"NL_NT-TK_1994",1994-05-18,"NL_Kalsbeek_Ella_1955",150
"NL_NT-TK_1994",1994-05-18,"NL_Kamp_Henk_1952",150
"NL_NT-TK_1994",1994-05-18,"NL_Kamp_Margreet_1942",150
"NL_NT-TK_1994",1994-05-18,"NL_Koekkoek_Alis_1945",150
"NL_NT-TK_1994",1994-05-18,"NL_Kohnstamm_Jacob_1949",150
"NL_NT-TK_1994",1994-05-18,"NL_Kok_Wim_1938",150
"NL_NT-TK_1994",1994-05-18,"NL_Korthals_Benk_1944",150
"NL_NT-TK_1994",1994-05-18,"NL_Kosto_Aad_1938",150
"NL_NT-TK_1994",1994-05-18,"NL_Lambrechts_Ursie_1955",150
"NL_NT-TK_1994",1994-05-18,"NL_Lansink_Ad_1934",150
"NL_NT-TK_1994",1994-05-18,"NL_Leerkes_Bertus_1922",150
"NL_NT-TK_1994",1994-05-18,"NL_Leers_Gerd_1951",150
"NL_NT-TK_1994",1994-05-18,"NL_Liemburg_Johanneke_1952",150
"NL_NT-TK_1994",1994-05-18,"NL_Lilipaly_John_1943",150
"NL_NT-TK_1994",1994-05-18,"NL_Linschoten_Robin_1956",150
"NL_NT-TK_1994",1994-05-18,"NL_Marijnissen_Jan_1952",150
"NL_NT-TK_1994",1994-05-18,"NL_Mateman_Wim_1945",150
"NL_NT-TK_1994",1994-05-18,"NL_Melkert_Ad_1956",150
"NL_NT-TK_1994",1994-05-18,"NL_Mulder_Nel_1936",150
"NL_NT-TK_1994",1994-05-18,"NL_Netelenbos_Tineke_1944",150
"NL_NT-TK_1994",1994-05-18,"NL_Nijpels_Jet_1947",150
"NL_NT-TK_1994",1994-05-18,"NL_Noorman_Saskia_1946",150
"NL_NT-TK_1994",1994-05-18,"NL_Nuis_Aad_1933",150
"NL_NT-TK_1994",1994-05-18,"NL_Oedayraj_Tara_1948",150
"NL_NT-TK_1994",1994-05-18,"NL_Oudkerk_Rob_1955",150
"NL_NT-TK_1994",1994-05-18,"NL_Poppe_Remi_1938",150
"NL_NT-TK_1994",1994-05-18,"NL_Pronk_Jan_1940",150
"NL_NT-TK_1994",1994-05-18,"NL_Rabbae_Mohamed_1941",150
"NL_NT-TK_1994",1994-05-18,"NL_Reitsma_Jacob_1945",150
"NL_NT-TK_1994",1994-05-18,"NL_Remkes_Johan_1951",150
"NL_NT-TK_1994",1994-05-18,"NL_Rijpstra_Jan_1955",150
"NL_NT-TK_1994",1994-05-18,"NL_Roethof_Guikje_1956",150
"NL_NT-TK_1994",1994-05-18,"NL_Rosenmoeller_Paul_1956",150
"NL_NT-TK_1994",1994-05-18,"NL_Rouvoet_Andre_1962",150
"NL_NT-TK_1994",1994-05-18,"NL_Rozenblad_Evan_1952",150
"NL_NT-TK_1994",1994-05-18,"NL_Scheltema_Olga_1939",150
"NL_NT-TK_1994",1994-05-18,"NL_Schimmel_Arthie_1953",150
"NL_NT-TK_1994",1994-05-18,"NL_Schutte_Gert_1939",150
"NL_NT-TK_1994",1994-05-18,"NL_Schuurman_Wil_1943",150
"NL_NT-TK_1994",1994-05-18,"NL_Sipkes_Leoni_1949",150
"NL_NT-TK_1994",1994-05-18,"NL_Smits_Ries_1944",150
"NL_NT-TK_1994",1994-05-18,"NL_Soutendijk_Marian_1948",150
"NL_NT-TK_1994",1994-05-18,"NL_Stellingwerf_Dick_1953",150
"NL_NT-TK_1994",1994-05-18,"NL_terBeek_Relus_1944",150
"NL_NT-TK_1994",1994-05-18,"NL_Terpstra_Erica_1943",150
"NL_NT-TK_1994",1994-05-18,"NL_Terpstra_Gerrit_1940",150
"NL_NT-TK_1994",1994-05-18,"NL_terVeer_Pieter_1944",150
"NL_NT-TK_1994",1994-05-18,"NL_teVeldhuis_Jan_1947",150
"NL_NT-TK_1994",1994-05-18,"NL_Tommel_Dick_1942",150
"NL_NT-TK_1994",1994-05-18,"NL_vanArdenne_Agnes_1950",150
"NL_NT-TK_1994",1994-05-18,"NL_vandeCamp_Wim_1953",150
"NL_NT-TK_1994",1994-05-18,"NL_vandenBerg_Koos_1942",150
"NL_NT-TK_1994",1994-05-18,"NL_vandenBos_Bob_1947",150
"NL_NT-TK_1994",1994-05-18,"NL_vanderBurg_Vincent_1945",150
"NL_NT-TK_1994",1994-05-18,"NL_vanderHeijden_Frans_1938",150
"NL_NT-TK_1994",1994-05-18,"NL_vanderHoeven_Maria_1949",150
"NL_NT-TK_1994",1994-05-18,"NL_vanderLinden_Rene_1943",150
"NL_NT-TK_1994",1994-05-18,"NL_vanderPloeg_Rick_1956",150
"NL_NT-TK_1994",1994-05-18,"NL_vanderStoel_Anne_1954",150
"NL_NT-TK_1994",1994-05-18,"NL_vanderVlies_Bas_1942",150
"NL_NT-TK_1994",1994-05-18,"NL_vanDijke_Leen_1955",150
"NL_NT-TK_1994",1994-05-18,"NL_vanErp_Broos_1933",150
"NL_NT-TK_1994",1994-05-18,"NL_vanGelder_Wim_1947",150
"NL_NT-TK_1994",1994-05-18,"NL_vanHeemskerck_Sari_1940",150
"NL_NT-TK_1994",1994-05-18,"NL_vanHeemst_Peter_1952",150
"NL_NT-TK_1994",1994-05-18,"NL_vanHoof_Henk_1947",150
"NL_NT-TK_1994",1994-05-18,"NL_vanLente_Marijke_1954",150
"NL_NT-TK_1994",1994-05-18,"NL_vanMiddelkoop_Eimert_1949",150
"NL_NT-TK_1994",1994-05-18,"NL_vanMierlo_Hans_1931",150
"NL_NT-TK_1994",1994-05-18,"NL_vanNieuwenhoven_Jeltje_1943",150
"NL_NT-TK_1994",1994-05-18,"NL_vanOven_Gerritjan_1948",150
"NL_NT-TK_1994",1994-05-18,"NL_vanRey_Jos_1945",150
"NL_NT-TK_1994",1994-05-18,"NL_vanRooy_Yvonne_1951",150
"NL_NT-TK_1994",1994-05-18,"NL_vanTraa_Maarten_1945",150
"NL_NT-TK_1994",1994-05-18,"NL_vantRiet_Nicky_1948",150
"NL_NT-TK_1994",1994-05-18,"NL_vanWingerden_Cees_1927",150
"NL_NT-TK_1994",1994-05-18,"NL_vanZijl_Jan_1952",150
"NL_NT-TK_1994",1994-05-18,"NL_vanZuijlen_Marjet_1967",150
"NL_NT-TK_1994",1994-05-18,"NL_Verbugt_Nellie_1957",150
"NL_NT-TK_1994",1994-05-18,"NL_Verhagen_Maxime_1956",150
"NL_NT-TK_1994",1994-05-18,"NL_Verkerk_Will_1938",150
"NL_NT-TK_1994",1994-05-18,"NL_Vermeend_Willem_1948",150
"NL_NT-TK_1994",1994-05-18,"NL_Versnel_Machteld_1940",150
"NL_NT-TK_1994",1994-05-18,"NL_Verspaget_Josephine_1946",150
"NL_NT-TK_1994",1994-05-18,"NL_Vliegenthart_Margo_1958",150
"NL_NT-TK_1994",1994-05-18,"NL_Vos_Henk_1943",150
"NL_NT-TK_1994",1994-05-18,"NL_Vos_Marijke_1957",150
"NL_NT-TK_1994",1994-05-18,"NL_Voute_Hella_1943",150
"NL_NT-TK_1994",1994-05-18,"NL_Vreeman_Ruud_1947",150
"NL_NT-TK_1994",1994-05-18,"NL_Wallage_Jacques_1946",150
"NL_NT-TK_1994",1994-05-18,"NL_Weisglas_Frans_1946",150
"NL_NT-TK_1994",1994-05-18,"NL_Woeltgens_Thijs_1943",150
"NL_NT-TK_1994",1994-05-18,"NL_Wolffensperger_Gerrit_1944",150
"NL_NT-TK_1994",1994-05-18,"NL_Wolters_Frans_1943",150
"NL_NT-TK_1994",1994-05-18,"NL_Woltjer_Eisso_1942",150
"NL_NT-TK_1994",1994-05-18,"NL_Ybema_Gerrit_1945",150
"NL_NT-TK_1994",1994-05-18,"NL_Zijlstra_Martin_1944",150
"NL_NT-TK_1994",1994-05-18,"NL_Zonneveld_Cor_1954",150
"NL_NT-TK_1998",1998-05-20,"NL_Adelmund_Karin_1949",150
"NL_NT-TK_1998",1998-05-20,"NL_Albayrak_Nebahat_1968",150
"NL_NT-TK_1998",1998-05-20,"NL_Arib_Khadija_1960",150
"NL_NT-TK_1998",1998-05-20,"NL_Atsma_Joop_1956",150
"NL_NT-TK_1998",1998-05-20,"NL_Bakker_Bert_1958",150
"NL_NT-TK_1998",1998-05-20,"NL_Balkenende_Jan_1956",150
"NL_NT-TK_1998",1998-05-20,"NL_Barth_Marleen_1964",150
"NL_NT-TK_1998",1998-05-20,"NL_Belinfante_Judith_1943",150
"NL_NT-TK_1998",1998-05-20,"NL_Biesheuvel_Pieter_1949",150
"NL_NT-TK_1998",1998-05-20,"NL_Bijleveld_Ank_1962",150
"NL_NT-TK_1998",1998-05-20,"NL_Blaauw_Jan_1941",150
"NL_NT-TK_1998",1998-05-20,"NL_Bolkestein_Frits_1933",150
"NL_NT-TK_1998",1998-05-20,"NL_Borst_Els_1932",150
"NL_NT-TK_1998",1998-05-20,"NL_Bos_Wouter_1963",150
"NL_NT-TK_1998",1998-05-20,"NL_Buijs_Siem_1944",150
"NL_NT-TK_1998",1998-05-20,"NL_Bussemaker_Jet_1961",150
"NL_NT-TK_1998",1998-05-20,"NL_Cornielje_Clemens_1958",150
"NL_NT-TK_1998",1998-05-20,"NL_Crone_Ferd_1954",150
"NL_NT-TK_1998",1998-05-20,"NL_Dankers_Nancy_1949",150
"NL_NT-TK_1998",1998-05-20,"NL_deBoer_Margreeth_1939",150
"NL_NT-TK_1998",1998-05-20,"NL_deCloe_Dick_1947",150
"NL_NT-TK_1998",1998-05-20,"NL_deGraaf_Thom_1957",150
"NL_NT-TK_1998",1998-05-20,"NL_deGrave_Frank_1955",150
"NL_NT-TK_1998",1998-05-20,"NL_deHaan_Henk_1941",150
"NL_NT-TK_1998",1998-05-20,"NL_deHoop_Jaap_1948",150
"NL_NT-TK_1998",1998-05-20,"NL_deMilliano_Jacques_1955",150
"NL_NT-TK_1998",1998-05-20,"NL_deVries_Bibi_1963",150
"NL_NT-TK_1998",1998-05-20,"NL_deVries_Monique_1947",150
"NL_NT-TK_1998",1998-05-20,"NL_deWit_Jan_1945",150
"NL_NT-TK_1998",1998-05-20,"NL_Dijksma_Sharon_1971",150
"NL_NT-TK_1998",1998-05-20,"NL_Dijkstal_Hans_1943",150
"NL_NT-TK_1998",1998-05-20,"NL_Dittrich_Boris_1955",150
"NL_NT-TK_1998",1998-05-20,"NL_Duijkers_Desiree_1953",150
"NL_NT-TK_1998",1998-05-20,"NL_Duivesteijn_Adri_1950",150
"NL_NT-TK_1998",1998-05-20,"NL_Eisses_Klaasje_1944",150
"NL_NT-TK_1998",1998-05-20,"NL_Eurlings_Camiel_1973",150
"NL_NT-TK_1998",1998-05-20,"NL_Feenstra_Jaap_1954",150
"NL_NT-TK_1998",1998-05-20,"NL_Geluk_Jan_1950",150
"NL_NT-TK_1998",1998-05-20,"NL_Giskes_Francine_1951",150
"NL_NT-TK_1998",1998-05-20,"NL_Gortzak_Wouter_1931",150
"NL_NT-TK_1998",1998-05-20,"NL_Halsema_Femke_1966",150
"NL_NT-TK_1998",1998-05-20,"NL_Hamer_Mariette_1958",150
"NL_NT-TK_1998",1998-05-20,"NL_Harrewijn_Ab_1954",150
"NL_NT-TK_1998",1998-05-20,"NL_Hermann_Corrie_1932",150
"NL_NT-TK_1998",1998-05-20,"NL_Hessing_Enric_1947",150
"NL_NT-TK_1998",1998-05-20,"NL_Hillen_Hans_1947",150
"NL_NT-TK_1998",1998-05-20,"NL_Hoekema_Jan_1952",150
"NL_NT-TK_1998",1998-05-20,"NL_Hofstra_Pieter_1946",150
"NL_NT-TK_1998",1998-05-20,"NL_Hoogervorst_Hans_1956",150
"NL_NT-TK_1998",1998-05-20,"NL_Jorritsma_Annemarie_1950",150
"NL_NT-TK_1998",1998-05-20,"NL_Kalsbeek_Ella_1955",150
"NL_NT-TK_1998",1998-05-20,"NL_Kamp_Henk_1952",150
"NL_NT-TK_1998",1998-05-20,"NL_Kant_Agnes_1967",150
"NL_NT-TK_1998",1998-05-20,"NL_Karimi_Farah_1960",150
"NL_NT-TK_1998",1998-05-20,"NL_Klein_Jan_1949",150
"NL_NT-TK_1998",1998-05-20,"NL_Koenders_Bert_1958",150
"NL_NT-TK_1998",1998-05-20,"NL_Kok_Wim_1938",150
"NL_NT-TK_1998",1998-05-20,"NL_Korthals_Benk_1944",150
"NL_NT-TK_1998",1998-05-20,"NL_Kortram_Lucy_1948",150
"NL_NT-TK_1998",1998-05-20,"NL_Lambrechts_Ursie_1955",150
"NL_NT-TK_1998",1998-05-20,"NL_Leers_Gerd_1951",150
"NL_NT-TK_1998",1998-05-20,"NL_Marijnissen_Jan_1952",150
"NL_NT-TK_1998",1998-05-20,"NL_Meijer_Theo_1947",150
"NL_NT-TK_1998",1998-05-20,"NL_Melkert_Ad_1956",150
"NL_NT-TK_1998",1998-05-20,"NL_Middel_Bert_1952",150
"NL_NT-TK_1998",1998-05-20,"NL_Netelenbos_Tineke_1944",150
"NL_NT-TK_1998",1998-05-20,"NL_Nicolai_Atzo_1960",150
"NL_NT-TK_1998",1998-05-20,"NL_Niederer_Jacques_1960",150
"NL_NT-TK_1998",1998-05-20,"NL_Noorman_Saskia_1946",150
"NL_NT-TK_1998",1998-05-20,"NL_Oedayraj_Tara_1948",150
"NL_NT-TK_1998",1998-05-20,"NL_Oergue_Fadime_1968",150
"NL_NT-TK_1998",1998-05-20,"NL_Oplaat_Gert_1964",150
"NL_NT-TK_1998",1998-05-20,"NL_Oudkerk_Rob_1955",150
"NL_NT-TK_1998",1998-05-20,"NL_Passtoors_Wim_1944",150
"NL_NT-TK_1998",1998-05-20,"NL_Patijn_Michiel_1942",150
"NL_NT-TK_1998",1998-05-20,"NL_Poppe_Remi_1938",150
"NL_NT-TK_1998",1998-05-20,"NL_Pronk_Jan_1940",150
"NL_NT-TK_1998",1998-05-20,"NL_Rabbae_Mohamed_1941",150
"NL_NT-TK_1998",1998-05-20,"NL_Ravestein_Francisca_1952",150
"NL_NT-TK_1998",1998-05-20,"NL_Rehwinkel_Peter_1964",150
"NL_NT-TK_1998",1998-05-20,"NL_Reitsma_Jacob_1945",150
"NL_NT-TK_1998",1998-05-20,"NL_Remak_Patricia_1965",150
"NL_NT-TK_1998",1998-05-20,"NL_Remkes_Johan_1951",150
"NL_NT-TK_1998",1998-05-20,"NL_Rietkerk_Theo_1962",150
"NL_NT-TK_1998",1998-05-20,"NL_Rijpstra_Jan_1955",150
"NL_NT-TK_1998",1998-05-20,"NL_Rosenmoeller_Paul_1956",150
"NL_NT-TK_1998",1998-05-20,"NL_Ross_Clemence_1957",150
"NL_NT-TK_1998",1998-05-20,"NL_Rouvoet_Andre_1962",150
"NL_NT-TK_1998",1998-05-20,"NL_Scheltema_Olga_1939",150
"NL_NT-TK_1998",1998-05-20,"NL_Schimmel_Arthie_1953",150
"NL_NT-TK_1998",1998-05-20,"NL_Schreijer_Annie_1953",150
"NL_NT-TK_1998",1998-05-20,"NL_Schutte_Gert_1939",150
"NL_NT-TK_1998",1998-05-20,"NL_Smits_Jose_1957",150
"NL_NT-TK_1998",1998-05-20,"NL_Spoelman_Laurette_1964",150
"NL_NT-TK_1998",1998-05-20,"NL_Stellingwerf_Dick_1953",150
"NL_NT-TK_1998",1998-05-20,"NL_Stroeken_Theo_1939",150
"NL_NT-TK_1998",1998-05-20,"NL_Swildens_Willie_1945",150
"NL_NT-TK_1998",1998-05-20,"NL_Terpstra_Erica_1943",150
"NL_NT-TK_1998",1998-05-20,"NL_terVeer_Pieter_1944",150
"NL_NT-TK_1998",1998-05-20,"NL_teVeldhuis_Jan_1947",150
"NL_NT-TK_1998",1998-05-20,"NL_Timmermans_Frans_1961",150
"NL_NT-TK_1998",1998-05-20,"NL_Valk_Gerrit_1955",150
"NL_NT-TK_1998",1998-05-20,"NL_vanAartsen_Jozias_1947",150
"NL_NT-TK_1998",1998-05-20,"NL_vanArdenne_Agnes_1950",150
"NL_NT-TK_1998",1998-05-20,"NL_vanBeek_Willibrord_1949",150
"NL_NT-TK_1998",1998-05-20,"NL_vanBlerck_Anke_1944",150
"NL_NT-TK_1998",1998-05-20,"NL_vanBommel_Harry_1962",150
"NL_NT-TK_1998",1998-05-20,"NL_vanBoxtel_Roger_1954",150
"NL_NT-TK_1998",1998-05-20,"NL_vandeCamp_Wim_1953",150
"NL_NT-TK_1998",1998-05-20,"NL_vandenAkker_Hans_1942",150
"NL_NT-TK_1998",1998-05-20,"NL_vandenBerg_Koos_1942",150
"NL_NT-TK_1998",1998-05-20,"NL_vandenDoel_Theo_1952",150
"NL_NT-TK_1998",1998-05-20,"NL_vanderHoeven_Maria_1949",150
"NL_NT-TK_1998",1998-05-20,"NL_vanderKnaap_Cees_1951",150
"NL_NT-TK_1998",1998-05-20,"NL_vanderPloeg_Rick_1956",150
"NL_NT-TK_1998",1998-05-20,"NL_vanderStaaij_Kees_1968",150
"NL_NT-TK_1998",1998-05-20,"NL_vanderSteenhoven_Hugo_1953",150
"NL_NT-TK_1998",1998-05-20,"NL_vanderVlies_Bas_1942",150
"NL_NT-TK_1998",1998-05-20,"NL_vanDijke_Leen_1955",150
"NL_NT-TK_1998",1998-05-20,"NL_vanGent_Ineke_1957",150
"NL_NT-TK_1998",1998-05-20,"NL_vanGijzel_Rob_1954",150
"NL_NT-TK_1998",1998-05-20,"NL_vanHeemst_Peter_1952",150
"NL_NT-TK_1998",1998-05-20,"NL_vanHoof_Henk_1947",150
"NL_NT-TK_1998",1998-05-20,"NL_vanLente_Marijke_1954",150
"NL_NT-TK_1998",1998-05-20,"NL_vanMiddelkoop_Eimert_1949",150
"NL_NT-TK_1998",1998-05-20,"NL_vanMierlo_Hans_1931",150
"NL_NT-TK_1998",1998-05-20,"NL_vanNieuwenhoven_Jeltje_1943",150
"NL_NT-TK_1998",1998-05-20,"NL_vanOven_Gerritjan_1948",150
"NL_NT-TK_1998",1998-05-20,"NL_vanWijmen_Peter_1938",150
"NL_NT-TK_1998",1998-05-20,"NL_vanZijl_Jan_1952",150
"NL_NT-TK_1998",1998-05-20,"NL_vanZuijlen_Marjet_1967",150
"NL_NT-TK_1998",1998-05-20,"NL_Vendrik_Kees_1963",150
"NL_NT-TK_1998",1998-05-20,"NL_Verbugt_Nellie_1957",150
"NL_NT-TK_1998",1998-05-20,"NL_Verburg_Gerda_1957",150
"NL_NT-TK_1998",1998-05-20,"NL_Verhagen_Maxime_1956",150
"NL_NT-TK_1998",1998-05-20,"NL_Vermeend_Willem_1948",150
"NL_NT-TK_1998",1998-05-20,"NL_Visser_Marry_1940",150
"NL_NT-TK_1998",1998-05-20,"NL_Vliegenthart_Margo_1958",150
"NL_NT-TK_1998",1998-05-20,"NL_Voorhoeve_Joris_1945",150
"NL_NT-TK_1998",1998-05-20,"NL_Vos_Marijke_1957",150
"NL_NT-TK_1998",1998-05-20,"NL_Voute_Hella_1943",150
"NL_NT-TK_1998",1998-05-20,"NL_Wagenaar_Marja_1960",150
"NL_NT-TK_1998",1998-05-20,"NL_Wallage_Jacques_1946",150
"NL_NT-TK_1998",1998-05-20,"NL_Weekers_Frans_1967",150
"NL_NT-TK_1998",1998-05-20,"NL_Weisglas_Frans_1946",150
"NL_NT-TK_1998",1998-05-20,"NL_Wijn_Joop_1969",150
"NL_NT-TK_1998",1998-05-20,"NL_Ybema_Gerrit_1945",150
"NL_NT-TK_1998",1998-05-20,"NL_Zalm_Gerrit_1952",150
"NL_NT-TK_1998",1998-05-20,"NL_Zijlstra_Martin_1944",150
"NL_NT-TK_2002",2002-05-24,"NL_Aasted_Ine_1961",150
"NL_NT-TK_2002",2002-05-24,"NL_Adelmund_Karin_1949",150
"NL_NT-TK_2002",2002-05-24,"NL_Albayrak_Nebahat_1968",150
"NL_NT-TK_2002",2002-05-24,"NL_Alblas_Ton_1940",150
"NL_NT-TK_2002",2002-05-24,"NL_Arib_Khadija_1960",150
"NL_NT-TK_2002",2002-05-24,"NL_Atsma_Joop_1956",150
"NL_NT-TK_2002",2002-05-24,"NL_Azough_Naima_1972",150
"NL_NT-TK_2002",2002-05-24,"NL_Bakker_Bert_1958",150
"NL_NT-TK_2002",2002-05-24,"NL_Balkenende_Jan_1956",150
"NL_NT-TK_2002",2002-05-24,"NL_Benschop_Dick_1957",150
"NL_NT-TK_2002",2002-05-24,"NL_Bijlhout_Philomena_1957",150
"NL_NT-TK_2002",2002-05-24,"NL_Bonke_Vic_1940",150
"NL_NT-TK_2002",2002-05-24,"NL_Bos_Wouter_1963",150
"NL_NT-TK_2002",2002-05-24,"NL_Bruls_Hubert_1966",150
"NL_NT-TK_2002",2002-05-24,"NL_Buijs_Siem_1944",150
"NL_NT-TK_2002",2002-05-24,"NL_Bussemaker_Jet_1961",150
"NL_NT-TK_2002",2002-05-24,"NL_Coeruez_Coskun_1963",150
"NL_NT-TK_2002",2002-05-24,"NL_Cornielje_Clemens_1958",150
"NL_NT-TK_2002",2002-05-24,"NL_Crone_Ferd_1954",150
"NL_NT-TK_2002",2002-05-24,"NL_deGraaf_Theo_1942",150
"NL_NT-TK_2002",2002-05-24,"NL_deGraaf_Thom_1957",150
"NL_NT-TK_2002",2002-05-24,"NL_deGrave_Frank_1955",150
"NL_NT-TK_2002",2002-05-24,"NL_deHaan_Henk_1941",150
"NL_NT-TK_2002",2002-05-24,"NL_Dekker_Fred_1946",150
"NL_NT-TK_2002",2002-05-24,"NL_dePater_Marleen_1950",150
"NL_NT-TK_2002",2002-05-24,"NL_deRuiter_Piet_1956",150
"NL_NT-TK_2002",2002-05-24,"NL_deVries_Bibi_1963",150
"NL_NT-TK_2002",2002-05-24,"NL_deVries_Gijs_1956",150
"NL_NT-TK_2002",2002-05-24,"NL_deVries_Jan_1965",150
"NL_NT-TK_2002",2002-05-24,"NL_deVries_Klaas_1943",150
"NL_NT-TK_2002",2002-05-24,"NL_deVries_Monique_1947",150
"NL_NT-TK_2002",2002-05-24,"NL_deWit_Jan_1945",150
"NL_NT-TK_2002",2002-05-24,"NL_Dijksma_Sharon_1971",150
"NL_NT-TK_2002",2002-05-24,"NL_Dijkstal_Hans_1943",150
"NL_NT-TK_2002",2002-05-24,"NL_Dittrich_Boris_1955",150
"NL_NT-TK_2002",2002-05-24,"NL_Duivesteijn_Adri_1950",150
"NL_NT-TK_2002",2002-05-24,"NL_Duyvendak_Wijnand_1957",150
"NL_NT-TK_2002",2002-05-24,"NL_Eberhard_Cor_1947",150
"NL_NT-TK_2002",2002-05-24,"NL_Eerdmans_Joost_1971",150
"NL_NT-TK_2002",2002-05-24,"NL_Eurlings_Camiel_1973",150
"NL_NT-TK_2002",2002-05-24,"NL_Ferrier_Kathleen_1957",150
"NL_NT-TK_2002",2002-05-24,"NL_Gerkens_Arda_1965",150
"NL_NT-TK_2002",2002-05-24,"NL_Giskes_Francine_1951",150
"NL_NT-TK_2002",2002-05-24,"NL_Halsema_Femke_1966",150
"NL_NT-TK_2002",2002-05-24,"NL_Hamer_Mariette_1958",150
"NL_NT-TK_2002",2002-05-24,"NL_Herben_Mat_1952",150
"NL_NT-TK_2002",2002-05-24,"NL_Herfkens_Eveline_1952",150
"NL_NT-TK_2002",2002-05-24,"NL_Hermans_Loek_1951",150
"NL_NT-TK_2002",2002-05-24,"NL_Hessels_Jos_1965",150
"NL_NT-TK_2002",2002-05-24,"NL_Hofstra_Pieter_1946",150
"NL_NT-TK_2002",2002-05-24,"NL_Hoogendijk_Ferry_1933",150
"NL_NT-TK_2002",2002-05-24,"NL_Hoogervorst_Hans_1956",150
"NL_NT-TK_2002",2002-05-24,"NL_Huizinga_Tineke_1960",150
"NL_NT-TK_2002",2002-05-24,"NL_Jager_Rikus_1954",150
"NL_NT-TK_2002",2002-05-24,"NL_Janssen_Jim_1932",150
"NL_NT-TK_2002",2002-05-24,"NL_Jense_Dick_1949",150
"NL_NT-TK_2002",2002-05-24,"NL_Joldersma_Cisca_1964",150
"NL_NT-TK_2002",2002-05-24,"NL_Jorritsma_Annemarie_1950",150
"NL_NT-TK_2002",2002-05-24,"NL_Jukema_Gerlof_1958",150
"NL_NT-TK_2002",2002-05-24,"NL_Kalsbeek_Ella_1955",150
"NL_NT-TK_2002",2002-05-24,"NL_Kamp_Henk_1952",150
"NL_NT-TK_2002",2002-05-24,"NL_Kant_Agnes_1967",150
"NL_NT-TK_2002",2002-05-24,"NL_Karimi_Farah_1960",150
"NL_NT-TK_2002",2002-05-24,"NL_Koenders_Bert_1958",150
"NL_NT-TK_2002",2002-05-24,"NL_Koopmans_Ger_1962",150
"NL_NT-TK_2002",2002-05-24,"NL_Kortenhorst_Roland_1958",150
"NL_NT-TK_2002",2002-05-24,"NL_Korthals_Benk_1944",150
"NL_NT-TK_2002",2002-05-24,"NL_Lambrechts_Ursie_1955",150
"NL_NT-TK_2002",2002-05-24,"NL_Lazrak_Ali_1948",150
"NL_NT-TK_2002",2002-05-24,"NL_Marijnissen_Jan_1952",150
"NL_NT-TK_2002",2002-05-24,"NL_Mastwijk_Jan_1949",150
"NL_NT-TK_2002",2002-05-24,"NL_Meijer_Theo_1947",150
"NL_NT-TK_2002",2002-05-24,"NL_Melkert_Ad_1956",150
"NL_NT-TK_2002",2002-05-24,"NL_Mosterd_Aart_1949",150
"NL_NT-TK_2002",2002-05-24,"NL_Netelenbos_Tineke_1944",150
"NL_NT-TK_2002",2002-05-24,"NL_Nicolai_Atzo_1960",150
"NL_NT-TK_2002",2002-05-24,"NL_Noorman_Saskia_1946",150
"NL_NT-TK_2002",2002-05-24,"NL_Ormel_Henk_1955",150
"NL_NT-TK_2002",2002-05-24,"NL_Palm_Frits_1947",150
"NL_NT-TK_2002",2002-05-24,"NL_Rambocus_Nirmala_1950",150
"NL_NT-TK_2002",2002-05-24,"NL_Remkes_Johan_1951",150
"NL_NT-TK_2002",2002-05-24,"NL_Rietkerk_Theo_1962",150
"NL_NT-TK_2002",2002-05-24,"NL_Rijpstra_Jan_1955",150
"NL_NT-TK_2002",2002-05-24,"NL_Rosenmoeller_Paul_1956",150
"NL_NT-TK_2002",2002-05-24,"NL_Ross_Clemence_1957",150
"NL_NT-TK_2002",2002-05-24,"NL_Rouvoet_Andre_1962",150
"NL_NT-TK_2002",2002-05-24,"NL_Schonewille_Fred_1969",150
"NL_NT-TK_2002",2002-05-24,"NL_Schreijer_Annie_1953",150
"NL_NT-TK_2002",2002-05-24,"NL_Smolders_Hans_1960",150
"NL_NT-TK_2002",2002-05-24,"NL_Smulders_Harry_1942",150
"NL_NT-TK_2002",2002-05-24,"NL_Spies_Liesbeth_1966",150
"NL_NT-TK_2002",2002-05-24,"NL_Sterk_Mirjam_1973",150
"NL_NT-TK_2002",2002-05-24,"NL_Stuger_Olaf_1969",150
"NL_NT-TK_2002",2002-05-24,"NL_Teeven_Fred_1958",150
"NL_NT-TK_2002",2002-05-24,"NL_tenHoopen_Jan_1946",150
"NL_NT-TK_2002",2002-05-24,"NL_Terpstra_Erica_1943",150
"NL_NT-TK_2002",2002-05-24,"NL_teVeldhuis_Jan_1947",150
"NL_NT-TK_2002",2002-05-24,"NL_Tichelaar_Jacques_1953",150
"NL_NT-TK_2002",2002-05-24,"NL_Timmermans_Frans_1961",150
"NL_NT-TK_2002",2002-05-24,"NL_Tonkens_Evelien_1961",150
"NL_NT-TK_2002",2002-05-24,"NL_vanAartsen_Jozias_1947",150
"NL_NT-TK_2002",2002-05-24,"NL_vanArdenne_Agnes_1950",150
"NL_NT-TK_2002",2002-05-24,"NL_vanAs_Gerard_1944",150
"NL_NT-TK_2002",2002-05-24,"NL_vanBeek_Willibrord_1949",150
"NL_NT-TK_2002",2002-05-24,"NL_vanBlerck_Anke_1944",150
"NL_NT-TK_2002",2002-05-24,"NL_vanBochove_Bas_1950",150
"NL_NT-TK_2002",2002-05-24,"NL_vanBommel_Harry_1962",150
"NL_NT-TK_2002",2002-05-24,"NL_vandeCamp_Wim_1953",150
"NL_NT-TK_2002",2002-05-24,"NL_vandenBrand_Arie_1951",150
"NL_NT-TK_2002",2002-05-24,"NL_vandenBrink_Wien_1945",150
"NL_NT-TK_2002",2002-05-24,"NL_vanderHam_Boris_1973",150
"NL_NT-TK_2002",2002-05-24,"NL_vanderHoeven_Maria_1949",150
"NL_NT-TK_2002",2002-05-24,"NL_vanderKnaap_Cees_1951",150
"NL_NT-TK_2002",2002-05-24,"NL_vanderStaaij_Kees_1968",150
"NL_NT-TK_2002",2002-05-24,"NL_vanderVlies_Bas_1942",150
"NL_NT-TK_2002",2002-05-24,"NL_vanDijke_Leen_1955",150
"NL_NT-TK_2002",2002-05-24,"NL_vanGeel_Pieter_1951",150
"NL_NT-TK_2002",2002-05-24,"NL_vanGeen_Vivien_1946",150
"NL_NT-TK_2002",2002-05-24,"NL_vanGent_Ineke_1957",150
"NL_NT-TK_2002",2002-05-24,"NL_vanHaersma_Sybrand_1965",150
"NL_NT-TK_2002",2002-05-24,"NL_vanHeemst_Peter_1952",150
"NL_NT-TK_2002",2002-05-24,"NL_vanHoof_Henk_1947",150
"NL_NT-TK_2002",2002-05-24,"NL_vanLith_Erik_1972",150
"NL_NT-TK_2002",2002-05-24,"NL_vanNieuwenhoven_Jeltje_1943",150
"NL_NT-TK_2002",2002-05-24,"NL_vanOerle_Niny_1934",150
"NL_NT-TK_2002",2002-05-24,"NL_vanRuiten_Jan_1931",150
"NL_NT-TK_2002",2002-05-24,"NL_vanVelzen_Krista_1974",150
"NL_NT-TK_2002",2002-05-24,"NL_vanVroonhoven_Nicolien_1971",150
"NL_NT-TK_2002",2002-05-24,"NL_vanWinsen_Bart_1943",150
"NL_NT-TK_2002",2002-05-24,"NL_Varela_Joao_1974",150
"NL_NT-TK_2002",2002-05-24,"NL_Veling_Kars_1948",150
"NL_NT-TK_2002",2002-05-24,"NL_Vendrik_Kees_1963",150
"NL_NT-TK_2002",2002-05-24,"NL_Verburg_Gerda_1957",150
"NL_NT-TK_2002",2002-05-24,"NL_Vergeer_Fenna_1946",150
"NL_NT-TK_2002",2002-05-24,"NL_Verhagen_Maxime_1956",150
"NL_NT-TK_2002",2002-05-24,"NL_Vermeend_Willem_1948",150
"NL_NT-TK_2002",2002-05-24,"NL_Vietsch_Antoinette_1957",150
"NL_NT-TK_2002",2002-05-24,"NL_Vos_Marijke_1957",150
"NL_NT-TK_2002",2002-05-24,"NL_Voute_Hella_1943",150
"NL_NT-TK_2002",2002-05-24,"NL_Weisglas_Frans_1946",150
"NL_NT-TK_2002",2002-05-24,"NL_Wiersma_Harm_1953",150
"NL_NT-TK_2002",2002-05-24,"NL_Wijn_Joop_1969",150
"NL_NT-TK_2002",2002-05-24,"NL_Wolfsen_Aleid_1960",150
"NL_NT-TK_2002",2002-05-24,"NL_Zalm_Gerrit_1952",150
"NL_NT-TK_2002",2002-05-24,"NL_Zeroual_Fieroes_1972",150
"NL_NT-TK_2002",2002-05-24,"NL_Zvonar_Milos_1937",150
"NL_NT-TK_2003",2003-01-31,"NL_Adelmund_Karin_1949",150
"NL_NT-TK_2003",2003-01-31,"NL_Albayrak_Nebahat_1968",150
"NL_NT-TK_2003",2003-01-31,"NL_Algra_Rendert_1963",150
"NL_NT-TK_2003",2003-01-31,"NL_Aptroot_Charlie_1950",150
"NL_NT-TK_2003",2003-01-31,"NL_Arib_Khadija_1960",150
"NL_NT-TK_2003",2003-01-31,"NL_Atsma_Joop_1956",150
"NL_NT-TK_2003",2003-01-31,"NL_Bakker_Bert_1958",150
"NL_NT-TK_2003",2003-01-31,"NL_Balkenende_Jan_1956",150
"NL_NT-TK_2003",2003-01-31,"NL_Blok_Stef_1964",150
"NL_NT-TK_2003",2003-01-31,"NL_Blom_Luuk_1957",150
"NL_NT-TK_2003",2003-01-31,"NL_Boelhouwer_Jan_1950",150
"NL_NT-TK_2003",2003-01-31,"NL_Bos_Wouter_1963",150
"NL_NT-TK_2003",2003-01-31,"NL_Bruls_Hubert_1966",150
"NL_NT-TK_2003",2003-01-31,"NL_Buijs_Siem_1944",150
"NL_NT-TK_2003",2003-01-31,"NL_Bussemaker_Jet_1961",150
"NL_NT-TK_2003",2003-01-31,"NL_Coeruez_Coskun_1963",150
"NL_NT-TK_2003",2003-01-31,"NL_Cornielje_Clemens_1958",150
"NL_NT-TK_2003",2003-01-31,"NL_Crone_Ferd_1954",150
"NL_NT-TK_2003",2003-01-31,"NL_deGraaf_Thom_1957",150
"NL_NT-TK_2003",2003-01-31,"NL_deGrave_Frank_1955",150
"NL_NT-TK_2003",2003-01-31,"NL_deHaan_Henk_1941",150
"NL_NT-TK_2003",2003-01-31,"NL_deKrom_Paul_1963",150
"NL_NT-TK_2003",2003-01-31,"NL_deNeree_Frans_1943",150
"NL_NT-TK_2003",2003-01-31,"NL_dePater_Marleen_1950",150
"NL_NT-TK_2003",2003-01-31,"NL_Depla_Staf_1960",150
"NL_NT-TK_2003",2003-01-31,"NL_deRuiter_Piet_1956",150
"NL_NT-TK_2003",2003-01-31,"NL_deVries_Bibi_1963",150
"NL_NT-TK_2003",2003-01-31,"NL_deVries_Jan_1965",150
"NL_NT-TK_2003",2003-01-31,"NL_deVries_Klaas_1943",150
"NL_NT-TK_2003",2003-01-31,"NL_deWit_Jan_1945",150
"NL_NT-TK_2003",2003-01-31,"NL_Dijksma_Sharon_1971",150
"NL_NT-TK_2003",2003-01-31,"NL_Dijsselbloem_Jeroen_1966",150
"NL_NT-TK_2003",2003-01-31,"NL_Dittrich_Boris_1955",150
"NL_NT-TK_2003",2003-01-31,"NL_Douma_Kris_1961",150
"NL_NT-TK_2003",2003-01-31,"NL_Dubbelboer_Niesco_1962",150
"NL_NT-TK_2003",2003-01-31,"NL_Duivesteijn_Adri_1950",150
"NL_NT-TK_2003",2003-01-31,"NL_Duyvendak_Wijnand_1957",150
"NL_NT-TK_2003",2003-01-31,"NL_Eerdmans_Joost_1971",150
"NL_NT-TK_2003",2003-01-31,"NL_Eijsink_Angelien_1960",150
"NL_NT-TK_2003",2003-01-31,"NL_Eurlings_Camiel_1973",150
"NL_NT-TK_2003",2003-01-31,"NL_Ferrier_Kathleen_1957",150
"NL_NT-TK_2003",2003-01-31,"NL_Fierens_Thea_1950",150
"NL_NT-TK_2003",2003-01-31,"NL_Geluk_Jan_1950",150
"NL_NT-TK_2003",2003-01-31,"NL_Gerkens_Arda_1965",150
"NL_NT-TK_2003",2003-01-31,"NL_Giskes_Francine_1951",150
"NL_NT-TK_2003",2003-01-31,"NL_Griffith_Laetitia_1965",150
"NL_NT-TK_2003",2003-01-31,"NL_Halsema_Femke_1966",150
"NL_NT-TK_2003",2003-01-31,"NL_Hamer_Mariette_1958",150
"NL_NT-TK_2003",2003-01-31,"NL_Haverkamp_Maarten_1974",150
"NL_NT-TK_2003",2003-01-31,"NL_Heemskerk_Frank_1969",150
"NL_NT-TK_2003",2003-01-31,"NL_Herben_Mat_1952",150
"NL_NT-TK_2003",2003-01-31,"NL_Hermans_Max_1974",150
"NL_NT-TK_2003",2003-01-31,"NL_Hessels_Jos_1965",150
"NL_NT-TK_2003",2003-01-31,"NL_Hirsi_Ayaan_1969",150
"NL_NT-TK_2003",2003-01-31,"NL_Hofstra_Pieter_1946",150
"NL_NT-TK_2003",2003-01-31,"NL_Hoogervorst_Hans_1956",150
"NL_NT-TK_2003",2003-01-31,"NL_Huizinga_Tineke_1960",150
"NL_NT-TK_2003",2003-01-31,"NL_Jager_Rikus_1954",150
"NL_NT-TK_2003",2003-01-31,"NL_Joldersma_Cisca_1964",150
"NL_NT-TK_2003",2003-01-31,"NL_Kalsbeek_Ella_1955",150
"NL_NT-TK_2003",2003-01-31,"NL_Kamp_Henk_1952",150
"NL_NT-TK_2003",2003-01-31,"NL_Kant_Agnes_1967",150
"NL_NT-TK_2003",2003-01-31,"NL_Karimi_Farah_1960",150
"NL_NT-TK_2003",2003-01-31,"NL_Koenders_Bert_1958",150
"NL_NT-TK_2003",2003-01-31,"NL_Koopmans_Ger_1962",150
"NL_NT-TK_2003",2003-01-31,"NL_Kortenhorst_Roland_1958",150
"NL_NT-TK_2003",2003-01-31,"NL_Kraneveldt_Margot_1967",150
"NL_NT-TK_2003",2003-01-31,"NL_Kruijsen_Joanneke_1969",150
"NL_NT-TK_2003",2003-01-31,"NL_Lazrak_Ali_1948",150
"NL_NT-TK_2003",2003-01-31,"NL_Leerdam_John_1961",150
"NL_NT-TK_2003",2003-01-31,"NL_Marijnissen_Jan_1952",150
"NL_NT-TK_2003",2003-01-31,"NL_Mastwijk_Jan_1949",150
"NL_NT-TK_2003",2003-01-31,"NL_Meijer_Theo_1947",150
"NL_NT-TK_2003",2003-01-31,"NL_Mosterd_Aart_1949",150
"NL_NT-TK_2003",2003-01-31,"NL_Nawijn_Hilbrand_1948",150
"NL_NT-TK_2003",2003-01-31,"NL_Nicolai_Atzo_1960",150
"NL_NT-TK_2003",2003-01-31,"NL_Nijs_Annette_1961",150
"NL_NT-TK_2003",2003-01-31,"NL_Noorman_Saskia_1946",150
"NL_NT-TK_2003",2003-01-31,"NL_Oergue_Fadime_1968",150
"NL_NT-TK_2003",2003-01-31,"NL_Oplaat_Gert_1964",150
"NL_NT-TK_2003",2003-01-31,"NL_Ormel_Henk_1955",150
"NL_NT-TK_2003",2003-01-31,"NL_Rambocus_Nirmala_1950",150
"NL_NT-TK_2003",2003-01-31,"NL_Remkes_Johan_1951",150
"NL_NT-TK_2003",2003-01-31,"NL_Rietkerk_Theo_1962",150
"NL_NT-TK_2003",2003-01-31,"NL_Rijpstra_Jan_1955",150
"NL_NT-TK_2003",2003-01-31,"NL_Ross_Clemence_1957",150
"NL_NT-TK_2003",2003-01-31,"NL_Rouvoet_Andre_1962",150
"NL_NT-TK_2003",2003-01-31,"NL_Rutte_Mark_1967",150
"NL_NT-TK_2003",2003-01-31,"NL_Samsom_Diederik_1971",150
"NL_NT-TK_2003",2003-01-31,"NL_Schreijer_Annie_1953",150
"NL_NT-TK_2003",2003-01-31,"NL_Schultz_Melanie_1970",150
"NL_NT-TK_2003",2003-01-31,"NL_Slob_Arie_1961",150
"NL_NT-TK_2003",2003-01-31,"NL_Smeets_Pauline_1959",150
"NL_NT-TK_2003",2003-01-31,"NL_Smits_Jose_1957",150
"NL_NT-TK_2003",2003-01-31,"NL_Spies_Liesbeth_1966",150
"NL_NT-TK_2003",2003-01-31,"NL_Sterk_Mirjam_1973",150
"NL_NT-TK_2003",2003-01-31,"NL_Straub_Piet_1946",150
"NL_NT-TK_2003",2003-01-31,"NL_Stuurman_Hannie_1963",150
"NL_NT-TK_2003",2003-01-31,"NL_tenHoopen_Jan_1946",150
"NL_NT-TK_2003",2003-01-31,"NL_Terpstra_Erica_1943",150
"NL_NT-TK_2003",2003-01-31,"NL_Tichelaar_Jacques_1953",150
"NL_NT-TK_2003",2003-01-31,"NL_Timmer_Anja_1961",150
"NL_NT-TK_2003",2003-01-31,"NL_Timmermans_Frans_1961",150
"NL_NT-TK_2003",2003-01-31,"NL_Tjon_Varina_1952",150
"NL_NT-TK_2003",2003-01-31,"NL_Tonkens_Evelien_1961",150
"NL_NT-TK_2003",2003-01-31,"NL_vanAartsen_Jozias_1947",150
"NL_NT-TK_2003",2003-01-31,"NL_vanArdenne_Agnes_1950",150
"NL_NT-TK_2003",2003-01-31,"NL_vanAs_Gerard_1944",150
"NL_NT-TK_2003",2003-01-31,"NL_vanBaalen_Hans_1960",150
"NL_NT-TK_2003",2003-01-31,"NL_vanBeek_Willibrord_1949",150
"NL_NT-TK_2003",2003-01-31,"NL_vanBochove_Bas_1950",150
"NL_NT-TK_2003",2003-01-31,"NL_vanBommel_Harry_1962",150
"NL_NT-TK_2003",2003-01-31,"NL_vanDam_Martijn_1978",150
"NL_NT-TK_2003",2003-01-31,"NL_vandeCamp_Wim_1953",150
"NL_NT-TK_2003",2003-01-31,"NL_vandenBrand_Arie_1951",150
"NL_NT-TK_2003",2003-01-31,"NL_vandenBrink_Wien_1945",150
"NL_NT-TK_2003",2003-01-31,"NL_vanderHam_Boris_1973",150
"NL_NT-TK_2003",2003-01-31,"NL_vanderHoeven_Maria_1949",150
"NL_NT-TK_2003",2003-01-31,"NL_vanderKnaap_Cees_1951",150
"NL_NT-TK_2003",2003-01-31,"NL_vanderLaan_Lousewies_1966",150
"NL_NT-TK_2003",2003-01-31,"NL_vanderStaaij_Kees_1968",150
"NL_NT-TK_2003",2003-01-31,"NL_vanderVlies_Bas_1942",150
"NL_NT-TK_2003",2003-01-31,"NL_vanDijken_Marjo_1953",150
"NL_NT-TK_2003",2003-01-31,"NL_vanGeel_Pieter_1951",150
"NL_NT-TK_2003",2003-01-31,"NL_vanGent_Ineke_1957",150
"NL_NT-TK_2003",2003-01-31,"NL_vanHaersma_Sybrand_1965",150
"NL_NT-TK_2003",2003-01-31,"NL_vanHeemst_Peter_1952",150
"NL_NT-TK_2003",2003-01-31,"NL_vanHeteren_Godelieve_1958",150
"NL_NT-TK_2003",2003-01-31,"NL_vanLith_Erik_1972",150
"NL_NT-TK_2003",2003-01-31,"NL_vanMiltenburg_Anouchka_1967",150
"NL_NT-TK_2003",2003-01-31,"NL_vanNieuwenhoven_Jeltje_1943",150
"NL_NT-TK_2003",2003-01-31,"NL_vanOerle_Niny_1934",150
"NL_NT-TK_2003",2003-01-31,"NL_vanVelzen_Krista_1974",150
"NL_NT-TK_2003",2003-01-31,"NL_vanVroonhoven_Nicolien_1971",150
"NL_NT-TK_2003",2003-01-31,"NL_vanWinsen_Bart_1943",150
"NL_NT-TK_2003",2003-01-31,"NL_Varela_Joao_1974",150
"NL_NT-TK_2003",2003-01-31,"NL_Vendrik_Kees_1963",150
"NL_NT-TK_2003",2003-01-31,"NL_Verbeet_Gerdi_1951",150
"NL_NT-TK_2003",2003-01-31,"NL_Verburg_Gerda_1957",150
"NL_NT-TK_2003",2003-01-31,"NL_Verdaas_Co_1966",150
"NL_NT-TK_2003",2003-01-31,"NL_Vergeer_Fenna_1946",150
"NL_NT-TK_2003",2003-01-31,"NL_Verhagen_Maxime_1956",150
"NL_NT-TK_2003",2003-01-31,"NL_Vietsch_Antoinette_1957",150
"NL_NT-TK_2003",2003-01-31,"NL_Vos_Marijke_1957",150
"NL_NT-TK_2003",2003-01-31,"NL_Waalkens_Harm_1948",150
"NL_NT-TK_2003",2003-01-31,"NL_Weisglas_Frans_1946",150
"NL_NT-TK_2003",2003-01-31,"NL_Wijn_Joop_1969",150
"NL_NT-TK_2003",2003-01-31,"NL_Wilders_Geert_1963",150
"NL_NT-TK_2003",2003-01-31,"NL_Wolfsen_Aleid_1960",150
"NL_NT-TK_2003",2003-01-31,"NL_Zalm_Gerrit_1952",150
"NL_NT-TK_2006",2006-12-01,"NL_Abel_Ron_1950",150
"NL_NT-TK_2006",2006-12-01,"NL_Agema_Fleur_1976",150
"NL_NT-TK_2006",2006-12-01,"NL_Albayrak_Nebahat_1968",150
"NL_NT-TK_2006",2006-12-01,"NL_Aptroot_Charlie_1950",150
"NL_NT-TK_2006",2006-12-01,"NL_Atsma_Joop_1956",150
"NL_NT-TK_2006",2006-12-01,"NL_Azough_Naima_1972",150
"NL_NT-TK_2006",2006-12-01,"NL_Balkenende_Jan_1956",150
"NL_NT-TK_2006",2006-12-01,"NL_Besselink_Marianne_1972",150
"NL_NT-TK_2006",2006-12-01,"NL_Biskop_Jack_1956",150
"NL_NT-TK_2006",2006-12-01,"NL_Blanksma_Elly_1959",150
"NL_NT-TK_2006",2006-12-01,"NL_Blok_Stef_1964",150
"NL_NT-TK_2006",2006-12-01,"NL_Blom_Luuk_1957",150
"NL_NT-TK_2006",2006-12-01,"NL_Boekestijn_Arend_1959",150
"NL_NT-TK_2006",2006-12-01,"NL_Bos_Wouter_1963",150
"NL_NT-TK_2006",2006-12-01,"NL_Bosma_Martin_1964",150
"NL_NT-TK_2006",2006-12-01,"NL_Bouchibti_Samira_1970",150
"NL_NT-TK_2006",2006-12-01,"NL_Bouwmeester_Lea_1979",150
"NL_NT-TK_2006",2006-12-01,"NL_Brinkman_Hero_1964",150
"NL_NT-TK_2006",2006-12-01,"NL_Bussemaker_Jet_1961",150
"NL_NT-TK_2006",2006-12-01,"NL_Coeruez_Coskun_1963",150
"NL_NT-TK_2006",2006-12-01,"NL_Cramer_Ernst_1960",150
"NL_NT-TK_2006",2006-12-01,"NL_Crone_Ferd_1954",150
"NL_NT-TK_2006",2006-12-01,"NL_deKrom_Paul_1963",150
"NL_NT-TK_2006",2006-12-01,"NL_deNeree_Frans_1943",150
"NL_NT-TK_2006",2006-12-01,"NL_dePater_Marleen_1950",150
"NL_NT-TK_2006",2006-12-01,"NL_Depla_Staf_1960",150
"NL_NT-TK_2006",2006-12-01,"NL_deRooij_Nathalie_1973",150
"NL_NT-TK_2006",2006-12-01,"NL_deRoon_Raymond_1952",150
"NL_NT-TK_2006",2006-12-01,"NL_deVries_Jan_1965",150
"NL_NT-TK_2006",2006-12-01,"NL_deWit_Jan_1945",150
"NL_NT-TK_2006",2006-12-01,"NL_Dezentje_Ineke_1954",150
"NL_NT-TK_2006",2006-12-01,"NL_Dijksma_Sharon_1971",150
"NL_NT-TK_2006",2006-12-01,"NL_Dijsselbloem_Jeroen_1966",150
"NL_NT-TK_2006",2006-12-01,"NL_Donner_Piet_1948",150
"NL_NT-TK_2006",2006-12-01,"NL_Duyvendak_Wijnand_1957",150
"NL_NT-TK_2006",2006-12-01,"NL_Eijsink_Angelien_1960",150
"NL_NT-TK_2006",2006-12-01,"NL_Ferrier_Kathleen_1957",150
"NL_NT-TK_2006",2006-12-01,"NL_Fritsma_Sietse_1972",150
"NL_NT-TK_2006",2006-12-01,"NL_Gerkens_Arda_1965",150
"NL_NT-TK_2006",2006-12-01,"NL_Gesthuizen_Sharon_1976",150
"NL_NT-TK_2006",2006-12-01,"NL_Gillard_Chantal_1970",150
"NL_NT-TK_2006",2006-12-01,"NL_Graus_Dion_1967",150
"NL_NT-TK_2006",2006-12-01,"NL_Griffith_Laetitia_1965",150
"NL_NT-TK_2006",2006-12-01,"NL_Halsema_Femke_1966",150
"NL_NT-TK_2006",2006-12-01,"NL_Hamer_Mariette_1958",150
"NL_NT-TK_2006",2006-12-01,"NL_Haverkamp_Maarten_1974",150
"NL_NT-TK_2006",2006-12-01,"NL_Heerts_Ton_1966",150
"NL_NT-TK_2006",2006-12-01,"NL_Hessels_Jos_1965",150
"NL_NT-TK_2006",2006-12-01,"NL_Huizinga_Tineke_1960",150
"NL_NT-TK_2006",2006-12-01,"NL_Irrgang_Ewout_1976",150
"NL_NT-TK_2006",2006-12-01,"NL_Jacobi_Lutz_1955",150
"NL_NT-TK_2006",2006-12-01,"NL_Jager_Rikus_1954",150
"NL_NT-TK_2006",2006-12-01,"NL_Jansen_Paulus_1954",150
"NL_NT-TK_2006",2006-12-01,"NL_Joldersma_Cisca_1964",150
"NL_NT-TK_2006",2006-12-01,"NL_Kalma_Paul_1948",150
"NL_NT-TK_2006",2006-12-01,"NL_Kamp_Henk_1952",150
"NL_NT-TK_2006",2006-12-01,"NL_Kant_Agnes_1967",150
"NL_NT-TK_2006",2006-12-01,"NL_Karabulut_Sadet_1975",150
"NL_NT-TK_2006",2006-12-01,"NL_Koenders_Bert_1958",150
"NL_NT-TK_2006",2006-12-01,"NL_Koopmans_Ger_1962",150
"NL_NT-TK_2006",2006-12-01,"NL_Koppejan_Ad_1962",150
"NL_NT-TK_2006",2006-12-01,"NL_Kortenhorst_Jules_1961",150
"NL_NT-TK_2006",2006-12-01,"NL_Kortenhorst_Roland_1958",150
"NL_NT-TK_2006",2006-12-01,"NL_Koser_Fatma_1968",150
"NL_NT-TK_2006",2006-12-01,"NL_Kuiken_Attje_1977",150
"NL_NT-TK_2006",2006-12-01,"NL_Langkamp_Marianne_1971",150
"NL_NT-TK_2006",2006-12-01,"NL_Leerdam_John_1961",150
"NL_NT-TK_2006",2006-12-01,"NL_Leijten_Renske_1979",150
"NL_NT-TK_2006",2006-12-01,"NL_Lempens_Paul_1974",150
"NL_NT-TK_2006",2006-12-01,"NL_Luijben_Fons_1941",150
"NL_NT-TK_2006",2006-12-01,"NL_Madlener_Barry_1969",150
"NL_NT-TK_2006",2006-12-01,"NL_Marijnissen_Jan_1952",150
"NL_NT-TK_2006",2006-12-01,"NL_Mastwijk_Jan_1949",150
"NL_NT-TK_2006",2006-12-01,"NL_Nepperus_Helma_1950",150
"NL_NT-TK_2006",2006-12-01,"NL_Nicolai_Atzo_1960",150
"NL_NT-TK_2006",2006-12-01,"NL_Omtzigt_Pieter_1974",150
"NL_NT-TK_2006",2006-12-01,"NL_Ormel_Henk_1955",150
"NL_NT-TK_2006",2006-12-01,"NL_Ortega_Cynthia_1956",150
"NL_NT-TK_2006",2006-12-01,"NL_Ouwehand_Esther_1976",150
"NL_NT-TK_2006",2006-12-01,"NL_Pechtold_Alexander_1965",150
"NL_NT-TK_2006",2006-12-01,"NL_Peters_Mariko_1969",150
"NL_NT-TK_2006",2006-12-01,"NL_Poppe_Remi_1938",150
"NL_NT-TK_2006",2006-12-01,"NL_Remkes_Johan_1951",150
"NL_NT-TK_2006",2006-12-01,"NL_Roefs_Lia_1955",150
"NL_NT-TK_2006",2006-12-01,"NL_Roemer_Emile_1962",150
"NL_NT-TK_2006",2006-12-01,"NL_Rouvoet_Andre_1962",150
"NL_NT-TK_2006",2006-12-01,"NL_Rutte_Mark_1967",150
"NL_NT-TK_2006",2006-12-01,"NL_Samsom_Diederik_1971",150
"NL_NT-TK_2006",2006-12-01,"NL_Schermers_Janneke_1950",150
"NL_NT-TK_2006",2006-12-01,"NL_Schinkelshoek_Jan_1953",150
"NL_NT-TK_2006",2006-12-01,"NL_Schippers_Edith_1964",150
"NL_NT-TK_2006",2006-12-01,"NL_Schreijer_Annie_1953",150
"NL_NT-TK_2006",2006-12-01,"NL_Slob_Arie_1961",150
"NL_NT-TK_2006",2006-12-01,"NL_Smeets_Pauline_1959",150
"NL_NT-TK_2006",2006-12-01,"NL_Snijder_Janneke_1952",150
"NL_NT-TK_2006",2006-12-01,"NL_Spekman_Hans_1966",150
"NL_NT-TK_2006",2006-12-01,"NL_Spies_Liesbeth_1966",150
"NL_NT-TK_2006",2006-12-01,"NL_Sterk_Mirjam_1973",150
"NL_NT-TK_2006",2006-12-01,"NL_Teeven_Fred_1958",150
"NL_NT-TK_2006",2006-12-01,"NL_tenBroeke_Han_1969",150
"NL_NT-TK_2006",2006-12-01,"NL_tenHoopen_Jan_1946",150
"NL_NT-TK_2006",2006-12-01,"NL_Thieme_Marianne_1972",150
"NL_NT-TK_2006",2006-12-01,"NL_Tichelaar_Jacques_1953",150
"NL_NT-TK_2006",2006-12-01,"NL_Timmermans_Frans_1961",150
"NL_NT-TK_2006",2006-12-01,"NL_Ulenbelt_Paul_1952",150
"NL_NT-TK_2006",2006-12-01,"NL_vanBaalen_Hans_1960",150
"NL_NT-TK_2006",2006-12-01,"NL_vanBeek_Willibrord_1949",150
"NL_NT-TK_2006",2006-12-01,"NL_vanBochove_Bas_1950",150
"NL_NT-TK_2006",2006-12-01,"NL_vanBommel_Harry_1962",150
"NL_NT-TK_2006",2006-12-01,"NL_vanDam_Martijn_1978",150
"NL_NT-TK_2006",2006-12-01,"NL_vandeCamp_Wim_1953",150
"NL_NT-TK_2006",2006-12-01,"NL_vanderBurg_Brigitte_1961",150
"NL_NT-TK_2006",2006-12-01,"NL_vanderHam_Boris_1973",150
"NL_NT-TK_2006",2006-12-01,"NL_vanderHoeven_Maria_1949",150
"NL_NT-TK_2006",2006-12-01,"NL_vanderKnaap_Cees_1951",150
"NL_NT-TK_2006",2006-12-01,"NL_vanderStaaij_Kees_1968",150
"NL_NT-TK_2006",2006-12-01,"NL_vanderVeen_Eeke_1946",150
"NL_NT-TK_2006",2006-12-01,"NL_vanderVlies_Bas_1942",150
"NL_NT-TK_2006",2006-12-01,"NL_vanDijck_Teun_1963",150
"NL_NT-TK_2006",2006-12-01,"NL_vanDijk_Jan_1964",150
"NL_NT-TK_2006",2006-12-01,"NL_vanDijk_Jasper_1971",150
"NL_NT-TK_2006",2006-12-01,"NL_vanGeel_Pieter_1951",150
"NL_NT-TK_2006",2006-12-01,"NL_vanGennip_Karien_1968",150
"NL_NT-TK_2006",2006-12-01,"NL_vanGent_Ineke_1957",150
"NL_NT-TK_2006",2006-12-01,"NL_vanGerven_Henk_1955",150
"NL_NT-TK_2006",2006-12-01,"NL_vanGijlswijk_Rosita_1974",150
"NL_NT-TK_2006",2006-12-01,"NL_vanHaersma_Sybrand_1965",150
"NL_NT-TK_2006",2006-12-01,"NL_vanHeugten_Ruud_1961",150
"NL_NT-TK_2006",2006-12-01,"NL_vanHijum_Eddy_1972",150
"NL_NT-TK_2006",2006-12-01,"NL_vanLeeuwen_Hans_1952",150
"NL_NT-TK_2006",2006-12-01,"NL_vanMiltenburg_Anouchka_1967",150
"NL_NT-TK_2006",2006-12-01,"NL_vanRaak_Ronald_1969",150
"NL_NT-TK_2006",2006-12-01,"NL_vanVelzen_Krista_1974",150
"NL_NT-TK_2006",2006-12-01,"NL_vanVroonhoven_Nicolien_1971",150
"NL_NT-TK_2006",2006-12-01,"NL_Vendrik_Kees_1963",150
"NL_NT-TK_2006",2006-12-01,"NL_Verbeet_Gerdi_1951",150
"NL_NT-TK_2006",2006-12-01,"NL_Verburg_Gerda_1957",150
"NL_NT-TK_2006",2006-12-01,"NL_Verdonk_Rita_1955",150
"NL_NT-TK_2006",2006-12-01,"NL_Verhagen_Maxime_1956",150
"NL_NT-TK_2006",2006-12-01,"NL_Vermeij_Roos_1968",150
"NL_NT-TK_2006",2006-12-01,"NL_Voordewind_Joel_1965",150
"NL_NT-TK_2006",2006-12-01,"NL_Waalkens_Harm_1948",150
"NL_NT-TK_2006",2006-12-01,"NL_Weekers_Frans_1967",150
"NL_NT-TK_2006",2006-12-01,"NL_Wijn_Joop_1969",150
"NL_NT-TK_2006",2006-12-01,"NL_Wilders_Geert_1963",150
"NL_NT-TK_2006",2006-12-01,"NL_Wolbert_Agnes_1958",150
"NL_NT-TK_2006",2006-12-01,"NL_Wolfsen_Aleid_1960",150
"NL_NT-TK_2006",2006-12-01,"NL_Zijlstra_Halbe_1969",150
"NL_NT-TK_2006",2006-12-01,"NL_Dibi_Tofik_1980",150
"NL_NT-TK_2010",2010-06-18,"NL_Agema_Fleur_1976",150
"NL_NT-TK_2010",2010-06-18,"NL_Albayrak_Nebahat_1968",150
"NL_NT-TK_2010",2010-06-18,"NL_Aptroot_Charlie_1950",150
"NL_NT-TK_2010",2010-06-18,"NL_Arib_Khadija_1960",150
"NL_NT-TK_2010",2010-06-18,"NL_Atsma_Joop_1956",150
"NL_NT-TK_2010",2010-06-18,"NL_Azmani_Malik_1976",150
"NL_NT-TK_2010",2010-06-18,"NL_Bashir_Farshad_1988",150
"NL_NT-TK_2010",2010-06-18,"NL_Beertema_Harm_1952",150
"NL_NT-TK_2010",2010-06-18,"NL_Berndsen_Magda_1950",150
"NL_NT-TK_2010",2010-06-18,"NL_Bijleveld_Ank_1962",150
"NL_NT-TK_2010",2010-06-18,"NL_Blanksma_Elly_1959",150
"NL_NT-TK_2010",2010-06-18,"NL_Blok_Stef_1964",150
"NL_NT-TK_2010",2010-06-18,"NL_Bontes_Louis_1956",150
"NL_NT-TK_2010",2010-06-18,"NL_Bosma_Martin_1964",150
"NL_NT-TK_2010",2010-06-18,"NL_Bosman_Andre_1965",150
"NL_NT-TK_2010",2010-06-18,"NL_Bouwmeester_Lea_1979",150
"NL_NT-TK_2010",2010-06-18,"NL_Braakhuis_Bruno_1961",150
"NL_NT-TK_2010",2010-06-18,"NL_Brinkman_Hero_1964",150
"NL_NT-TK_2010",2010-06-18,"NL_Bruins_Hanke_1977",150
"NL_NT-TK_2010",2010-06-18,"NL_Celik_Metin_1970",150
"NL_NT-TK_2010",2010-06-18,"NL_Coeruez_Coskun_1963",150
"NL_NT-TK_2010",2010-06-18,"NL_Cohen_Job_1947",150
"NL_NT-TK_2010",2010-06-18,"NL_deBoer_Betty_1971",150
"NL_NT-TK_2010",2010-06-18,"NL_deJager_Jan_1969",150
"NL_NT-TK_2010",2010-06-18,"NL_deJong_Leon_1982",150
"NL_NT-TK_2010",2010-06-18,"NL_deKrom_Paul_1963",150
"NL_NT-TK_2010",2010-06-18,"NL_deMos_Richard_1976",150
"NL_NT-TK_2010",2010-06-18,"NL_deRoon_Raymond_1952",150
"NL_NT-TK_2010",2010-06-18,"NL_deRouwe_Sander_1980",150
"NL_NT-TK_2010",2010-06-18,"NL_deWit_Jan_1945",150
"NL_NT-TK_2010",2010-06-18,"NL_Dezentje_Ineke_1954",150
"NL_NT-TK_2010",2010-06-18,"NL_Dijkgraaf_Elbert_1970",150
"NL_NT-TK_2010",2010-06-18,"NL_Dijkhoff_Klaas_1981",150
"NL_NT-TK_2010",2010-06-18,"NL_Dijksma_Sharon_1971",150
"NL_NT-TK_2010",2010-06-18,"NL_Dijkstra_Pia_1954",150
"NL_NT-TK_2010",2010-06-18,"NL_Dijsselbloem_Jeroen_1966",150
"NL_NT-TK_2010",2010-06-18,"NL_Dikkers_Sjoera_1969",150
"NL_NT-TK_2010",2010-06-18,"NL_Dille_Willie_1965",150
"NL_NT-TK_2010",2010-06-18,"NL_Driessen_Johan_1981",150
"NL_NT-TK_2010",2010-06-18,"NL_Eijsink_Angelien_1960",150
"NL_NT-TK_2010",2010-06-18,"NL_elFassed_Arjan_1973",150
"NL_NT-TK_2010",2010-06-18,"NL_Elias_Ton_1955",150
"NL_NT-TK_2010",2010-06-18,"NL_Elissen_Andre_1960",150
"NL_NT-TK_2010",2010-06-18,"NL_Ferrier_Kathleen_1957",150
"NL_NT-TK_2010",2010-06-18,"NL_Fritsma_Sietse_1972",150
"NL_NT-TK_2010",2010-06-18,"NL_Gerbrands_Karen_1967",150
"NL_NT-TK_2010",2010-06-18,"NL_Gesthuizen_Sharon_1976",150
"NL_NT-TK_2010",2010-06-18,"NL_Graus_Dion_1967",150
"NL_NT-TK_2010",2010-06-18,"NL_Groot_Ed_1957",150
"NL_NT-TK_2010",2010-06-18,"NL_Hachchi_Wassila_1980",150
"NL_NT-TK_2010",2010-06-18,"NL_Halsema_Femke_1966",150
"NL_NT-TK_2010",2010-06-18,"NL_Hamer_Mariette_1958",150
"NL_NT-TK_2010",2010-06-18,"NL_Harbers_Mark_1969",150
"NL_NT-TK_2010",2010-06-18,"NL_Heijnen_Pierre_1953",150
"NL_NT-TK_2010",2010-06-18,"NL_Helder_Lilian_1973",150
"NL_NT-TK_2010",2010-06-18,"NL_Hennis_Jeanine_1973",150
"NL_NT-TK_2010",2010-06-18,"NL_Hernandez_Marcial_1974",150
"NL_NT-TK_2010",2010-06-18,"NL_Irrgang_Ewout_1976",150
"NL_NT-TK_2010",2010-06-18,"NL_Jacobi_Lutz_1955",150
"NL_NT-TK_2010",2010-06-18,"NL_Jadnanansing_Tanja_1967",150
"NL_NT-TK_2010",2010-06-18,"NL_Jansen_Paulus_1954",150
"NL_NT-TK_2010",2010-06-18,"NL_Karabulut_Sadet_1975",150
"NL_NT-TK_2010",2010-06-18,"NL_Klaver_Jesse_1986",150
"NL_NT-TK_2010",2010-06-18,"NL_Klijnsma_Jetta_1957",150
"NL_NT-TK_2010",2010-06-18,"NL_Klink_Ab_1958",150
"NL_NT-TK_2010",2010-06-18,"NL_Kooiman_Nine_1980",150
"NL_NT-TK_2010",2010-06-18,"NL_Koolmees_Wouter_1977",150
"NL_NT-TK_2010",2010-06-18,"NL_Koopmans_Ger_1962",150
"NL_NT-TK_2010",2010-06-18,"NL_Koppejan_Ad_1962",150
"NL_NT-TK_2010",2010-06-18,"NL_Kortenoeven_Wim_1955",150
"NL_NT-TK_2010",2010-06-18,"NL_Koser_Fatma_1968",150
"NL_NT-TK_2010",2010-06-18,"NL_Kuiken_Attje_1977",150
"NL_NT-TK_2010",2010-06-18,"NL_Leijten_Renske_1979",150
"NL_NT-TK_2010",2010-06-18,"NL_Lodders_Helma_1968",150
"NL_NT-TK_2010",2010-06-18,"NL_Lucas_Anne_1975",150
"NL_NT-TK_2010",2010-06-18,"NL_Lucassen_Eric_1974",150
"NL_NT-TK_2010",2010-06-18,"NL_Marcouch_Ahmed_1966",150
"NL_NT-TK_2010",2010-06-18,"NL_Monasch_Jacques_1962",150
"NL_NT-TK_2010",2010-06-18,"NL_Mulder_Anne_1969",150
"NL_NT-TK_2010",2010-06-18,"NL_Nepperus_Helma_1950",150
"NL_NT-TK_2010",2010-06-18,"NL_Nicolai_Atzo_1960",150
"NL_NT-TK_2010",2010-06-18,"NL_Ormel_Henk_1955",150
"NL_NT-TK_2010",2010-06-18,"NL_Ortega_Cynthia_1956",150
"NL_NT-TK_2010",2010-06-18,"NL_Ouwehand_Esther_1976",150
"NL_NT-TK_2010",2010-06-18,"NL_Pechtold_Alexander_1965",150
"NL_NT-TK_2010",2010-06-18,"NL_Peters_Mariko_1969",150
"NL_NT-TK_2010",2010-06-18,"NL_Plasterk_Ronald_1957",150
"NL_NT-TK_2010",2010-06-18,"NL_Recourt_Jeroen_1970",150
"NL_NT-TK_2010",2010-06-18,"NL_Roemer_Emile_1962",150
"NL_NT-TK_2010",2010-06-18,"NL_Rouvoet_Andre_1962",150
"NL_NT-TK_2010",2010-06-18,"NL_Rutte_Mark_1967",150
"NL_NT-TK_2010",2010-06-18,"NL_Samsom_Diederik_1971",150
"NL_NT-TK_2010",2010-06-18,"NL_Sap_Jolande_1963",150
"NL_NT-TK_2010",2010-06-18,"NL_Schaart_Afke_1973",150
"NL_NT-TK_2010",2010-06-18,"NL_Schippers_Edith_1964",150
"NL_NT-TK_2010",2010-06-18,"NL_Schouw_Gerard_1965",150
"NL_NT-TK_2010",2010-06-18,"NL_Sharpe_James_1962",150
"NL_NT-TK_2010",2010-06-18,"NL_Slob_Arie_1961",150
"NL_NT-TK_2010",2010-06-18,"NL_Smeets_Pauline_1959",150
"NL_NT-TK_2010",2010-06-18,"NL_Smilde_Margreeth_1954",150
"NL_NT-TK_2010",2010-06-18,"NL_Snijder_Janneke_1952",150
"NL_NT-TK_2010",2010-06-18,"NL_Spekman_Hans_1966",150
"NL_NT-TK_2010",2010-06-18,"NL_Sterk_Mirjam_1973",150
"NL_NT-TK_2010",2010-06-18,"NL_Teeven_Fred_1958",150
"NL_NT-TK_2010",2010-06-18,"NL_tenBroeke_Han_1969",150
"NL_NT-TK_2010",2010-06-18,"NL_Thieme_Marianne_1972",150
"NL_NT-TK_2010",2010-06-18,"NL_Timmermans_Frans_1961",150
"NL_NT-TK_2010",2010-06-18,"NL_Uitslag_Sabine_1973",150
"NL_NT-TK_2010",2010-06-18,"NL_Ulenbelt_Paul_1952",150
"NL_NT-TK_2010",2010-06-18,"NL_vanBeek_Willibrord_1949",150
"NL_NT-TK_2010",2010-06-18,"NL_vanBemmel_Jhim_1959",150
"NL_NT-TK_2010",2010-06-18,"NL_vanBijsterveldt_Marja_1961",150
"NL_NT-TK_2010",2010-06-18,"NL_vanBommel_Harry_1962",150
"NL_NT-TK_2010",2010-06-18,"NL_vanDam_Martijn_1978",150
"NL_NT-TK_2010",2010-06-18,"NL_vanDekken_Tjeerd_1967",150
"NL_NT-TK_2010",2010-06-18,"NL_vanderBurg_Brigitte_1961",150
"NL_NT-TK_2010",2010-06-18,"NL_vanderHam_Boris_1973",150
"NL_NT-TK_2010",2010-06-18,"NL_vanderStaaij_Kees_1968",150
"NL_NT-TK_2010",2010-06-18,"NL_vanderSteur_Ard_1969",150
"NL_NT-TK_2010",2010-06-18,"NL_vanderVeen_Eeke_1946",150
"NL_NT-TK_2010",2010-06-18,"NL_vanDijck_Teun_1963",150
"NL_NT-TK_2010",2010-06-18,"NL_vanDijk_Jasper_1971",150
"NL_NT-TK_2010",2010-06-18,"NL_vanGent_Ineke_1957",150
"NL_NT-TK_2010",2010-06-18,"NL_vanGerven_Henk_1955",150
"NL_NT-TK_2010",2010-06-18,"NL_vanHaersma_Sybrand_1965",150
"NL_NT-TK_2010",2010-06-18,"NL_vanHijum_Eddy_1972",150
"NL_NT-TK_2010",2010-06-18,"NL_vanKlaveren_Joram_1979",150
"NL_NT-TK_2010",2010-06-18,"NL_vanMiltenburg_Anouchka_1967",150
"NL_NT-TK_2010",2010-06-18,"NL_vanNieuwenhuizen_Cora_1963",150
"NL_NT-TK_2010",2010-06-18,"NL_vanRaak_Ronald_1969",150
"NL_NT-TK_2010",2010-06-18,"NL_vanTongeren_Liesbeth_1958",150
"NL_NT-TK_2010",2010-06-18,"NL_vanToorenburg_Madeleine_1968",150
"NL_NT-TK_2010",2010-06-18,"NL_vanVeldhoven_Stientje_1973",150
"NL_NT-TK_2010",2010-06-18,"NL_vanVliet_Roland_1969",150
"NL_NT-TK_2010",2010-06-18,"NL_Venrooy-vanArk_Tamara_1974",150
"NL_NT-TK_2010",2010-06-18,"NL_Verbeet_Gerdi_1951",150
"NL_NT-TK_2010",2010-06-18,"NL_Verburg_Gerda_1957",150
"NL_NT-TK_2010",2010-06-18,"NL_Verhagen_Maxime_1956",150
"NL_NT-TK_2010",2010-06-18,"NL_Verhoeven_Kees_1976",150
"NL_NT-TK_2010",2010-06-18,"NL_Vermeij_Roos_1968",150
"NL_NT-TK_2010",2010-06-18,"NL_Voordewind_Joel_1965",150
"NL_NT-TK_2010",2010-06-18,"NL_Voortman_Linda_1979",150
"NL_NT-TK_2010",2010-06-18,"NL_Weekers_Frans_1967",150
"NL_NT-TK_2010",2010-06-18,"NL_Wiegman_Esme_1975",150
"NL_NT-TK_2010",2010-06-18,"NL_Wilders_Geert_1963",150
"NL_NT-TK_2010",2010-06-18,"NL_Wolbert_Agnes_1958",150
"NL_NT-TK_2010",2010-06-18,"NL_Ziengs_Erik_1960",150
"NL_NT-TK_2010",2010-06-18,"NL_Zijlstra_Halbe_1969",150
"NL_NT-TK_2010",2010-06-18,"NL_Dibi_Tofik_1980",150
"NL_NT-TK_2012",2012-09-21,"NL_Agema_Fleur_1976",150
"NL_NT-TK_2012",2012-09-21,"NL_Arib_Khadija_1960",150
"NL_NT-TK_2012",2012-09-21,"NL_Azmani_Malik_1976",150
"NL_NT-TK_2012",2012-09-21,"NL_Bashir_Farshad_1988",150
"NL_NT-TK_2012",2012-09-21,"NL_Beertema_Harm_1952",150
"NL_NT-TK_2012",2012-09-21,"NL_Berckmoes_Ybeltje_1967",150
"NL_NT-TK_2012",2012-09-21,"NL_Bergkamp_Vera_1971",150
"NL_NT-TK_2012",2012-09-21,"NL_Berndsen_Magda_1950",150
"NL_NT-TK_2012",2012-09-21,"NL_Bisschop_Roelof_1956",150
"NL_NT-TK_2012",2012-09-21,"NL_Blok_Stef_1964",150
"NL_NT-TK_2012",2012-09-21,"NL_Bonis_Desiree_1959",150
"NL_NT-TK_2012",2012-09-21,"NL_Bontes_Louis_1956",150
"NL_NT-TK_2012",2012-09-21,"NL_Bosma_Martin_1964",150
"NL_NT-TK_2012",2012-09-21,"NL_Bosman_Andre_1965",150
"NL_NT-TK_2012",2012-09-21,"NL_Bouwmeester_Lea_1979",150
"NL_NT-TK_2012",2012-09-21,"NL_Bruins_Hanke_1977",150
"NL_NT-TK_2012",2012-09-21,"NL_deBoer_Betty_1971",150
"NL_NT-TK_2012",2012-09-21,"NL_deCaluwe_Ingrid_1967",150
"NL_NT-TK_2012",2012-09-21,"NL_deGraaf_Machiel_1969",150
"NL_NT-TK_2012",2012-09-21,"NL_deLiefde_Bart_1976",150
"NL_NT-TK_2012",2012-09-21,"NL_deRoon_Raymond_1952",150
"NL_NT-TK_2012",2012-09-21,"NL_deRouwe_Sander_1980",150
"NL_NT-TK_2012",2012-09-21,"NL_deVries_Albert_1955",150
"NL_NT-TK_2012",2012-09-21,"NL_deWit_Jan_1945",150
"NL_NT-TK_2012",2012-09-21,"NL_Dijkgraaf_Elbert_1970",150
"NL_NT-TK_2012",2012-09-21,"NL_Dijkhoff_Klaas_1981",150
"NL_NT-TK_2012",2012-09-21,"NL_Dijkstra_Pia_1954",150
"NL_NT-TK_2012",2012-09-21,"NL_Dijkstra_Remco_1972",150
"NL_NT-TK_2012",2012-09-21,"NL_Dijsselbloem_Jeroen_1966",150
"NL_NT-TK_2012",2012-09-21,"NL_Dik_Carla_1971",150
"NL_NT-TK_2012",2012-09-21,"NL_Dikkers_Sjoera_1969",150
"NL_NT-TK_2012",2012-09-21,"NL_Duisenberg_Pieter_1967",150
"NL_NT-TK_2012",2012-09-21,"NL_Eijsink_Angelien_1960",150
"NL_NT-TK_2012",2012-09-21,"NL_Elias_Ton_1955",150
"NL_NT-TK_2012",2012-09-21,"NL_Fokke_Manon_1976",150
"NL_NT-TK_2012",2012-09-21,"NL_Fritsma_Sietse_1972",150
"NL_NT-TK_2012",2012-09-21,"NL_Gesthuizen_Sharon_1976",150
"NL_NT-TK_2012",2012-09-21,"NL_Geurts_Jaco_1970",150
"NL_NT-TK_2012",2012-09-21,"NL_Graus_Dion_1967",150
"NL_NT-TK_2012",2012-09-21,"NL_Groot_Ed_1957",150
"NL_NT-TK_2012",2012-09-21,"NL_Hachchi_Wassila_1980",150
"NL_NT-TK_2012",2012-09-21,"NL_Hamer_Mariette_1958",150
"NL_NT-TK_2012",2012-09-21,"NL_Harbers_Mark_1969",150
"NL_NT-TK_2012",2012-09-21,"NL_Heerma_Pieter_1977",150
"NL_NT-TK_2012",2012-09-21,"NL_Heijnen_Pierre_1953",150
"NL_NT-TK_2012",2012-09-21,"NL_Helder_Lilian_1973",150
"NL_NT-TK_2012",2012-09-21,"NL_Hennis_Jeanine_1973",150
"NL_NT-TK_2012",2012-09-21,"NL_Hilkens_Myrthe_1979",150
"NL_NT-TK_2012",2012-09-21,"NL_Huizing_Matthijs_1960",150
"NL_NT-TK_2012",2012-09-21,"NL_Jacobi_Lutz_1955",150
"NL_NT-TK_2012",2012-09-21,"NL_Jadnanansing_Tanja_1967",150
"NL_NT-TK_2012",2012-09-21,"NL_Jansen_Paulus_1954",150
"NL_NT-TK_2012",2012-09-21,"NL_Karabulut_Sadet_1975",150
"NL_NT-TK_2012",2012-09-21,"NL_Keijzer_Mona_1968",150
"NL_NT-TK_2012",2012-09-21,"NL_Kerstens_John_1965",150
"NL_NT-TK_2012",2012-09-21,"NL_Klaver_Jesse_1986",150
"NL_NT-TK_2012",2012-09-21,"NL_Klein_Norbert_1956",150
"NL_NT-TK_2012",2012-09-21,"NL_Klever_Reinette_1967",150
"NL_NT-TK_2012",2012-09-21,"NL_Klijnsma_Jetta_1957",150
"NL_NT-TK_2012",2012-09-21,"NL_Knops_Raymond_1971",150
"NL_NT-TK_2012",2012-09-21,"NL_Kooiman_Nine_1980",150
"NL_NT-TK_2012",2012-09-21,"NL_Koolmees_Wouter_1977",150
"NL_NT-TK_2012",2012-09-21,"NL_Krol_Henk_1950",150
"NL_NT-TK_2012",2012-09-21,"NL_Kuiken_Attje_1977",150
"NL_NT-TK_2012",2012-09-21,"NL_Kuzu_Tunahan_1981",150
"NL_NT-TK_2012",2012-09-21,"NL_Leegte_Rene_1968",150
"NL_NT-TK_2012",2012-09-21,"NL_Leijten_Renske_1979",150
"NL_NT-TK_2012",2012-09-21,"NL_Litjens_Pieter_1968",150
"NL_NT-TK_2012",2012-09-21,"NL_Lodders_Helma_1968",150
"NL_NT-TK_2012",2012-09-21,"NL_Lucas_Anne_1975",150
"NL_NT-TK_2012",2012-09-21,"NL_Lucas_Antoinette_1975",150
"NL_NT-TK_2012",2012-09-21,"NL_Madlener_Barry_1969",150
"NL_NT-TK_2012",2012-09-21,"NL_Maij_Marit_1972",150
"NL_NT-TK_2012",2012-09-21,"NL_Marcouch_Ahmed_1966",150
"NL_NT-TK_2012",2012-09-21,"NL_Marcouch_Ahmed_1969",150
"NL_NT-TK_2012",2012-09-21,"NL_Merkies_Arnold_1968",150
"NL_NT-TK_2012",2012-09-21,"NL_Mohandis_Mohammed_1985",150
"NL_NT-TK_2012",2012-09-21,"NL_Monasch_Jacques_1962",150
"NL_NT-TK_2012",2012-09-21,"NL_Mulder_Agnes_1973",150
"NL_NT-TK_2012",2012-09-21,"NL_Mulder_Anne_1969",150
"NL_NT-TK_2012",2012-09-21,"NL_Nepp_Helma_1950",150
"NL_NT-TK_2012",2012-09-21,"NL_Nepperus_Helma_1950",150
"NL_NT-TK_2012",2012-09-21,"NL_Nijboer_Henk_1983",150
"NL_NT-TK_2012",2012-09-21,"NL_Omtzigt_Pieter_1974",150
"NL_NT-TK_2012",2012-09-21,"NL_Oosenbrug_Astrid_1968",150
"NL_NT-TK_2012",2012-09-21,"NL_Oskam_Peter_1960",150
"NL_NT-TK_2012",2012-09-21,"NL_Ouwehand_Esther_1976",150
"NL_NT-TK_2012",2012-09-21,"NL_Pechtold_Alexander_1965",150
"NL_NT-TK_2012",2012-09-21,"NL_Plasschaert_Jeanine_1973",150
"NL_NT-TK_2012",2012-09-21,"NL_Plasterk_Ronald_1957",150
"NL_NT-TK_2012",2012-09-21,"NL_Recourt_Jeroen_1970",150
"NL_NT-TK_2012",2012-09-21,"NL_Roemer_Emile_1962",150
"NL_NT-TK_2012",2012-09-21,"NL_Rog_Michel_1973",150
"NL_NT-TK_2012",2012-09-21,"NL_Rutte_Arno_1972",150
"NL_NT-TK_2012",2012-09-21,"NL_Rutte_Mark_1967",150
"NL_NT-TK_2012",2012-09-21,"NL_Samsom_Diederik_1971",150
"NL_NT-TK_2012",2012-09-21,"NL_Sap_Jolande_1963",150
"NL_NT-TK_2012",2012-09-21,"NL_Schippers_Edith_1964",150
"NL_NT-TK_2012",2012-09-21,"NL_Schouten_Carola_1977",150
"NL_NT-TK_2012",2012-09-21,"NL_Schouw_Gerard_1965",150
"NL_NT-TK_2012",2012-09-21,"NL_Schut_Anoushka_1969",150
"NL_NT-TK_2012",2012-09-21,"NL_Segers_Gert_1969",150
"NL_NT-TK_2012",2012-09-21,"NL_Servaes_Michiel_1972",150
"NL_NT-TK_2012",2012-09-21,"NL_Sjoerdsma_Sjoerd_1981",150
"NL_NT-TK_2012",2012-09-21,"NL_Slob_Arie_1961",150
"NL_NT-TK_2012",2012-09-21,"NL_Smits_Manja_1985",150
"NL_NT-TK_2012",2012-09-21,"NL_Staaij_Kees_1968",150
"NL_NT-TK_2012",2012-09-21,"NL_Straus_Karin_1971",150
"NL_NT-TK_2012",2012-09-21,"NL_Teeven_Fred_1958",150
"NL_NT-TK_2012",2012-09-21,"NL_Tellegen_Ockje_1974",150
"NL_NT-TK_2012",2012-09-21,"NL_tenBroeke_Han_1969",150
"NL_NT-TK_2012",2012-09-21,"NL_Thieme_Marianne_1972",150
"NL_NT-TK_2012",2012-09-21,"NL_Timmermans_Frans_1961",150
"NL_NT-TK_2012",2012-09-21,"NL_Ulenbelt_Paul_1952",150
"NL_NT-TK_2012",2012-09-21,"NL_vanArk_Tamara_1974",150
"NL_NT-TK_2012",2012-09-21,"NL_vanBommel_Harry_1962",150
"NL_NT-TK_2012",2012-09-21,"NL_vanDam_Martijn_1978",150
"NL_NT-TK_2012",2012-09-21,"NL_vanDekken_Tjeerd_1967",150
"NL_NT-TK_2012",2012-09-21,"NL_vanderBurg_Brigitte_1961",150
"NL_NT-TK_2012",2012-09-21,"NL_vanderStaaij_Kees_1968",150
"NL_NT-TK_2012",2012-09-21,"NL_vanderSteur_Ard_1969",150
"NL_NT-TK_2012",2012-09-21,"NL_vanDijck_Teun_1963",150
"NL_NT-TK_2012",2012-09-21,"NL_vanDijk_Jasper_1971",150
"NL_NT-TK_2012",2012-09-21,"NL_vanDijk_Otwin_1975",150
"NL_NT-TK_2012",2012-09-21,"NL_vanGerven_Henk_1955",150
"NL_NT-TK_2012",2012-09-21,"NL_vanHaersma_Sybrand_1965",150
"NL_NT-TK_2012",2012-09-21,"NL_vanHijum_Eddy_1972",150
"NL_NT-TK_2012",2012-09-21,"NL_vanKlaveren_Joram_1979",150
"NL_NT-TK_2012",2012-09-21,"NL_vanMeenen_Paul_1956",150
"NL_NT-TK_2012",2012-09-21,"NL_vanMiltenburg_Anouchka_1967",150
"NL_NT-TK_2012",2012-09-21,"NL_vanNieuwenhuizen_Cora_1963",150
"NL_NT-TK_2012",2012-09-21,"NL_vanOjik_Bram_1954",150
"NL_NT-TK_2012",2012-09-21,"NL_vanOosten_Foort_1977",150
"NL_NT-TK_2012",2012-09-21,"NL_vanRaak_Ronald_1969",150
"NL_NT-TK_2012",2012-09-21,"NL_vanTongeren_Liesbeth_1958",150
"NL_NT-TK_2012",2012-09-21,"NL_vanToorenburg_Madeleine_1968",150
"NL_NT-TK_2012",2012-09-21,"NL_vantWout_Bas_1979",150
"NL_NT-TK_2012",2012-09-21,"NL_vantWout_Bastiaan_1979",150
"NL_NT-TK_2012",2012-09-21,"NL_vanVeen_Michiel_1971",150
"NL_NT-TK_2012",2012-09-21,"NL_vanVeldhoven_Stientje_1973",150
"NL_NT-TK_2012",2012-09-21,"NL_vanVliet_Roland_1969",150
"NL_NT-TK_2012",2012-09-21,"NL_vanWeyenberg_Steven_1973",150
"NL_NT-TK_2012",2012-09-21,"NL_Venrooy-vanArk_Tamara_1974",150
"NL_NT-TK_2012",2012-09-21,"NL_Verheijen_Mark_1976",150
"NL_NT-TK_2012",2012-09-21,"NL_Verhoeven_Kees_1976",150
"NL_NT-TK_2012",2012-09-21,"NL_Vermeij_Roos_1968",150
"NL_NT-TK_2012",2012-09-21,"NL_Visser_Barbara_1977",150
"NL_NT-TK_2012",2012-09-21,"NL_Voordewind_Joel_1965",150
"NL_NT-TK_2012",2012-09-21,"NL_Vos_Jan_1972",150
"NL_NT-TK_2012",2012-09-21,"NL_Vos_Mei_1970",150
"NL_NT-TK_2012",2012-09-21,"NL_Weekers_Frans_1967",150
"NL_NT-TK_2012",2012-09-21,"NL_Wilders_Geert_1963",150
"NL_NT-TK_2012",2012-09-21,"NL_Wolbert_Agnes_1958",150
"NL_NT-TK_2012",2012-09-21,"NL_Ypma_Loes_1980",150
"NL_NT-TK_2012",2012-09-21,"NL_Yuecel_Keklik_1968",150
"NL_NT-TK_2012",2012-09-21,"NL_Ziengs_Erik_1960",150
"NL_NT-TK_2012",2012-09-21,"NL_Zijlstra_Halbe_1969",150
"NL_NT-TK_2017",2017-03-24,"NL_Agema_Fleur_1976",150
"NL_NT-TK_2017",2017-03-24,"NL_Amhaouch_Mustafa_1970",150
"NL_NT-TK_2017",2017-03-24,"NL_Arib_Khadija_1960",150
"NL_NT-TK_2017",2017-03-24,"NL_Arissen_Femke_1983",150
"NL_NT-TK_2017",2017-03-24,"NL_Asscher_Lodewijk_1974",150
"NL_NT-TK_2017",2017-03-24,"NL_Azarkan_Farid_1971",150
"NL_NT-TK_2017",2017-03-24,"NL_Azmani_Malik_1976",150
"NL_NT-TK_2017",2017-03-24,"NL_Baudet_Thierry_1983",150
"NL_NT-TK_2017",2017-03-24,"NL_Becker_Bente_1985",150
"NL_NT-TK_2017",2017-03-24,"NL_Beckerman_Sandra_1983",150
"NL_NT-TK_2017",2017-03-24,"NL_Beertema_Harm_1952",150
"NL_NT-TK_2017",2017-03-24,"NL_Belhaj_Salima_1978",150
"NL_NT-TK_2017",2017-03-24,"NL_Bergkamp_Vera_1971",150
"NL_NT-TK_2017",2017-03-24,"NL_Bisschop_Roelof_1956",150
"NL_NT-TK_2017",2017-03-24,"NL_Bosma_Martin_1964",150
"NL_NT-TK_2017",2017-03-24,"NL_Bosman_Andre_1965",150
"NL_NT-TK_2017",2017-03-24,"NL_Bouali_Achraf_1974",150
"NL_NT-TK_2017",2017-03-24,"NL_Bruins_Eppo_1969",150
"NL_NT-TK_2017",2017-03-24,"NL_Bruins_Hanke_1977",150
"NL_NT-TK_2017",2017-03-24,"NL_Buitenweg_Kathalijne_1970",150
"NL_NT-TK_2017",2017-03-24,"NL_deGraaf_Machiel_1969",150
"NL_NT-TK_2017",2017-03-24,"NL_deGroot_Tjeerd_1968",150
"NL_NT-TK_2017",2017-03-24,"NL_deJong_Leon_1982",150
"NL_NT-TK_2017",2017-03-24,"NL_deJonge_Corinne_1976",150
"NL_NT-TK_2017",2017-03-24,"NL_Dekker_Sander_1975",150
"NL_NT-TK_2017",2017-03-24,"NL_deRoon_Raymond_1952",150
"NL_NT-TK_2017",2017-03-24,"NL_deVries_Aukje_1964",150
"NL_NT-TK_2017",2017-03-24,"NL_Diertens_Antje_1958",150
"NL_NT-TK_2017",2017-03-24,"NL_Dijkgraaf_Elbert_1970",150
"NL_NT-TK_2017",2017-03-24,"NL_Dijkhoff_Klaas_1981",150
"NL_NT-TK_2017",2017-03-24,"NL_Dijksma_Sharon_1971",150
"NL_NT-TK_2017",2017-03-24,"NL_Dijkstra_Pia_1954",150
"NL_NT-TK_2017",2017-03-24,"NL_Dijkstra_Remco_1972",150
"NL_NT-TK_2017",2017-03-24,"NL_Dijsselbloem_Jeroen_1966",150
"NL_NT-TK_2017",2017-03-24,"NL_Dik_Carla_1971",150
"NL_NT-TK_2017",2017-03-24,"NL_Diks_Isabelle_1965",150
"NL_NT-TK_2017",2017-03-24,"NL_Duisenberg_Pieter_1967",150
"NL_NT-TK_2017",2017-03-24,"NL_Fritsma_Sietse_1972",150
"NL_NT-TK_2017",2017-03-24,"NL_Futselaar_Frank_1979",150
"NL_NT-TK_2017",2017-03-24,"NL_Gerbrands_Karen_1967",150
"NL_NT-TK_2017",2017-03-24,"NL_Geurts_Jaco_1970",150
"NL_NT-TK_2017",2017-03-24,"NL_Grashoff_Rik_1961",150
"NL_NT-TK_2017",2017-03-24,"NL_Graus_Dion_1967",150
"NL_NT-TK_2017",2017-03-24,"NL_Groothuizen_Maarten_1976",150
"NL_NT-TK_2017",2017-03-24,"NL_Harbers_Mark_1969",150
"NL_NT-TK_2017",2017-03-24,"NL_Heerma_Pieter_1977",150
"NL_NT-TK_2017",2017-03-24,"NL_Helder_Lilian_1973",150
"NL_NT-TK_2017",2017-03-24,"NL_Hennis_Jeanine_1973",150
"NL_NT-TK_2017",2017-03-24,"NL_Hermans_Sophie_1981",150
"NL_NT-TK_2017",2017-03-24,"NL_Hiddema_Theo_1944",150
"NL_NT-TK_2017",2017-03-24,"NL_Hijink_Maarten_1983",150
"NL_NT-TK_2017",2017-03-24,"NL_Jetten_Rob_1987",150
"NL_NT-TK_2017",2017-03-24,"NL_Karabulut_Sadet_1975",150
"NL_NT-TK_2017",2017-03-24,"NL_Keijzer_Mona_1968",150
"NL_NT-TK_2017",2017-03-24,"NL_Klaver_Jesse_1986",150
"NL_NT-TK_2017",2017-03-24,"NL_Knops_Raymond_1971",150
"NL_NT-TK_2017",2017-03-24,"NL_Koerhuis_Daniel_1981",150
"NL_NT-TK_2017",2017-03-24,"NL_Kooiman_Nine_1980",150
"NL_NT-TK_2017",2017-03-24,"NL_Koolmees_Wouter_1977",150
"NL_NT-TK_2017",2017-03-24,"NL_Koopmans_Sven_1973",150
"NL_NT-TK_2017",2017-03-24,"NL_Kops_Alexander_1984",150
"NL_NT-TK_2017",2017-03-24,"NL_Kroeger_Suzanne_1976",150
"NL_NT-TK_2017",2017-03-24,"NL_Krol_Henk_1950",150
"NL_NT-TK_2017",2017-03-24,"NL_Kuik_Anne_1987",150
"NL_NT-TK_2017",2017-03-24,"NL_Kuiken_Attje_1977",150
"NL_NT-TK_2017",2017-03-24,"NL_Kuzu_Tunahan_1981",150
"NL_NT-TK_2017",2017-03-24,"NL_Kwint_Peter_1984",150
"NL_NT-TK_2017",2017-03-24,"NL_La_Cem_1986",150
"NL_NT-TK_2017",2017-03-24,"NL_Lacin_Cem_1986",150
"NL_NT-TK_2017",2017-03-24,"NL_Leijten_Renske_1979",150
"NL_NT-TK_2017",2017-03-24,"NL_Lodders_Helma_1968",150
"NL_NT-TK_2017",2017-03-24,"NL_Madlener_Barry_1969",150
"NL_NT-TK_2017",2017-03-24,"NL_Maeijer_Vicky_1986",150
"NL_NT-TK_2017",2017-03-24,"NL_Marijnissen_Lilian_1985",150
"NL_NT-TK_2017",2017-03-24,"NL_Markuszower_Gidi_1977",150
"NL_NT-TK_2017",2017-03-24,"NL_Middendorp_Jan_1975",150
"NL_NT-TK_2017",2017-03-24,"NL_Mulder_Agnes_1973",150
"NL_NT-TK_2017",2017-03-24,"NL_Mulder_Anne_1969",150
"NL_NT-TK_2017",2017-03-24,"NL_Mulder_Edgar_1961",150
"NL_NT-TK_2017",2017-03-24,"NL_Nijboer_Henk_1983",150
"NL_NT-TK_2017",2017-03-24,"NL_Nijkerken_Chantal_1973",150
"NL_NT-TK_2017",2017-03-24,"NL_Oezdil_Zihni_1981",150
"NL_NT-TK_2017",2017-03-24,"NL_Oeztuerk_Selcuk_1972",150
"NL_NT-TK_2017",2017-03-24,"NL_Oezuetok_Nevin_1960",150
"NL_NT-TK_2017",2017-03-24,"NL_Omtzigt_Pieter_1974",150
"NL_NT-TK_2017",2017-03-24,"NL_Ouwehand_Esther_1976",150
"NL_NT-TK_2017",2017-03-24,"NL_Paternotte_Jan_1984",150
"NL_NT-TK_2017",2017-03-24,"NL_Pechtold_Alexander_1965",150
"NL_NT-TK_2017",2017-03-24,"NL_Peters_Rene_1975",150
"NL_NT-TK_2017",2017-03-24,"NL_Plasschaert_Jeanine_1973",150
"NL_NT-TK_2017",2017-03-24,"NL_Ploumen_Lilianne_1962",150
"NL_NT-TK_2017",2017-03-24,"NL_Popken_Gabrielle_1983",150
"NL_NT-TK_2017",2017-03-24,"NL_Raemakers_Rens_1991",150
"NL_NT-TK_2017",2017-03-24,"NL_Roemer_Emile_1962",150
"NL_NT-TK_2017",2017-03-24,"NL_Rog_Michel_1973",150
"NL_NT-TK_2017",2017-03-24,"NL_Ronnes_Erik_1967",150
"NL_NT-TK_2017",2017-03-24,"NL_Rutte_Arno_1972",150
"NL_NT-TK_2017",2017-03-24,"NL_Rutte_Mark_1967",150
"NL_NT-TK_2017",2017-03-24,"NL_Sazias_Leonie_1957",150
"NL_NT-TK_2017",2017-03-24,"NL_Schouten_Carola_1977",150
"NL_NT-TK_2017",2017-03-24,"NL_Segers_Gert_1969",150
"NL_NT-TK_2017",2017-03-24,"NL_Sjoerdsma_Sjoerd_1981",150
"NL_NT-TK_2017",2017-03-24,"NL_Snels_Bart_1966",150
"NL_NT-TK_2017",2017-03-24,"NL_Staaij_Kees_1968",150
"NL_NT-TK_2017",2017-03-24,"NL_Tellegen_Ockje_1974",150
"NL_NT-TK_2017",2017-03-24,"NL_tenBroeke_Han_1969",150
"NL_NT-TK_2017",2017-03-24,"NL_Thieme_Marianne_1972",150
"NL_NT-TK_2017",2017-03-24,"NL_vanAalst_Roy_1983",150
"NL_NT-TK_2017",2017-03-24,"NL_vanArk_Tamara_1974",150
"NL_NT-TK_2017",2017-03-24,"NL_vanBrenk_Corrie_1960",150
"NL_NT-TK_2017",2017-03-24,"NL_vanDam_Chris_1963",150
"NL_NT-TK_2017",2017-03-24,"NL_vandenBerg_Joba_1958",150
"NL_NT-TK_2017",2017-03-24,"NL_vandenBosch_Albert_1955",150
"NL_NT-TK_2017",2017-03-24,"NL_vandenHul_Kirsten_1976",150
"NL_NT-TK_2017",2017-03-24,"NL_vanderLee_Tom_1964",150
"NL_NT-TK_2017",2017-03-24,"NL_vanderMolen_Harry_1980",150
"NL_NT-TK_2017",2017-03-24,"NL_vanderStaaij_Kees_1968",150
"NL_NT-TK_2017",2017-03-24,"NL_vanDijck_Teun_1963",150
"NL_NT-TK_2017",2017-03-24,"NL_vanDijk_Gijs_1980",150
"NL_NT-TK_2017",2017-03-24,"NL_vanDijk_Jasper_1971",150
"NL_NT-TK_2017",2017-03-24,"NL_vanEijs_Jessica_1981",150
"NL_NT-TK_2017",2017-03-24,"NL_vanEngelshoven_Ingrid_1966",150
"NL_NT-TK_2017",2017-03-24,"NL_vanHaersma_Sybrand_1965",150
"NL_NT-TK_2017",2017-03-24,"NL_vanHelvert_Martijn_1978",150
"NL_NT-TK_2017",2017-03-24,"NL_vanKent_Bart_1983",150
"NL_NT-TK_2017",2017-03-24,"NL_vanMeenen_Paul_1956",150
"NL_NT-TK_2017",2017-03-24,"NL_vanNispen_Michiel_1982",150
"NL_NT-TK_2017",2017-03-24,"NL_vanOjik_Bram_1954",150
"NL_NT-TK_2017",2017-03-24,"NL_vanOosten_Foort_1977",150
"NL_NT-TK_2017",2017-03-24,"NL_vanRaak_Ronald_1969",150
"NL_NT-TK_2017",2017-03-24,"NL_vanRaan_Lammert_1962",150
"NL_NT-TK_2017",2017-03-24,"NL_vanRooijen_Martin_1942",150
"NL_NT-TK_2017",2017-03-24,"NL_vanTongeren_Liesbeth_1958",150
"NL_NT-TK_2017",2017-03-24,"NL_vanToorenburg_Madeleine_1968",150
"NL_NT-TK_2017",2017-03-24,"NL_vantWout_Bas_1979",150
"NL_NT-TK_2017",2017-03-24,"NL_vantWout_Bastiaan_1979",150
"NL_NT-TK_2017",2017-03-24,"NL_vanVeldhoven_Stientje_1973",150
"NL_NT-TK_2017",2017-03-24,"NL_vanWeerdenburg_Danai_1976",150
"NL_NT-TK_2017",2017-03-24,"NL_vanWeyenberg_Steven_1973",150
"NL_NT-TK_2017",2017-03-24,"NL_Venrooy-vanArk_Tamara_1974",150
"NL_NT-TK_2017",2017-03-24,"NL_Verhoeven_Kees_1976",150
"NL_NT-TK_2017",2017-03-24,"NL_Visser_Barbara_1977",150
"NL_NT-TK_2017",2017-03-24,"NL_vonMartels_Maurits_1960",150
"NL_NT-TK_2017",2017-03-24,"NL_Voordewind_Joel_1965",150
"NL_NT-TK_2017",2017-03-24,"NL_Voortman_Linda_1979",150
"NL_NT-TK_2017",2017-03-24,"NL_Wassenberg_Frank_1966",150
"NL_NT-TK_2017",2017-03-24,"NL_Westerveld_Lisa_1981",150
"NL_NT-TK_2017",2017-03-24,"NL_Weverling_Arne_1974",150
"NL_NT-TK_2017",2017-03-24,"NL_Wiersma_Dennis_1986",150
"NL_NT-TK_2017",2017-03-24,"NL_Wilders_Geert_1963",150
"NL_NT-TK_2017",2017-03-24,"NL_Woersdoerfer_Martin_1972",150
"NL_NT-TK_2017",2017-03-24,"NL_Yassini_Zohair_1979",150
"NL_NT-TK_2017",2017-03-24,"NL_Yesilgoez_Dilan_1977",150
"NL_NT-TK_2017",2017-03-24,"NL_Ziengs_Erik_1960",150
"NL_NT-TK_2021",2021-04-01,"NL_Aartsen_Thierry_1989",150
"NL_NT-TK_2021",2021-04-01,"NL_Agema_Fleur_1976",150
"NL_NT-TK_2021",2021-04-01,"NL_Alkaya_Mahir_1988",150
"NL_NT-TK_2021",2021-04-01,"NL_Amhaouch_Mustafa_1970",150
"NL_NT-TK_2021",2021-04-01,"NL_Arib_Khadija_1960",150
"NL_NT-TK_2021",2021-04-01,"NL_Azarkan_Farid_1971",150
"NL_NT-TK_2021",2021-04-01,"NL_Baudet_Thierry_1983",150
"NL_NT-TK_2021",2021-04-01,"NL_Becker_Bente_1985",150
"NL_NT-TK_2021",2021-04-01,"NL_Beckerman_Sandra_1983",150
"NL_NT-TK_2021",2021-04-01,"NL_Beertema_Harm_1952",150
"NL_NT-TK_2021",2021-04-01,"NL_Belhaj_Salima_1978",150
"NL_NT-TK_2021",2021-04-01,"NL_Bergkamp_Vera_1971",150
"NL_NT-TK_2021",2021-04-01,"NL_Bikker_Mirjam_1982",150
"NL_NT-TK_2021",2021-04-01,"NL_Bisschop_Roelof_1956",150
"NL_NT-TK_2021",2021-04-01,"NL_Bosma_Martin_1964",150
"NL_NT-TK_2021",2021-04-01,"NL_Boswijk_Derk_1989",150
"NL_NT-TK_2021",2021-04-01,"NL_Bouchallikht_Kauthar_1994",150
"NL_NT-TK_2021",2021-04-01,"NL_Boucke_Raoul_1975",150
"NL_NT-TK_2021",2021-04-01,"NL_Boulakjar_Faissal_1979",150
"NL_NT-TK_2021",2021-04-01,"NL_Brekelmans_Ruben_1986",150
"NL_NT-TK_2021",2021-04-01,"NL_Bromet_Laura_1970",150
"NL_NT-TK_2021",2021-04-01,"NL_Ceder_Don_1989",150
"NL_NT-TK_2021",2021-04-01,"NL_Dassen_Laurens_1985",150
"NL_NT-TK_2021",2021-04-01,"NL_deGraaf_Machiel_1969",150
"NL_NT-TK_2021",2021-04-01,"NL_deGroot_Peter_1980",150
"NL_NT-TK_2021",2021-04-01,"NL_deGroot_Tjeerd_1968",150
"NL_NT-TK_2021",2021-04-01,"NL_deHoop_Habtamu_1998",150
"NL_NT-TK_2021",2021-04-01,"NL_deJong_Leon_1982",150
"NL_NT-TK_2021",2021-04-01,"NL_deJong_Romke_1984",150
"NL_NT-TK_2021",2021-04-01,"NL_deJonge_Corinne_1976",150
"NL_NT-TK_2021",2021-04-01,"NL_deKort_Daan_1992",150
"NL_NT-TK_2021",2021-04-01,"NL_deNeef_Daan_1977",150
"NL_NT-TK_2021",2021-04-01,"NL_denHaan_Liane_1967",150
"NL_NT-TK_2021",2021-04-01,"NL_deRoon_Raymond_1952",150
"NL_NT-TK_2021",2021-04-01,"NL_deVries_Aukje_1964",150
"NL_NT-TK_2021",2021-04-01,"NL_Eerdmans_Joost_1971",150
"NL_NT-TK_2021",2021-04-01,"NL_Ellian_Ulysse_1988",150
"NL_NT-TK_2021",2021-04-01,"NL_Ephraim_Olaf_1965",150
"NL_NT-TK_2021",2021-04-01,"NL_Eppink_Derk_1958",150
"NL_NT-TK_2021",2021-04-01,"NL_Erkens_Silvio_1990",150
"NL_NT-TK_2021",2021-04-01,"NL_Fritsma_Sietse_1972",150
"NL_NT-TK_2021",2021-04-01,"NL_Geurts_Jaco_1970",150
"NL_NT-TK_2021",2021-04-01,"NL_Graus_Dion_1967",150
"NL_NT-TK_2021",2021-04-01,"NL_Grinwis_Pieter_1979",150
"NL_NT-TK_2021",2021-04-01,"NL_Guendogan_Niluefer_1977",150
"NL_NT-TK_2021",2021-04-01,"NL_Hagen_Kiki_1987",150
"NL_NT-TK_2021",2021-04-01,"NL_Hammelburg_Alexander_1982",150
"NL_NT-TK_2021",2021-04-01,"NL_Harbers_Mark_1969",150
"NL_NT-TK_2021",2021-04-01,"NL_Heerema_Rudmer_1978",150
"NL_NT-TK_2021",2021-04-01,"NL_Heerma_Pieter_1977",150
"NL_NT-TK_2021",2021-04-01,"NL_Heinen_Eelco_1981",150
"NL_NT-TK_2021",2021-04-01,"NL_Helder_Lilian_1973",150
"NL_NT-TK_2021",2021-04-01,"NL_Hermans_Sophie_1981",150
"NL_NT-TK_2021",2021-04-01,"NL_Hijink_Maarten_1983",150
"NL_NT-TK_2021",2021-04-01,"NL_Hoekstra_Wopke_1975",150
"NL_NT-TK_2021",2021-04-01,"NL_Idsinga_Folkert_1971",150
"NL_NT-TK_2021",2021-04-01,"NL_Jansen_Frederik_1992",150
"NL_NT-TK_2021",2021-04-01,"NL_Jetten_Rob_1987",150
"NL_NT-TK_2021",2021-04-01,"NL_Kaag_Sigrid_1961",150
"NL_NT-TK_2021",2021-04-01,"NL_Kamminga_Roelien_1978",150
"NL_NT-TK_2021",2021-04-01,"NL_Kat_Huelya_1983",150
"NL_NT-TK_2021",2021-04-01,"NL_Kathmann_Barbara_1978",150
"NL_NT-TK_2021",2021-04-01,"NL_Keijzer_Mona_1968",150
"NL_NT-TK_2021",2021-04-01,"NL_Kerseboom_Simone_1984",150
"NL_NT-TK_2021",2021-04-01,"NL_Klaver_Jesse_1986",150
"NL_NT-TK_2021",2021-04-01,"NL_Knops_Raymond_1971",150
"NL_NT-TK_2021",2021-04-01,"NL_Koekkoek_Marieke_1989",150
"NL_NT-TK_2021",2021-04-01,"NL_Koerhuis_Daniel_1981",150
"NL_NT-TK_2021",2021-04-01,"NL_Kops_Alexander_1984",150
"NL_NT-TK_2021",2021-04-01,"NL_Kuik_Anne_1987",150
"NL_NT-TK_2021",2021-04-01,"NL_Kuiken_Attje_1977",150
"NL_NT-TK_2021",2021-04-01,"NL_Kuzu_Tunahan_1981",150
"NL_NT-TK_2021",2021-04-01,"NL_Kwint_Peter_1984",150
"NL_NT-TK_2021",2021-04-01,"NL_Leijten_Renske_1979",150
"NL_NT-TK_2021",2021-04-01,"NL_Maatoug_Senna_1989",150
"NL_NT-TK_2021",2021-04-01,"NL_Madlener_Barry_1969",150
"NL_NT-TK_2021",2021-04-01,"NL_Maeijer_Vicky_1986",150
"NL_NT-TK_2021",2021-04-01,"NL_Marijnissen_Lilian_1985",150
"NL_NT-TK_2021",2021-04-01,"NL_Markuszower_Gidi_1977",150
"NL_NT-TK_2021",2021-04-01,"NL_Michon_Ingrid_1976",150
"NL_NT-TK_2021",2021-04-01,"NL_Minhas_Fahid_1988",150
"NL_NT-TK_2021",2021-04-01,"NL_Mulder_Agnes_1973",150
"NL_NT-TK_2021",2021-04-01,"NL_Mulder_Edgar_1961",150
"NL_NT-TK_2021",2021-04-01,"NL_Nijboer_Henk_1983",150
"NL_NT-TK_2021",2021-04-01,"NL_Omtzigt_Pieter_1974",150
"NL_NT-TK_2021",2021-04-01,"NL_Ouwehand_Esther_1976",150
"NL_NT-TK_2021",2021-04-01,"NL_Palland_Hilde_1979",150
"NL_NT-TK_2021",2021-04-01,"NL_Paternotte_Jan_1984",150
"NL_NT-TK_2021",2021-04-01,"NL_Paul_Marielle_1966",150
"NL_NT-TK_2021",2021-04-01,"NL_Peters_Rene_1975",150
"NL_NT-TK_2021",2021-04-01,"NL_Piri_Katalin_1979",150
"NL_NT-TK_2021",2021-04-01,"NL_Ploumen_Lilianne_1962",150
"NL_NT-TK_2021",2021-04-01,"NL_Raemakers_Rens_1991",150
"NL_NT-TK_2021",2021-04-01,"NL_Rajkowski_Queeny_1988",150
"NL_NT-TK_2021",2021-04-01,"NL_Rutte_Mark_1967",150
"NL_NT-TK_2021",2021-04-01,"NL_Schouten_Carola_1977",150
"NL_NT-TK_2021",2021-04-01,"NL_Segers_Gert_1969",150
"NL_NT-TK_2021",2021-04-01,"NL_Simons_Sylvana_1971",150
"NL_NT-TK_2021",2021-04-01,"NL_Sjoerdsma_Sjoerd_1981",150
"NL_NT-TK_2021",2021-04-01,"NL_Smeets_Sidney_1975",150
"NL_NT-TK_2021",2021-04-01,"NL_Smolders_Henricus_1960",150
"NL_NT-TK_2021",2021-04-01,"NL_Sneller_Joost_1982",150
"NL_NT-TK_2021",2021-04-01,"NL_Snels_Bart_1966",150
"NL_NT-TK_2021",2021-04-01,"NL_Staaij_Kees_1968",150
"NL_NT-TK_2021",2021-04-01,"NL_Stoffer_Chris_1974",150
"NL_NT-TK_2021",2021-04-01,"NL_Tellegen_Ockje_1974",150
"NL_NT-TK_2021",2021-04-01,"NL_Teunissen_Christine_1985",150
"NL_NT-TK_2021",2021-04-01,"NL_Thijssen_Joris_1974",150
"NL_NT-TK_2021",2021-04-01,"NL_Tielen_Judith_1972",150
"NL_NT-TK_2021",2021-04-01,"NL_Valstar_Peter_1985",150
"NL_NT-TK_2021",2021-04-01,"NL_vanArk_Tamara_1974",150
"NL_NT-TK_2021",2021-04-01,"NL_vanBaarle_Stephan_1991",150
"NL_NT-TK_2021",2021-04-01,"NL_vanCampen_Thom_1990",150
"NL_NT-TK_2021",2021-04-01,"NL_vandenHil_Jacqueline_1968",150
"NL_NT-TK_2021",2021-04-01,"NL_vanderLaan_Jeanet_1980",150
"NL_NT-TK_2021",2021-04-01,"NL_vanderLee_Tom_1964",150
"NL_NT-TK_2021",2021-04-01,"NL_vanderMolen_Harry_1980",150
"NL_NT-TK_2021",2021-04-01,"NL_vanderPlas_Caroline_1967",150
"NL_NT-TK_2021",2021-04-01,"NL_vanderWerf_Johanna_1984",150
"NL_NT-TK_2021",2021-04-01,"NL_vanderWoude_Hatte_1969",150
"NL_NT-TK_2021",2021-04-01,"NL_vanDijck_Teun_1963",150
"NL_NT-TK_2021",2021-04-01,"NL_vanDijk_Gijs_1980",150
"NL_NT-TK_2021",2021-04-01,"NL_vanDijk_Inge_1975",150
"NL_NT-TK_2021",2021-04-01,"NL_vanDijk_Jasper_1971",150
"NL_NT-TK_2021",2021-04-01,"NL_vanEsch_Eva_1986",150
"NL_NT-TK_2021",2021-04-01,"NL_vanGinneken_Lisa_1972",150
"NL_NT-TK_2021",2021-04-01,"NL_vanHaga_Wybren_1967",150
"NL_NT-TK_2021",2021-04-01,"NL_vanHouwelingen_Pepijn_1980",150
"NL_NT-TK_2021",2021-04-01,"NL_vanKent_Bart_1983",150
"NL_NT-TK_2021",2021-04-01,"NL_vanMeenen_Paul_1956",150
"NL_NT-TK_2021",2021-04-01,"NL_vanMeijeren_Gideon_1988",150
"NL_NT-TK_2021",2021-04-01,"NL_vanNispen_Michiel_1982",150
"NL_NT-TK_2021",2021-04-01,"NL_vanRaan_Lammert_1962",150
"NL_NT-TK_2021",2021-04-01,"NL_vanStrien_Pim_1977",150
"NL_NT-TK_2021",2021-04-01,"NL_vantWout_Bastiaan_1979",150
"NL_NT-TK_2021",2021-04-01,"NL_vanWeerdenburg_Danai_1976",150
"NL_NT-TK_2021",2021-04-01,"NL_vanWeyenberg_Steven_1973",150
"NL_NT-TK_2021",2021-04-01,"NL_vanWijngaarden_Jeroen_1978",150
"NL_NT-TK_2021",2021-04-01,"NL_Verweij_Nicki_1991",150
"NL_NT-TK_2021",2021-04-01,"NL_Vestering_Leonie_1984",150
"NL_NT-TK_2021",2021-04-01,"NL_Vijlbrief_Hans_1963",150
"NL_NT-TK_2021",2021-04-01,"NL_Wassenberg_Frank_1966",150
"NL_NT-TK_2021",2021-04-01,"NL_Werner_Lucille_1967",150
"NL_NT-TK_2021",2021-04-01,"NL_Westerveld_Lisa_1981",150
"NL_NT-TK_2021",2021-04-01,"NL_Wiersma_Dennis_1986",150
"NL_NT-TK_2021",2021-04-01,"NL_Wilders_Geert_1963",150
"NL_NT-TK_2021",2021-04-01,"NL_Wuite_Jorien_1964",150
"NL_NT-TK_2021",2021-04-01,"NL_Yassini_Zohair_1979",150
"NL_NT-TK_2021",2021-04-01,"NL_Yesilgoez_Dilan_1977",150
"NL_NT-TK_2023",2023-12-07,"NL_Aardema_Max_1963",150
"NL_NT-TK_2023",2023-12-07,"NL_Aartsen_Thierry_1989",150
"NL_NT-TK_2023",2023-12-07,"NL_Agema_Fleur_1976",150
"NL_NT-TK_2023",2023-12-07,"NL_Bamenga_Mpanzu_1985",150
"NL_NT-TK_2023",2023-12-07,"NL_Baudet_Thierry_1983",150
"NL_NT-TK_2023",2023-12-07,"NL_Becker_Bente_1985",150
"NL_NT-TK_2023",2023-12-07,"NL_Beckerman_Sandra_1983",150
"NL_NT-TK_2023",2023-12-07,"NL_Bikker_Mirjam_1982",150
"NL_NT-TK_2023",2023-12-07,"NL_Blaauw_Reinder_1994",150
"NL_NT-TK_2023",2023-12-07,"NL_Bontenbal_Henri_1982",150
"NL_NT-TK_2023",2023-12-07,"NL_Boon_Maikel_1982",150
"NL_NT-TK_2023",2023-12-07,"NL_Bosma_Martin_1964",150
"NL_NT-TK_2023",2023-12-07,"NL_Boswijk_Derk_1989",150
"NL_NT-TK_2023",2023-12-07,"NL_Boutkan_Willem_1955",150
"NL_NT-TK_2023",2023-12-07,"NL_Brekelmans_Ruben_1986",150
"NL_NT-TK_2023",2023-12-07,"NL_Bromet_Laura_1970",150
"NL_NT-TK_2023",2023-12-07,"NL_Bruyning_Faith_1988",150
"NL_NT-TK_2023",2023-12-07,"NL_Bushoff_Julian_1997",150
"NL_NT-TK_2023",2023-12-07,"NL_Ceder_Don_1989",150
"NL_NT-TK_2023",2023-12-07,"NL_Chakor_Glimina_1976",150
"NL_NT-TK_2023",2023-12-07,"NL_Claassen_Ren_1971",150
"NL_NT-TK_2023",2023-12-07,"NL_Crijns_Patrick_1984",150
"NL_NT-TK_2023",2023-12-07,"NL_Dassen_Laurens_1985",150
"NL_NT-TK_2023",2023-12-07,"NL_Deen_Marco_1968",150
"NL_NT-TK_2023",2023-12-07,"NL_deGroot_Peter_1980",150
"NL_NT-TK_2023",2023-12-07,"NL_deHoop_Habtamu_1998",150
"NL_NT-TK_2023",2023-12-07,"NL_deJong_Leon_1982",150
"NL_NT-TK_2023",2023-12-07,"NL_deKort_Daan_1992",150
"NL_NT-TK_2023",2023-12-07,"NL_deRoon_Raymond_1952",150
"NL_NT-TK_2023",2023-12-07,"NL_deVree_Henk_1954",150
"NL_NT-TK_2023",2023-12-07,"NL_deVries_Aukje_1964",150
"NL_NT-TK_2023",2023-12-07,"NL_Dijk_Jimmy_1985",150
"NL_NT-TK_2023",2023-12-07,"NL_Eerdmans_Joost_1971",150
"NL_NT-TK_2023",2023-12-07,"NL_elAbassi_Ismail_1983",150
"NL_NT-TK_2023",2023-12-07,"NL_Ellian_Ulysse_1988",150
"NL_NT-TK_2023",2023-12-07,"NL_Ergin_Do_1992",150
"NL_NT-TK_2023",2023-12-07,"NL_Erkens_Silvio_1990",150
"NL_NT-TK_2023",2023-12-07,"NL_Esser_Eric_1985",150
"NL_NT-TK_2023",2023-12-07,"NL_Faber_Marjolein_1960",150
"NL_NT-TK_2023",2023-12-07,"NL_Flach_Andr_1976",150
"NL_NT-TK_2023",2023-12-07,"NL_Gabriels_Geert_1979",150
"NL_NT-TK_2023",2023-12-07,"NL_Graus_Dion_1967",150
"NL_NT-TK_2023",2023-12-07,"NL_Grinwis_Pieter_1979",150
"NL_NT-TK_2023",2023-12-07,"NL_Heinen_Eelco_1981",150
"NL_NT-TK_2023",2023-12-07,"NL_Helder_Lilian_1973",150
"NL_NT-TK_2023",2023-12-07,"NL_Hermans_Sophie_1981",150
"NL_NT-TK_2023",2023-12-07,"NL_Hertzberger_Rosanne_1984",150
"NL_NT-TK_2023",2023-12-07,"NL_Heutink_Hidde_1993",150
"NL_NT-TK_2023",2023-12-07,"NL_Hirsch_Dani_1968",150
"NL_NT-TK_2023",2023-12-07,"NL_Holman_Harm_1957",150
"NL_NT-TK_2023",2023-12-07,"NL_Idsinga_Folkert_1971",150
"NL_NT-TK_2023",2023-12-07,"NL_Jansen_Dani_1970",150
"NL_NT-TK_2023",2023-12-07,"NL_Jansen_Frederik_1992",150
"NL_NT-TK_2023",2023-12-07,"NL_Jetten_Rob_1987",150
"NL_NT-TK_2023",2023-12-07,"NL_Joseph_Agnes_1980",150
"NL_NT-TK_2023",2023-12-07,"NL_Kahraman_Isa_1974",150
"NL_NT-TK_2023",2023-12-07,"NL_Kamminga_Roelien_1978",150
"NL_NT-TK_2023",2023-12-07,"NL_Kathmann_Barbara_1978",150
"NL_NT-TK_2023",2023-12-07,"NL_Keijzer_Mona_1968",150
"NL_NT-TK_2023",2023-12-07,"NL_Kisteman_Arend_1984",150
"NL_NT-TK_2023",2023-12-07,"NL_Klaver_Jesse_1986",150
"NL_NT-TK_2023",2023-12-07,"NL_Koekkoek_Marieke_1989",150
"NL_NT-TK_2023",2023-12-07,"NL_Kops_Alexander_1984",150
"NL_NT-TK_2023",2023-12-07,"NL_Kostic_Ines_1984",150
"NL_NT-TK_2023",2023-12-07,"NL_Kroeger_Suzanne_1976",150
"NL_NT-TK_2023",2023-12-07,"NL_Krul_Marinus_1994",150
"NL_NT-TK_2023",2023-12-07,"NL_Lahlah_Esmah_1979",150
"NL_NT-TK_2023",2023-12-07,"NL_Maatoug_Senna_1989",150
"NL_NT-TK_2023",2023-12-07,"NL_Madlener_Barry_1969",150
"NL_NT-TK_2023",2023-12-07,"NL_Maeijer_Vicky_1986",150
"NL_NT-TK_2023",2023-12-07,"NL_Marijnissen_Lilian_1985",150
"NL_NT-TK_2023",2023-12-07,"NL_Markuszower_Gidi_1977",150
"NL_NT-TK_2023",2023-12-07,"NL_Martens_Claire_1987",150
"NL_NT-TK_2023",2023-12-07,"NL_Meulenkamp_Wim_1975",150
"NL_NT-TK_2023",2023-12-07,"NL_Michon_Ingrid_1976",150
"NL_NT-TK_2023",2023-12-07,"NL_Mohandis_Mohammed_1985",150
"NL_NT-TK_2023",2023-12-07,"NL_Mooiman_Jeremy_1995",150
"NL_NT-TK_2023",2023-12-07,"NL_Mulder_Edgar_1961",150
"NL_NT-TK_2023",2023-12-07,"NL_Mutluer_Songuel_1979",150
"NL_NT-TK_2023",2023-12-07,"NL_Nijhof_Jeanet_1962",150
"NL_NT-TK_2023",2023-12-07,"NL_Nordkamp_Jimme_1996",150
"NL_NT-TK_2023",2023-12-07,"NL_Omtzigt_Pieter_1974",150
"NL_NT-TK_2023",2023-12-07,"NL_Ouwehand_Esther_1976",150
"NL_NT-TK_2023",2023-12-07,"NL_Palmen_Sandra_1972",150
"NL_NT-TK_2023",2023-12-07,"NL_Paternotte_Jan_1984",150
"NL_NT-TK_2023",2023-12-07,"NL_Patijn_Mariette_1966",150
"NL_NT-TK_2023",2023-12-07,"NL_Paul_Marielle_1966",150
"NL_NT-TK_2023",2023-12-07,"NL_Paulusma_Wieke_1978",150
"NL_NT-TK_2023",2023-12-07,"NL_Pierik_Cor_1965",150
"NL_NT-TK_2023",2023-12-07,"NL_Pijpelink_Anita_1974",150
"NL_NT-TK_2023",2023-12-07,"NL_Piri_Katalin_1979",150
"NL_NT-TK_2023",2023-12-07,"NL_Podt_Anne_1975",150
"NL_NT-TK_2023",2023-12-07,"NL_Pool_Joeri_1993",150
"NL_NT-TK_2023",2023-12-07,"NL_Postma_Wytske_1977",150
"NL_NT-TK_2023",2023-12-07,"NL_Rajkowski_Queeny_1988",150
"NL_NT-TK_2023",2023-12-07,"NL_Ram_Dennis_1974",150
"NL_NT-TK_2023",2023-12-07,"NL_Rooderkerk_Ilana_1987",150
"NL_NT-TK_2023",2023-12-07,"NL_Six_Jesse_1994",150
"NL_NT-TK_2023",2023-12-07,"NL_Slagt_Elke_1977",150
"NL_NT-TK_2023",2023-12-07,"NL_Smitskam_Peter_1958",150
"NL_NT-TK_2023",2023-12-07,"NL_Sneller_Joost_1982",150
"NL_NT-TK_2023",2023-12-07,"NL_Soepboer_Jelle_1989",150
"NL_NT-TK_2023",2023-12-07,"NL_Stoffer_Chris_1974",150
"NL_NT-TK_2023",2023-12-07,"NL_Stultiens_Luc_1993",150
"NL_NT-TK_2023",2023-12-07,"NL_Teunissen_Christine_1985",150
"NL_NT-TK_2023",2023-12-07,"NL_Thijssen_Joris_1974",150
"NL_NT-TK_2023",2023-12-07,"NL_Tielen_Judith_1972",150
"NL_NT-TK_2023",2023-12-07,"NL_Timmermans_Frans_1961",150
"NL_NT-TK_2023",2023-12-07,"NL_Tseggai_Mikal_1995",150
"NL_NT-TK_2023",2023-12-07,"NL_Tuinman_Gijs_1979",150
"NL_NT-TK_2023",2023-12-07,"NL_Uitermark_Judith_1971",150
"NL_NT-TK_2023",2023-12-07,"NL_Valize_Jan_1982",150
"NL_NT-TK_2023",2023-12-07,"NL_vanBaarle_Stephan_1991",150
"NL_NT-TK_2023",2023-12-07,"NL_vanCampen_Thom_1990",150
"NL_NT-TK_2023",2023-12-07,"NL_vandenBorn_Vincent_1967",150
"NL_NT-TK_2023",2023-12-07,"NL_vanderBurg_Eric_1965",150
"NL_NT-TK_2023",2023-12-07,"NL_vanderHoeff_Patrick_1975",150
"NL_NT-TK_2023",2023-12-07,"NL_vanderLee_Tom_1964",150
"NL_NT-TK_2023",2023-12-07,"NL_vanderPlas_Caroline_1967",150
"NL_NT-TK_2023",2023-12-07,"NL_vanderVelde_Martine_1989",150
"NL_NT-TK_2023",2023-12-07,"NL_vanderWal_Christianne_1973",150
"NL_NT-TK_2023",2023-12-07,"NL_vanderWerf_Johanna_1984",150
"NL_NT-TK_2023",2023-12-07,"NL_vanDijck_Teun_1963",150
"NL_NT-TK_2023",2023-12-07,"NL_vanDijk_Diederik_1971",150
"NL_NT-TK_2023",2023-12-07,"NL_vanDijk_Emiel_1985",150
"NL_NT-TK_2023",2023-12-07,"NL_vanDijk_Inge_1975",150
"NL_NT-TK_2023",2023-12-07,"NL_vanDijk_Olger_1979",150
"NL_NT-TK_2023",2023-12-07,"NL_vanEijk_Wendy_1973",150
"NL_NT-TK_2023",2023-12-07,"NL_vanHaasen_Peter_1960",150
"NL_NT-TK_2023",2023-12-07,"NL_vanHijum_Eddy_1972",150
"NL_NT-TK_2023",2023-12-07,"NL_vanKent_Bart_1983",150
"NL_NT-TK_2023",2023-12-07,"NL_vanMeetelen_Rachel_1975",150
"NL_NT-TK_2023",2023-12-07,"NL_vanMeijeren_Gideon_1988",150
"NL_NT-TK_2023",2023-12-07,"NL_vanNispen_Michiel_1982",150
"NL_NT-TK_2023",2023-12-07,"NL_vanOostenbruggen_Tjebbe_1979",150
"NL_NT-TK_2023",2023-12-07,"NL_vanVroonhoven_Nicolien_1971",150
"NL_NT-TK_2023",2023-12-07,"NL_vanZanten_Claudia_1978",150
"NL_NT-TK_2023",2023-12-07,"NL_Vedder_Eline_1979",150
"NL_NT-TK_2023",2023-12-07,"NL_Veldkamp_Caspar_1964",150
"NL_NT-TK_2023",2023-12-07,"NL_Veltman_Hester_1973",150
"NL_NT-TK_2023",2023-12-07,"NL_Vermeer_Henk_1966",150
"NL_NT-TK_2023",2023-12-07,"NL_Vijlbrief_Hans_1963",150
"NL_NT-TK_2023",2023-12-07,"NL_Vlottes_Elmar_1989",150
"NL_NT-TK_2023",2023-12-07,"NL_Vondeling_Marina_1986",150
"NL_NT-TK_2023",2023-12-07,"NL_Welzijn_Merlien_1973",150
"NL_NT-TK_2023",2023-12-07,"NL_Westerveld_Lisa_1981",150
"NL_NT-TK_2023",2023-12-07,"NL_White_Raoul_1972",150
"NL_NT-TK_2023",2023-12-07,"NL_Wilders_Geert_1963",150
"NL_NT-TK_2023",2023-12-07,"NL_Yesilgoez_Dilan_1977",150
"NL_NT-TK_2023",2023-12-07,"NL_Zeedijk_Femke_1974",150
